sorting,domain,item_picture,basic_level_concept,basic_level_concept_prod_freq,superordinate_category,superordinate_category_prod_freq,feature_name,feature_sensorimotor_dominant,feature_prod_freq,feature_occ,feature_total_prod_freq,feature_distinct,feature_cv
a000012,nonliving,accordion,accordion,90,instrument,86,bellow,auditory,5,1,5,1.000,1.000
a000007,nonliving,accordion,accordion,90,instrument,86,button,haptic,7,21,296,0.048,0.024
a000024,nonliving,accordion,accordion,90,instrument,86,difficult,visual,3,7,9,0.143,0.333
a000023,nonliving,accordion,accordion,90,instrument,86,flex,visual,3,37,89,0.027,0.034
a000016,nonliving,accordion,accordion,90,instrument,86,fold,visual,4,11,51,0.091,0.078
a000022,nonliving,accordion,accordion,90,instrument,86,fun,interoceptive,3,52,219,0.019,0.014
a000006,nonliving,accordion,accordion,90,instrument,86,heavy,haptic,7,109,772,0.009,0.009
a000021,nonliving,accordion,accordion,90,instrument,86,instrument,auditory,3,7,13,0.143,0.231
a000001,nonliving,accordion,accordion,90,instrument,86,key,visual,36,10,161,0.100,0.224
a000011,nonliving,accordion,accordion,90,instrument,86,keyboard,haptic,5,1,5,1.000,1.000
a000010,nonliving,accordion,accordion,90,instrument,86,large,visual,5,122,864,0.008,0.006
a000015,nonliving,accordion,accordion,90,instrument,86,long,visual,4,128,1235,0.008,0.003
a000003,nonliving,accordion,accordion,90,instrument,86,loud,auditory,31,62,595,0.016,0.052
a000002,nonliving,accordion,accordion,90,instrument,86,music,auditory,31,15,301,0.067,0.103
a000009,nonliving,accordion,accordion,90,instrument,86,noise,auditory,6,53,121,0.019,0.050
a000014,nonliving,accordion,accordion,90,instrument,86,note,visual,4,8,14,0.125,0.286
a000020,nonliving,accordion,accordion,90,instrument,86,old,visual,3,65,179,0.015,0.017
a000019,nonliving,accordion,accordion,90,instrument,86,piano,auditory,3,1,3,1.000,1.000
a000008,nonliving,accordion,accordion,90,instrument,86,play,visual,6,34,138,0.029,0.043
a000018,nonliving,accordion,accordion,90,instrument,86,song,auditory,3,13,31,0.077,0.097
a000004,nonliving,accordion,accordion,90,instrument,86,sound,auditory,14,20,154,0.050,0.091
a000005,nonliving,accordion,accordion,90,instrument,86,squeeze,haptic,8,4,14,0.250,0.571
a000013,nonliving,accordion,accordion,90,instrument,86,stretch,interoceptive,4,8,17,0.125,0.235
a000017,nonliving,accordion,accordion,90,instrument,86,weird,interoceptive,3,6,12,0.167,0.250
a000121,nonliving,airplane,plane,93,transport,47,big,visual,4,116,414,0.009,0.010
a000124,nonliving,airplane,plane,93,transport,47,cabin,visual,3,5,9,0.200,0.333
a000114,nonliving,airplane,plane,93,transport,47,cockpit,visual,7,2,12,0.500,0.583
a000108,nonliving,airplane,plane,93,transport,47,engine,auditory,19,7,69,0.143,0.275
a000110,nonliving,airplane,plane,93,transport,47,fast,visual,16,86,614,0.012,0.026
a000105,nonliving,airplane,plane,93,transport,47,fly,visual,43,26,355,0.038,0.121
a000116,nonliving,airplane,plane,93,transport,47,heavy,haptic,6,109,772,0.009,0.008
a000115,nonliving,airplane,plane,93,transport,47,huge,visual,6,18,53,0.056,0.113
a000118,nonliving,airplane,plane,93,transport,47,jet,visual,5,1,5,1.000,1.000
a000107,nonliving,airplane,plane,93,transport,47,large,visual,23,122,864,0.008,0.027
a000123,nonliving,airplane,plane,93,transport,47,long,visual,3,128,1235,0.008,0.002
a000111,nonliving,airplane,plane,93,transport,47,loud,auditory,9,62,595,0.016,0.015
a000109,nonliving,airplane,plane,93,transport,47,metal,visual,16,100,2252,0.010,0.007
a000120,nonliving,airplane,plane,93,transport,47,pilot,visual,4,2,8,0.500,0.500
a000122,nonliving,airplane,plane,93,transport,47,power,visual,3,35,110,0.029,0.027
a000112,nonliving,airplane,plane,93,transport,47,sky,visual,8,10,53,0.100,0.151
a000119,nonliving,airplane,plane,93,transport,47,transport,visual,4,21,69,0.048,0.058
a000113,nonliving,airplane,plane,93,transport,47,travel,visual,7,18,60,0.056,0.117
a000117,nonliving,airplane,plane,93,transport,47,window,visual,5,13,117,0.077,0.043
a000106,nonliving,airplane,plane,93,transport,47,wing,visual,42,20,403,0.050,0.104
a000201,living,alligator,alligator,83,animal,57,aggressive,interoceptive,3,25,42,0.040,0.071
a000214,living,alligator,alligator,83,animal,57,aquatic,visual,3,11,43,0.091,0.070
a000200,living,alligator,alligator,83,animal,57,claw,visual,3,20,142,0.050,0.021
a000184,living,alligator,alligator,83,animal,57,danger,interoceptive,17,53,274,0.019,0.062
a000199,living,alligator,alligator,83,animal,57,dead,visual,3,11,24,0.091,0.125
a000198,living,alligator,alligator,83,animal,57,dinosaur,visual,3,3,5,0.333,0.600
a000197,living,alligator,alligator,83,animal,57,eye,visual,3,51,201,0.020,0.015
a000190,living,alligator,alligator,83,animal,57,fast,visual,6,86,614,0.012,0.010
a000196,living,alligator,alligator,83,animal,57,florida,NA,3,2,4,0.500,0.750
a000182,living,alligator,alligator,83,animal,57,green,visual,31,37,826,0.027,0.038
a000188,living,alligator,alligator,83,animal,57,large,visual,8,122,864,0.008,0.009
a000195,living,alligator,alligator,83,animal,57,leather,visual,3,27,336,0.037,0.009
a000185,living,alligator,alligator,83,animal,57,long,visual,14,128,1235,0.008,0.011
a000189,living,alligator,alligator,83,animal,57,reptile,visual,7,4,19,0.250,0.368
a000180,living,alligator,alligator,83,animal,57,scale,visual,47,14,134,0.071,0.351
a000192,living,alligator,alligator,83,animal,57,snout,visual,4,13,43,0.077,0.093
a000186,living,alligator,alligator,83,animal,57,strong,visual,9,72,310,0.014,0.029
a000187,living,alligator,alligator,83,animal,57,swamp,visual,8,3,11,0.333,0.727
a000194,living,alligator,alligator,83,animal,57,swim,haptic,3,11,114,0.091,0.026
a000183,living,alligator,alligator,83,animal,57,tail,visual,28,41,643,0.024,0.044
a000181,living,alligator,alligator,83,animal,57,tooth,haptic,31,25,179,0.040,0.173
a000193,living,alligator,alligator,83,animal,57,tough,haptic,3,26,47,0.038,0.064
a000191,living,alligator,alligator,83,animal,57,water,visual,4,45,322,0.022,0.012
a000270,nonliving,anchor,anchor,97,tool,33,big,visual,3,116,414,0.009,0.007
a000250,nonliving,anchor,anchor,97,tool,33,boat,visual,13,3,16,0.333,0.813
a000269,nonliving,anchor,anchor,97,tool,33,gray,visual,3,39,149,0.026,0.020
a000263,nonliving,anchor,anchor,97,tool,33,hard,haptic,4,139,560,0.007,0.007
a000248,nonliving,anchor,anchor,97,tool,33,heavy,haptic,72,109,772,0.009,0.093
a000259,nonliving,anchor,anchor,97,tool,33,hold,haptic,5,56,176,0.018,0.028
a000258,nonliving,anchor,anchor,97,tool,33,hook,visual,5,11,33,0.091,0.152
a000257,nonliving,anchor,anchor,97,tool,33,iron,visual,5,19,65,0.053,0.077
a000251,nonliving,anchor,anchor,97,tool,33,large,visual,12,122,864,0.008,0.014
a000249,nonliving,anchor,anchor,97,tool,33,metal,visual,58,100,2252,0.010,0.026
a000256,nonliving,anchor,anchor,97,tool,33,ocean,visual,6,6,38,0.167,0.158
a000268,nonliving,anchor,anchor,97,tool,33,point,visual,3,38,307,0.026,0.010
a000262,nonliving,anchor,anchor,97,tool,33,ring,visual,4,19,85,0.053,0.047
a000267,nonliving,anchor,anchor,97,tool,33,rope,visual,3,6,39,0.167,0.077
a000266,nonliving,anchor,anchor,97,tool,33,sail,visual,3,3,65,0.333,0.046
a000261,nonliving,anchor,anchor,97,tool,33,sea,visual,4,12,42,0.083,0.095
a000260,nonliving,anchor,anchor,97,tool,33,sharp,haptic,4,50,599,0.020,0.007
a000254,nonliving,anchor,anchor,97,tool,33,ship,visual,7,6,18,0.167,0.389
a000253,nonliving,anchor,anchor,97,tool,33,sink,visual,7,1,7,1.000,1.000
a000252,nonliving,anchor,anchor,97,tool,33,stop,visual,8,4,22,0.250,0.364
a000265,nonliving,anchor,anchor,97,tool,33,useful,visual,3,164,392,0.006,0.008
a000264,nonliving,anchor,anchor,97,tool,33,water,visual,3,45,322,0.022,0.009
a000255,nonliving,anchor,anchor,97,tool,33,weight,visual,6,17,22,0.059,0.273
a000323,living,ant,ant,96,insect,86,antenna,visual,24,12,130,0.083,0.185
a000329,living,ant,ant,96,insect,86,bite,visual,8,14,33,0.071,0.242
a000324,living,ant,ant,96,insect,86,black,visual,18,58,247,0.017,0.073
a000332,living,ant,ant,96,insect,86,brown,visual,5,93,455,0.011,0.011
a000331,living,ant,ant,96,insect,86,colony,visual,5,3,7,0.333,0.714
a000340,living,ant,ant,96,insect,86,crawl,visual,3,10,45,0.100,0.067
a000327,living,ant,ant,96,insect,86,eye,visual,11,51,201,0.020,0.055
a000330,living,ant,ant,96,insect,86,fast,visual,7,86,614,0.012,0.011
a000322,living,ant,ant,96,insect,86,leg,visual,30,65,662,0.015,0.045
a000335,living,ant,ant,96,insect,86,numerous,visual,4,6,10,0.167,0.400
a000334,living,ant,ant,96,insect,86,pest,visual,4,11,25,0.091,0.160
a000339,living,ant,ant,96,insect,86,queen,visual,3,3,10,0.333,0.300
a000328,living,ant,ant,96,insect,86,red,visual,10,43,709,0.023,0.014
a000338,living,ant,ant,96,insect,86,segment,visual,3,13,28,0.077,0.107
a000321,living,ant,ant,96,insect,86,small,visual,43,180,1681,0.006,0.026
a000337,living,ant,ant,96,insect,86,social,visual,3,6,9,0.167,0.333
a000326,living,ant,ant,96,insect,86,strong,visual,14,72,310,0.014,0.045
a000336,living,ant,ant,96,insect,86,thorax,visual,3,4,6,0.250,0.500
a000325,living,ant,ant,96,insect,86,tiny,visual,15,24,71,0.042,0.211
a000333,living,ant,ant,96,insect,86,worker,visual,4,3,8,0.333,0.500
a000426,living,apple,apple,100,fruit,91,core,visual,3,3,6,0.333,0.500
a000410,living,apple,apple,100,fruit,91,crisp,haptic,14,16,70,0.063,0.200
a000414,living,apple,apple,100,fruit,91,crunch,auditory,10,19,123,0.053,0.081
a000425,living,apple,apple,100,fruit,91,delicious,gustatory,3,24,54,0.042,0.056
a000420,living,apple,apple,100,fruit,91,fruit,gustatory,4,15,51,0.067,0.078
a000411,living,apple,apple,100,fruit,91,green,visual,13,37,826,0.027,0.016
a000419,living,apple,apple,100,fruit,91,hard,haptic,4,139,560,0.007,0.007
a000416,living,apple,apple,100,fruit,91,health,interoceptive,7,33,155,0.030,0.045
a000407,living,apple,apple,100,fruit,91,juicy,gustatory,26,21,370,0.048,0.070
a000415,living,apple,apple,100,fruit,91,leaf,visual,7,17,173,0.059,0.040
a000424,living,apple,apple,100,fruit,91,nutritious,gustatory,3,19,51,0.053,0.059
a000417,living,apple,apple,100,fruit,91,pie,gustatory,5,5,20,0.200,0.250
a000405,living,apple,apple,100,fruit,91,red,visual,61,43,709,0.023,0.086
a000409,living,apple,apple,100,fruit,91,round,visual,18,120,1208,0.008,0.015
a000413,living,apple,apple,100,fruit,91,seed,visual,12,16,188,0.063,0.064
a000423,living,apple,apple,100,fruit,91,skin,haptic,3,37,242,0.027,0.012
a000422,living,apple,apple,100,fruit,91,smooth,haptic,3,166,381,0.006,0.008
a000408,living,apple,apple,100,fruit,91,stem,visual,19,31,270,0.032,0.070
a000406,living,apple,apple,100,fruit,91,sweet,gustatory,31,31,568,0.032,0.055
a000421,living,apple,apple,100,fruit,91,tart,gustatory,3,12,52,0.083,0.058
a000412,living,apple,apple,100,fruit,91,taste,gustatory,12,43,319,0.023,0.038
a000418,living,apple,apple,100,fruit,91,tree,visual,4,21,68,0.048,0.059
a000479,living,arm,arm,96,body,64,attach,visual,3,19,29,0.053,0.103
a000463,living,arm,arm,96,body,64,bend,visual,15,14,83,0.071,0.181
a000478,living,arm,arm,96,body,64,bicep,visual,3,1,3,1.000,1.000
a000474,living,arm,arm,96,body,64,bone,visual,4,12,45,0.083,0.089
a000458,living,arm,arm,96,body,64,elbow,haptic,31,1,31,1.000,1.000
a000459,living,arm,arm,96,body,64,finger,haptic,21,15,163,0.067,0.129
a000464,living,arm,arm,96,body,64,flesh,haptic,10,32,117,0.031,0.085
a000468,living,arm,arm,96,body,64,flex,visual,7,37,89,0.027,0.079
a000477,living,arm,arm,96,body,64,forearm,visual,3,1,3,1.000,1.000
a000476,living,arm,arm,96,body,64,grab,haptic,3,4,11,0.250,0.273
a000470,living,arm,arm,96,body,64,hair,visual,5,44,238,0.023,0.021
a000457,living,arm,arm,96,body,64,hand,visual,34,21,173,0.048,0.197
a000475,living,arm,arm,96,body,64,human,visual,3,18,46,0.056,0.065
a000465,living,arm,arm,96,body,64,joint,visual,9,9,41,0.111,0.220
a000469,living,arm,arm,96,body,64,lift,visual,6,7,12,0.143,0.500
a000473,living,arm,arm,96,body,64,limb,visual,4,5,8,0.200,0.500
a000460,living,arm,arm,96,body,64,long,visual,20,128,1235,0.008,0.016
a000461,living,arm,arm,96,body,64,muscle,visual,16,12,49,0.083,0.327
a000472,living,arm,arm,96,body,64,part,visual,4,7,13,0.143,0.308
a000471,living,arm,arm,96,body,64,reach,haptic,4,3,6,0.333,0.667
a000462,living,arm,arm,96,body,64,skin,haptic,15,37,242,0.027,0.062
a000467,living,arm,arm,96,body,64,strong,visual,7,72,310,0.014,0.023
a000466,living,arm,arm,96,body,64,wrist,visual,8,4,31,0.250,0.258
a000532,nonliving,arrow,arrow,98,sign,39,direct,auditory,51,3,58,0.333,0.879
a000547,nonliving,arrow,arrow,98,sign,39,draw,visual,4,7,17,0.143,0.235
a000554,nonliving,arrow,arrow,98,sign,39,go,visual,3,5,14,0.200,0.214
a000546,nonliving,arrow,arrow,98,sign,39,guide,visual,4,4,8,0.250,0.500
a000541,nonliving,arrow,arrow,98,sign,39,help,visual,5,42,57,0.024,0.088
a000553,nonliving,arrow,arrow,98,sign,39,information,auditory,3,5,15,0.200,0.200
a000540,nonliving,arrow,arrow,98,sign,39,instruction,auditory,5,1,5,1.000,1.000
a000533,nonliving,arrow,arrow,98,sign,39,left,visual,33,3,35,0.333,0.943
a000545,nonliving,arrow,arrow,98,sign,39,line,visual,4,18,32,0.056,0.125
a000536,nonliving,arrow,arrow,98,sign,39,long,visual,8,128,1235,0.008,0.006
a000531,nonliving,arrow,arrow,98,sign,39,point,visual,63,38,307,0.026,0.205
a000544,nonliving,arrow,arrow,98,sign,39,pointer,visual,4,2,9,0.500,0.444
a000534,nonliving,arrow,arrow,98,sign,39,pointy,haptic,10,44,210,0.023,0.048
a000535,nonliving,arrow,arrow,98,sign,39,rectangle,visual,9,46,215,0.022,0.042
a000552,nonliving,arrow,arrow,98,sign,39,right,visual,3,2,4,0.500,0.750
a000551,nonliving,arrow,arrow,98,sign,39,shape,visual,3,43,69,0.023,0.043
a000543,nonliving,arrow,arrow,98,sign,39,sharp,haptic,4,50,599,0.020,0.007
a000539,nonliving,arrow,arrow,98,sign,39,sign,visual,5,8,17,0.125,0.294
a000550,nonliving,arrow,arrow,98,sign,39,straight,visual,3,21,47,0.048,0.064
a000549,nonliving,arrow,arrow,98,sign,39,street,visual,3,3,7,0.333,0.429
a000537,nonliving,arrow,arrow,98,sign,39,triangle,visual,7,8,21,0.125,0.333
a000542,nonliving,arrow,arrow,98,sign,39,useful,visual,4,164,392,0.006,0.010
a000538,nonliving,arrow,arrow,98,sign,39,white,visual,5,74,534,0.014,0.009
a000548,nonliving,arrow,arrow,98,sign,39,yellow,visual,3,42,475,0.024,0.006
a000623,living,artichoke,artichoke,61,vegetable,57,beautiful,visual,3,54,131,0.019,0.023
a000622,living,artichoke,artichoke,61,vegetable,57,chew,visual,3,14,18,0.071,0.167
a000614,living,artichoke,artichoke,61,vegetable,57,eat,gustatory,4,41,122,0.024,0.033
a000611,living,artichoke,artichoke,61,vegetable,57,edible,gustatory,7,33,109,0.030,0.064
a000621,living,artichoke,artichoke,61,vegetable,57,fiber,visual,3,11,16,0.091,0.188
a000620,living,artichoke,artichoke,61,vegetable,57,garden,visual,3,15,34,0.067,0.088
a000600,living,artichoke,artichoke,61,vegetable,57,green,visual,71,37,826,0.027,0.086
a000619,living,artichoke,artichoke,61,vegetable,57,grow,visual,3,14,31,0.071,0.097
a000610,living,artichoke,artichoke,61,vegetable,57,hard,haptic,7,139,560,0.007,0.013
a000606,living,artichoke,artichoke,61,vegetable,57,health,interoceptive,9,33,155,0.030,0.058
a000604,living,artichoke,artichoke,61,vegetable,57,heart,interoceptive,11,5,15,0.200,0.733
a000618,living,artichoke,artichoke,61,vegetable,57,layer,visual,3,10,55,0.100,0.055
a000601,living,artichoke,artichoke,61,vegetable,57,leaf,visual,15,17,173,0.059,0.087
a000609,living,artichoke,artichoke,61,vegetable,57,leafy,visual,7,10,84,0.100,0.083
a000617,living,artichoke,artichoke,61,vegetable,57,pointy,haptic,3,44,210,0.023,0.014
a000616,living,artichoke,artichoke,61,vegetable,57,rough,haptic,3,33,83,0.030,0.036
a000602,living,artichoke,artichoke,61,vegetable,57,round,visual,13,120,1208,0.008,0.011
a000603,living,artichoke,artichoke,61,vegetable,57,small,visual,12,180,1681,0.006,0.007
a000615,living,artichoke,artichoke,61,vegetable,57,spiky,haptic,3,4,11,0.250,0.273
a000613,living,artichoke,artichoke,61,vegetable,57,spine,visual,4,9,44,0.111,0.091
a000608,living,artichoke,artichoke,61,vegetable,57,stem,visual,7,31,270,0.032,0.026
a000605,living,artichoke,artichoke,61,vegetable,57,taste,gustatory,10,43,319,0.023,0.031
a000607,living,artichoke,artichoke,61,vegetable,57,tough,haptic,7,26,47,0.038,0.149
a000612,living,artichoke,artichoke,61,vegetable,57,vegetable,gustatory,5,19,57,0.053,0.088
a000694,nonliving,ashtray,ashtray,60,tool,15,ash,visual,15,4,39,0.250,0.385
a000706,nonliving,ashtray,ashtray,60,tool,15,butt,visual,5,3,7,0.333,0.714
a000717,nonliving,ashtray,ashtray,60,tool,15,cigar,olfactory,3,1,3,1.000,1.000
a000696,nonliving,ashtray,ashtray,60,tool,15,cigarette,olfactory,14,2,15,0.500,0.933
a000716,nonliving,ashtray,ashtray,60,tool,15,container,visual,3,27,91,0.037,0.033
a000705,nonliving,ashtray,ashtray,60,tool,15,dirt,visual,6,35,117,0.029,0.051
a000715,nonliving,ashtray,ashtray,60,tool,15,fireproof,visual,3,3,6,0.333,0.500
a000704,nonliving,ashtray,ashtray,60,tool,15,flat,visual,6,67,308,0.015,0.019
a000692,nonliving,ashtray,ashtray,60,tool,15,glass,visual,28,22,473,0.045,0.059
a000712,nonliving,ashtray,ashtray,60,tool,15,groove,visual,4,8,22,0.125,0.182
a000701,nonliving,ashtray,ashtray,60,tool,15,hard,haptic,8,139,560,0.007,0.014
a000700,nonliving,ashtray,ashtray,60,tool,15,heavy,haptic,9,109,772,0.009,0.012
a000698,nonliving,ashtray,ashtray,60,tool,15,hold,haptic,12,56,176,0.018,0.068
a000703,nonliving,ashtray,ashtray,60,tool,15,hole,visual,6,29,163,0.034,0.037
a000714,nonliving,ashtray,ashtray,60,tool,15,hollow,visual,3,48,161,0.021,0.019
a000697,nonliving,ashtray,ashtray,60,tool,15,metal,visual,12,100,2252,0.010,0.005
a000711,nonliving,ashtray,ashtray,60,tool,15,notch,visual,4,7,15,0.143,0.267
a000710,nonliving,ashtray,ashtray,60,tool,15,open,visual,4,55,181,0.018,0.022
a000709,nonliving,ashtray,ashtray,60,tool,15,plastic,visual,4,52,306,0.019,0.013
a000702,nonliving,ashtray,ashtray,60,tool,15,round,visual,7,120,1208,0.008,0.006
a000695,nonliving,ashtray,ashtray,60,tool,15,small,visual,14,180,1681,0.006,0.008
a000708,nonliving,ashtray,ashtray,60,tool,15,smell,olfactory,4,44,248,0.023,0.016
a000699,nonliving,ashtray,ashtray,60,tool,15,smoke,olfactory,9,9,169,0.111,0.053
a000693,nonliving,ashtray,ashtray,60,tool,15,square,visual,23,29,127,0.034,0.181
a000713,nonliving,ashtray,ashtray,60,tool,15,trash,visual,3,5,22,0.200,0.136
a000707,nonliving,ashtray,ashtray,60,tool,15,useful,visual,4,164,392,0.006,0.010
a000805,living,asparagus,asparagus,83,vegetable,74,bitter,gustatory,5,10,30,0.100,0.167
a000812,living,asparagus,asparagus,83,vegetable,74,chew,visual,3,14,18,0.071,0.167
a000811,living,asparagus,asparagus,83,vegetable,74,crisp,haptic,3,16,70,0.063,0.043
a000804,living,asparagus,asparagus,83,vegetable,74,crunch,auditory,5,19,123,0.053,0.041
a000803,living,asparagus,asparagus,83,vegetable,74,edible,gustatory,5,33,109,0.030,0.046
a000802,living,asparagus,asparagus,83,vegetable,74,food,gustatory,5,57,212,0.018,0.024
a000792,living,asparagus,asparagus,83,vegetable,74,green,visual,83,37,826,0.027,0.100
a000800,living,asparagus,asparagus,83,vegetable,74,hard,haptic,6,139,560,0.007,0.011
a000794,living,asparagus,asparagus,83,vegetable,74,health,interoceptive,16,33,155,0.030,0.103
a000793,living,asparagus,asparagus,83,vegetable,74,long,visual,31,128,1235,0.008,0.025
a000810,living,asparagus,asparagus,83,vegetable,74,plant,visual,3,23,44,0.043,0.068
a000801,living,asparagus,asparagus,83,vegetable,74,pointy,haptic,5,44,210,0.023,0.024
a000806,living,asparagus,asparagus,83,vegetable,74,rough,haptic,4,33,83,0.030,0.048
a000809,living,asparagus,asparagus,83,vegetable,74,small,visual,3,180,1681,0.006,0.002
a000799,living,asparagus,asparagus,83,vegetable,74,smell,olfactory,6,44,248,0.023,0.024
a000795,living,asparagus,asparagus,83,vegetable,74,stalk,visual,9,10,44,0.100,0.205
a000808,living,asparagus,asparagus,83,vegetable,74,steam,visual,3,6,70,0.167,0.043
a000798,living,asparagus,asparagus,83,vegetable,74,stem,visual,6,31,270,0.032,0.022
a000797,living,asparagus,asparagus,83,vegetable,74,taste,gustatory,8,43,319,0.023,0.025
a000796,living,asparagus,asparagus,83,vegetable,74,thin,visual,8,71,281,0.014,0.028
a000807,living,asparagus,asparagus,83,vegetable,74,vegetable,gustatory,3,19,57,0.053,0.053
a000886,nonliving,axe,axe,91,tool,89,blade,visual,9,11,129,0.091,0.070
a000880,nonliving,axe,axe,91,tool,89,chop,visual,23,5,27,0.200,0.852
a000884,nonliving,axe,axe,91,tool,89,cut,haptic,13,16,154,0.063,0.084
a000885,nonliving,axe,axe,91,tool,89,danger,interoceptive,10,53,274,0.019,0.036
a000878,nonliving,axe,axe,91,tool,89,handle,haptic,34,65,1126,0.015,0.030
a000893,nonliving,axe,axe,91,tool,89,hard,haptic,3,139,560,0.007,0.005
a000892,nonliving,axe,axe,91,tool,89,head,visual,3,43,166,0.023,0.018
a000882,nonliving,axe,axe,91,tool,89,heavy,haptic,17,109,772,0.009,0.022
a000888,nonliving,axe,axe,91,tool,89,long,visual,5,128,1235,0.008,0.004
a000879,nonliving,axe,axe,91,tool,89,metal,visual,31,100,2252,0.010,0.014
a000877,nonliving,axe,axe,91,tool,89,sharp,haptic,66,50,599,0.020,0.110
a000891,nonliving,axe,axe,91,tool,89,split,visual,3,5,7,0.200,0.429
a000890,nonliving,axe,axe,91,tool,89,sturdy,visual,3,84,242,0.012,0.012
a000889,nonliving,axe,axe,91,tool,89,swing,visual,3,9,38,0.111,0.079
a000887,nonliving,axe,axe,91,tool,89,tree,visual,6,21,68,0.048,0.088
a000881,nonliving,axe,axe,91,tool,89,wood,visual,17,68,807,0.015,0.021
a000883,nonliving,axe,axe,91,tool,89,wooden,visual,14,53,810,0.019,0.017
a000933,nonliving,baby_carriage,carriage,44,baby,26,baby,visual,29,7,48,0.143,0.604
a000955,nonliving,baby_carriage,carriage,44,baby,26,basket,visual,3,2,4,0.500,0.750
a000948,nonliving,baby_carriage,carriage,44,baby,26,bed,haptic,4,3,8,0.333,0.500
a000947,nonliving,baby_carriage,carriage,44,baby,26,child,visual,4,17,47,0.059,0.085
a000938,nonliving,baby_carriage,carriage,44,baby,26,comfort,interoceptive,7,29,169,0.034,0.041
a000954,nonliving,baby_carriage,carriage,44,baby,26,convenient,visual,3,10,13,0.100,0.231
a000936,nonliving,baby_carriage,carriage,44,baby,26,cover,visual,10,37,138,0.027,0.072
a000932,nonliving,baby_carriage,carriage,44,baby,26,handle,haptic,30,65,1126,0.015,0.027
a000946,nonliving,baby_carriage,carriage,44,baby,26,hold,haptic,4,56,176,0.018,0.023
a000953,nonliving,baby_carriage,carriage,44,baby,26,hood,visual,3,4,12,0.250,0.250
a000942,nonliving,baby_carriage,carriage,44,baby,26,metal,visual,5,100,2252,0.010,0.002
a000952,nonliving,baby_carriage,carriage,44,baby,26,mobile,visual,3,30,44,0.033,0.068
a000951,nonliving,baby_carriage,carriage,44,baby,26,mother,visual,3,4,6,0.250,0.500
a000945,nonliving,baby_carriage,carriage,44,baby,26,move,visual,4,54,121,0.019,0.033
a000940,nonliving,baby_carriage,carriage,44,baby,26,protect,visual,6,39,284,0.026,0.021
a000934,nonliving,baby_carriage,carriage,44,baby,26,push,haptic,14,8,28,0.125,0.500
a000935,nonliving,baby_carriage,carriage,44,baby,26,roll,visual,10,13,102,0.077,0.098
a000937,nonliving,baby_carriage,carriage,44,baby,26,safe,visual,7,52,129,0.019,0.054
a000944,nonliving,baby_carriage,carriage,44,baby,26,shade,visual,4,10,64,0.100,0.063
a000950,nonliving,baby_carriage,carriage,44,baby,26,slow,visual,3,36,200,0.028,0.015
a000939,nonliving,baby_carriage,carriage,44,baby,26,small,visual,6,180,1681,0.006,0.004
a000949,nonliving,baby_carriage,carriage,44,baby,26,soft,haptic,3,112,774,0.009,0.004
a000943,nonliving,baby_carriage,carriage,44,baby,26,sturdy,visual,4,84,242,0.012,0.017
a000941,nonliving,baby_carriage,carriage,44,baby,26,transport,visual,5,21,69,0.048,0.072
a000931,nonliving,baby_carriage,carriage,44,baby,26,wheel,visual,59,17,485,0.059,0.122
a001028,nonliving,ball,ball,100,toy,88,air,haptic,4,20,67,0.050,0.060
a001012,nonliving,ball,ball,100,toy,88,bounce,visual,59,6,70,0.167,0.843
a001027,nonliving,ball,ball,100,toy,88,child,visual,4,17,47,0.059,0.085
a001014,nonliving,ball,ball,100,toy,88,color,visual,20,73,478,0.014,0.042
a001026,nonliving,ball,ball,100,toy,88,decor,visual,4,32,92,0.031,0.043
a001023,nonliving,ball,ball,100,toy,88,design,visual,5,15,29,0.067,0.172
a001015,nonliving,ball,ball,100,toy,88,fun,interoceptive,13,52,219,0.019,0.059
a001031,nonliving,ball,ball,100,toy,88,hard,haptic,3,139,560,0.007,0.005
a001030,nonliving,ball,ball,100,toy,88,kick,visual,3,11,24,0.091,0.125
a001022,nonliving,ball,ball,100,toy,88,kid,visual,5,16,44,0.063,0.114
a001018,nonliving,ball,ball,100,toy,88,light,visual,9,114,518,0.009,0.017
a001025,nonliving,ball,ball,100,toy,88,plastic,visual,4,52,306,0.019,0.013
a001016,nonliving,ball,ball,100,toy,88,play,visual,12,34,138,0.029,0.087
a001029,nonliving,ball,ball,100,toy,88,roll,visual,3,13,102,0.077,0.029
a001011,nonliving,ball,ball,100,toy,88,round,visual,59,120,1208,0.008,0.049
a001013,nonliving,ball,ball,100,toy,88,rubber,haptic,30,15,97,0.067,0.309
a001021,nonliving,ball,ball,100,toy,88,small,visual,5,180,1681,0.006,0.003
a001020,nonliving,ball,ball,100,toy,88,sphere,visual,6,7,13,0.143,0.462
a001017,nonliving,ball,ball,100,toy,88,star,visual,11,4,16,0.250,0.688
a001019,nonliving,ball,ball,100,toy,88,stripe,visual,8,16,271,0.063,0.030
a001024,nonliving,ball,ball,100,toy,88,throw,visual,4,4,26,0.250,0.154
a001063,nonliving,balloon,balloon,100,toy,57,air,haptic,21,20,67,0.050,0.313
a001078,nonliving,balloon,balloon,100,toy,57,airfilled,NA,3,1,3,1.000,1.000
a001071,nonliving,balloon,balloon,100,toy,57,birthday,visual,5,3,17,0.333,0.294
a001077,nonliving,balloon,balloon,100,toy,57,child,visual,3,17,47,0.059,0.064
a001065,nonliving,balloon,balloon,100,toy,57,color,visual,16,73,478,0.014,0.033
a001059,nonliving,balloon,balloon,100,toy,57,float,visual,31,9,76,0.111,0.408
a001070,nonliving,balloon,balloon,100,toy,57,fly,visual,5,26,355,0.038,0.014
a001067,nonliving,balloon,balloon,100,toy,57,fun,interoceptive,8,52,219,0.019,0.037
a001062,nonliving,balloon,balloon,100,toy,57,helium,auditory,21,2,22,0.500,0.955
a001076,nonliving,balloon,balloon,100,toy,57,high,visual,3,20,59,0.050,0.051
a001066,nonliving,balloon,balloon,100,toy,57,inflate,visual,8,3,15,0.333,0.533
a001068,nonliving,balloon,balloon,100,toy,57,latex,haptic,7,1,7,1.000,1.000
a001064,nonliving,balloon,balloon,100,toy,57,light,visual,17,114,518,0.009,0.033
a001075,nonliving,balloon,balloon,100,toy,57,lightweight,haptic,3,64,94,0.016,0.032
a001073,nonliving,balloon,balloon,100,toy,57,party,visual,4,5,11,0.200,0.364
a001069,nonliving,balloon,balloon,100,toy,57,pop,auditory,5,3,12,0.333,0.417
a001072,nonliving,balloon,balloon,100,toy,57,red,visual,4,43,709,0.023,0.006
a001061,nonliving,balloon,balloon,100,toy,57,round,visual,26,120,1208,0.008,0.022
a001058,nonliving,balloon,balloon,100,toy,57,rubber,haptic,35,15,97,0.067,0.361
a001074,nonliving,balloon,balloon,100,toy,57,smooth,haptic,3,166,381,0.006,0.008
a001060,nonliving,balloon,balloon,100,toy,57,string,visual,30,23,406,0.043,0.074
a001124,living,banana,banana,100,fruit,91,curve,visual,4,28,72,0.036,0.056
a001128,living,banana,banana,100,fruit,91,eat,gustatory,3,41,122,0.024,0.025
a001122,living,banana,banana,100,fruit,91,fruit,gustatory,5,15,51,0.067,0.098
a001127,living,banana,banana,100,fruit,91,green,visual,3,37,826,0.027,0.004
a001117,living,banana,banana,100,fruit,91,health,interoceptive,7,33,155,0.030,0.045
a001114,living,banana,banana,100,fruit,91,long,visual,15,128,1235,0.008,0.012
a001121,living,banana,banana,100,fruit,91,monkey,visual,5,2,8,0.500,0.625
a001120,living,banana,banana,100,fruit,91,nutritious,gustatory,6,19,51,0.053,0.118
a001112,living,banana,banana,100,fruit,91,peel,visual,41,11,82,0.091,0.500
a001119,living,banana,banana,100,fruit,91,potassium,visual,6,1,6,1.000,1.000
a001126,living,banana,banana,100,fruit,91,ripe,visual,3,13,20,0.077,0.150
a001118,living,banana,banana,100,fruit,91,skin,haptic,6,37,242,0.027,0.025
a001116,living,banana,banana,100,fruit,91,soft,haptic,13,112,774,0.009,0.017
a001123,living,banana,banana,100,fruit,91,stem,visual,4,31,270,0.032,0.015
a001113,living,banana,banana,100,fruit,91,sweet,gustatory,34,31,568,0.032,0.060
a001115,living,banana,banana,100,fruit,91,taste,gustatory,13,43,319,0.023,0.041
a001125,living,banana,banana,100,fruit,91,tropical,visual,3,6,16,0.167,0.188
a001111,living,banana,banana,100,fruit,91,yellow,visual,87,42,475,0.024,0.183
a001165,nonliving,barn,barn,87,building,58,animal,visual,23,10,32,0.100,0.719
a001174,nonliving,barn,barn,87,building,58,big,visual,7,116,414,0.009,0.017
a001167,nonliving,barn,barn,87,building,58,door,visual,16,13,135,0.077,0.119
a001164,nonliving,barn,barn,87,building,58,farm,visual,26,14,82,0.071,0.317
a001169,nonliving,barn,barn,87,building,58,hay,visual,15,1,15,1.000,1.000
a001163,nonliving,barn,barn,87,building,58,large,visual,27,122,864,0.008,0.031
a001178,nonliving,barn,barn,87,building,58,loft,visual,3,3,5,0.333,0.600
a001176,nonliving,barn,barn,87,building,58,long,visual,4,128,1235,0.008,0.003
a001162,nonliving,barn,barn,87,building,58,red,visual,34,43,709,0.023,0.048
a001170,nonliving,barn,barn,87,building,58,roof,visual,10,5,46,0.200,0.217
a001166,nonliving,barn,barn,87,building,58,silo,visual,21,1,21,1.000,1.000
a001177,nonliving,barn,barn,87,building,58,stall,visual,3,1,3,1.000,1.000
a001171,nonliving,barn,barn,87,building,58,storage,visual,9,22,122,0.045,0.074
a001173,nonliving,barn,barn,87,building,58,tall,visual,7,52,402,0.019,0.017
a001175,nonliving,barn,barn,87,building,58,window,visual,5,13,117,0.077,0.043
a001172,nonliving,barn,barn,87,building,58,wood,visual,8,68,807,0.015,0.010
a001168,nonliving,barn,barn,87,building,58,wooden,visual,15,53,810,0.019,0.019
a001251,nonliving,barrel,barrel,97,container,42,age,visual,4,2,5,0.500,0.800
a001245,nonliving,barrel,barrel,97,container,42,band,auditory,5,15,78,0.067,0.064
a001242,nonliving,barrel,barrel,97,container,42,beer,gustatory,6,7,17,0.143,0.353
a001257,nonliving,barrel,barrel,97,container,42,big,visual,3,116,414,0.009,0.007
a001244,nonliving,barrel,barrel,97,container,42,brown,visual,5,93,455,0.011,0.011
a001243,nonliving,barrel,barrel,97,container,42,container,visual,5,27,91,0.037,0.055
a001241,nonliving,barrel,barrel,97,container,42,cylinder,visual,6,34,97,0.029,0.062
a001237,nonliving,barrel,barrel,97,container,42,heavy,haptic,17,109,772,0.009,0.022
a001256,nonliving,barrel,barrel,97,container,42,hold,haptic,3,56,176,0.018,0.017
a001239,nonliving,barrel,barrel,97,container,42,hollow,visual,8,48,161,0.021,0.050
a001236,nonliving,barrel,barrel,97,container,42,large,visual,17,122,864,0.008,0.020
a001255,nonliving,barrel,barrel,97,container,42,lid,visual,3,10,88,0.100,0.034
a001250,nonliving,barrel,barrel,97,container,42,liquid,visual,4,10,54,0.100,0.074
a001240,nonliving,barrel,barrel,97,container,42,metal,visual,6,100,2252,0.010,0.003
a001254,nonliving,barrel,barrel,97,container,42,oak,visual,3,2,4,0.500,0.750
a001249,nonliving,barrel,barrel,97,container,42,ring,visual,4,19,85,0.053,0.047
a001248,nonliving,barrel,barrel,97,container,42,roll,visual,4,13,102,0.077,0.039
a001235,nonliving,barrel,barrel,97,container,42,round,visual,30,120,1208,0.008,0.025
a001247,nonliving,barrel,barrel,97,container,42,slat,visual,4,4,13,0.250,0.308
a001246,nonliving,barrel,barrel,97,container,42,storage,visual,4,22,122,0.045,0.033
a001253,nonliving,barrel,barrel,97,container,42,strap,visual,3,12,139,0.083,0.022
a001252,nonliving,barrel,barrel,97,container,42,whiskey,gustatory,3,1,3,1.000,1.000
a001238,nonliving,barrel,barrel,97,container,42,wine,gustatory,9,7,60,0.143,0.150
a001234,nonliving,barrel,barrel,97,container,42,wood,visual,34,68,807,0.015,0.042
a001233,nonliving,barrel,barrel,97,container,42,wooden,visual,48,53,810,0.019,0.059
a001332,nonliving,baseball_bat,bat,98,sport,48,ball,visual,3,8,43,0.125,0.070
a001313,nonliving,baseball_bat,bat,98,sport,48,baseball,visual,19,3,21,0.333,0.905
a001331,nonliving,baseball_bat,bat,98,sport,48,club,visual,3,1,3,1.000,1.000
a001330,nonliving,baseball_bat,bat,98,sport,48,game,visual,3,13,30,0.077,0.100
a001327,nonliving,baseball_bat,bat,98,sport,48,grip,haptic,4,19,80,0.053,0.050
a001315,nonliving,baseball_bat,bat,98,sport,48,handle,haptic,14,65,1126,0.015,0.012
a001312,nonliving,baseball_bat,bat,98,sport,48,hard,haptic,19,139,560,0.007,0.034
a001316,nonliving,baseball_bat,bat,98,sport,48,heavy,haptic,11,109,772,0.009,0.014
a001314,nonliving,baseball_bat,bat,98,sport,48,hit,visual,15,8,44,0.125,0.341
a001326,nonliving,baseball_bat,bat,98,sport,48,light,visual,4,114,518,0.009,0.008
a001310,nonliving,baseball_bat,bat,98,sport,48,long,visual,37,128,1235,0.008,0.030
a001319,nonliving,baseball_bat,bat,98,sport,48,metal,visual,7,100,2252,0.010,0.003
a001322,nonliving,baseball_bat,bat,98,sport,48,round,visual,5,120,1208,0.008,0.004
a001329,nonliving,baseball_bat,bat,98,sport,48,slugger,visual,3,1,3,1.000,1.000
a001325,nonliving,baseball_bat,bat,98,sport,48,smooth,haptic,4,166,381,0.006,0.010
a001324,nonliving,baseball_bat,bat,98,sport,48,solid,haptic,4,47,59,0.021,0.068
a001317,nonliving,baseball_bat,bat,98,sport,48,sport,visual,8,17,45,0.059,0.178
a001321,nonliving,baseball_bat,bat,98,sport,48,strong,visual,5,72,310,0.014,0.016
a001328,nonliving,baseball_bat,bat,98,sport,48,sturdy,visual,3,84,242,0.012,0.012
a001318,nonliving,baseball_bat,bat,98,sport,48,swing,visual,7,9,38,0.111,0.184
a001323,nonliving,baseball_bat,bat,98,sport,48,tape,visual,4,2,5,0.500,0.800
a001320,nonliving,baseball_bat,bat,98,sport,48,weapon,visual,5,16,28,0.063,0.179
a001311,nonliving,baseball_bat,bat,98,sport,48,wood,visual,31,68,807,0.015,0.038
a001309,nonliving,baseball_bat,bat,98,sport,48,wooden,visual,40,53,810,0.019,0.049
a001375,nonliving,basket,basket,99,container,34,brown,visual,8,93,455,0.011,0.018
a001372,nonliving,basket,basket,99,container,34,carry,haptic,11,14,43,0.071,0.256
a001380,nonliving,basket,basket,99,container,34,empty,visual,6,18,37,0.056,0.162
a001374,nonliving,basket,basket,99,container,34,food,gustatory,8,57,212,0.018,0.038
a001388,nonliving,basket,basket,99,container,34,fun,interoceptive,3,52,219,0.019,0.014
a001367,nonliving,basket,basket,99,container,34,handle,haptic,43,65,1126,0.015,0.038
a001379,nonliving,basket,basket,99,container,34,hold,haptic,6,56,176,0.018,0.034
a001385,nonliving,basket,basket,99,container,34,hollow,visual,4,48,161,0.021,0.025
a001371,nonliving,basket,basket,99,container,34,light,visual,11,114,518,0.009,0.021
a001369,nonliving,basket,basket,99,container,34,picnic,visual,29,5,33,0.200,0.879
a001387,nonliving,basket,basket,99,container,34,portable,visual,3,18,26,0.056,0.115
a001373,nonliving,basket,basket,99,container,34,rectangle,visual,10,46,215,0.022,0.047
a001384,nonliving,basket,basket,99,container,34,rough,haptic,4,33,83,0.030,0.048
a001378,nonliving,basket,basket,99,container,34,small,visual,6,180,1681,0.006,0.004
a001383,nonliving,basket,basket,99,container,34,square,visual,4,29,127,0.034,0.031
a001382,nonliving,basket,basket,99,container,34,storage,visual,5,22,122,0.045,0.041
a001381,nonliving,basket,basket,99,container,34,straw,visual,5,3,19,0.333,0.263
a001377,nonliving,basket,basket,99,container,34,useful,visual,6,164,392,0.006,0.015
a001368,nonliving,basket,basket,99,container,34,weave,visual,37,4,45,0.250,0.822
a001370,nonliving,basket,basket,99,container,34,wicker,visual,26,1,26,1.000,1.000
a001386,nonliving,basket,basket,99,container,34,wood,visual,3,68,807,0.015,0.004
a001376,nonliving,basket,basket,99,container,34,wooden,visual,6,53,810,0.019,0.007
a001446,living,bear,bear,100,animal,88,aggressive,interoceptive,6,25,42,0.040,0.143
a001440,living,bear,bear,100,animal,88,big,visual,16,116,414,0.009,0.039
a001445,living,bear,bear,100,animal,88,black,visual,6,58,247,0.017,0.024
a001441,living,bear,bear,100,animal,88,brown,visual,12,93,455,0.011,0.026
a001439,living,bear,bear,100,animal,88,claw,visual,16,20,142,0.050,0.113
a001438,living,bear,bear,100,animal,88,danger,interoceptive,18,53,274,0.019,0.066
a001463,living,bear,bear,100,animal,88,ear,visual,3,28,168,0.036,0.018
a001452,living,bear,bear,100,animal,88,fast,visual,4,86,614,0.012,0.007
a001447,living,bear,bear,100,animal,88,ferocious,visual,5,4,14,0.250,0.357
a001462,living,bear,bear,100,animal,88,forest,visual,3,12,24,0.083,0.125
a001436,living,bear,bear,100,animal,88,fur,visual,49,40,580,0.025,0.084
a001461,living,bear,bear,100,animal,88,hair,visual,3,44,238,0.023,0.013
a001460,living,bear,bear,100,animal,88,heavy,haptic,3,109,772,0.009,0.004
a001442,living,bear,bear,100,animal,88,hibernate,visual,10,2,11,0.500,0.909
a001451,living,bear,bear,100,animal,88,hunt,visual,4,13,35,0.077,0.114
a001437,living,bear,bear,100,animal,88,large,visual,42,122,864,0.008,0.049
a001444,living,bear,bear,100,animal,88,leg,visual,6,65,662,0.015,0.009
a001459,living,bear,bear,100,animal,88,loud,auditory,3,62,595,0.016,0.005
a001458,living,bear,bear,100,animal,88,makeup,visual,3,27,105,0.037,0.029
a001457,living,bear,bear,100,animal,88,paw,visual,3,12,39,0.083,0.077
a001450,living,bear,bear,100,animal,88,polar,visual,4,2,5,0.500,0.800
a001456,living,bear,bear,100,animal,88,power,visual,3,35,110,0.029,0.027
a001455,living,bear,bear,100,animal,88,predator,visual,3,9,51,0.111,0.059
a001443,living,bear,bear,100,animal,88,strong,visual,9,72,310,0.014,0.029
a001454,living,bear,bear,100,animal,88,tall,visual,3,52,402,0.019,0.007
a001449,living,bear,bear,100,animal,88,tooth,haptic,4,25,179,0.040,0.022
a001448,living,bear,bear,100,animal,88,white,visual,4,74,534,0.014,0.007
a001453,living,bear,bear,100,animal,88,wild,visual,3,23,67,0.043,0.045
a001525,nonliving,bed,bed,100,furniture,87,bedroom,visual,5,3,12,0.333,0.417
a001528,nonliving,bed,bed,100,furniture,87,big,visual,4,116,414,0.009,0.010
a001527,nonliving,bed,bed,100,furniture,87,blanket,haptic,4,1,4,1.000,1.000
a001510,nonliving,bed,bed,100,furniture,87,comfort,interoceptive,26,29,169,0.034,0.154
a001517,nonliving,bed,bed,100,furniture,87,comfy,haptic,9,11,31,0.091,0.290
a001524,nonliving,bed,bed,100,furniture,87,cozy,interoceptive,5,12,31,0.083,0.161
a001516,nonliving,bed,bed,100,furniture,87,frame,visual,9,12,68,0.083,0.132
a001513,nonliving,bed,bed,100,furniture,87,headboard,visual,16,1,16,1.000,1.000
a001530,nonliving,bed,bed,100,furniture,87,inviting,auditory,3,4,7,0.250,0.429
a001523,nonliving,bed,bed,100,furniture,87,large,visual,5,122,864,0.008,0.006
a001522,nonliving,bed,bed,100,furniture,87,leg,visual,5,65,662,0.015,0.008
a001521,nonliving,bed,bed,100,furniture,87,long,visual,5,128,1235,0.008,0.004
a001511,nonliving,bed,bed,100,furniture,87,mattress,haptic,23,1,23,1.000,1.000
a001512,nonliving,bed,bed,100,furniture,87,pillow,haptic,20,2,23,0.500,0.870
a001520,nonliving,bed,bed,100,furniture,87,rectangle,visual,5,46,215,0.022,0.023
a001519,nonliving,bed,bed,100,furniture,87,relax,interoceptive,5,20,41,0.050,0.122
a001518,nonliving,bed,bed,100,furniture,87,rest,interoceptive,6,7,18,0.143,0.333
a001515,nonliving,bed,bed,100,furniture,87,sheet,visual,11,2,12,0.500,0.917
a001509,nonliving,bed,bed,100,furniture,87,sleep,interoceptive,31,8,41,0.125,0.756
a001508,nonliving,bed,bed,100,furniture,87,soft,haptic,40,112,774,0.009,0.052
a001514,nonliving,bed,bed,100,furniture,87,warm,haptic,13,53,600,0.019,0.022
a001529,nonliving,bed,bed,100,furniture,87,wood,visual,3,68,807,0.015,0.004
a001526,nonliving,bed,bed,100,furniture,87,wooden,visual,4,53,810,0.019,0.005
a001575,living,bee,bee,91,insect,85,antenna,visual,8,12,130,0.083,0.062
a001568,living,bee,bee,91,insect,85,buzz,auditory,24,2,40,0.500,0.600
a001578,living,bee,bee,91,insect,85,eye,visual,5,51,201,0.020,0.025
a001566,living,bee,bee,91,insect,85,fly,visual,26,26,355,0.038,0.073
a001577,living,bee,bee,91,insect,85,fur,visual,5,40,580,0.025,0.009
a001574,living,bee,bee,91,insect,85,fuzzy,haptic,8,31,129,0.032,0.062
a001569,living,bee,bee,91,insect,85,honey,gustatory,22,2,23,0.500,0.957
a001576,living,bee,bee,91,insect,85,leg,visual,7,65,662,0.015,0.011
a001572,living,bee,bee,91,insect,85,pollen,visual,9,2,15,0.500,0.600
a001573,living,bee,bee,91,insect,85,small,visual,8,180,1681,0.006,0.005
a001565,living,bee,bee,91,insect,85,sting,interoceptive,34,5,39,0.200,0.872
a001567,living,bee,bee,91,insect,85,stinger,visual,25,1,25,1.000,1.000
a001571,living,bee,bee,91,insect,85,stripe,visual,15,16,271,0.063,0.055
a001580,living,bee,bee,91,insect,85,useful,visual,3,164,392,0.006,0.008
a001564,living,bee,bee,91,insect,85,wing,visual,38,20,403,0.050,0.094
a001579,living,bee,bee,91,insect,85,worker,visual,3,3,8,0.333,0.375
a001570,living,bee,bee,91,insect,85,yellow,visual,18,42,475,0.024,0.038
a001621,living,beetle,beetle,55,insect,74,antenna,visual,17,12,130,0.083,0.131
a001626,living,beetle,beetle,55,insect,74,black,visual,10,58,247,0.017,0.040
a001633,living,beetle,beetle,55,insect,74,body,visual,5,26,47,0.038,0.106
a001625,living,beetle,beetle,55,insect,74,brown,visual,11,93,455,0.011,0.024
a001637,living,beetle,beetle,55,insect,74,bug,visual,4,11,23,0.091,0.174
a001630,living,beetle,beetle,55,insect,74,crawl,visual,8,10,45,0.100,0.178
a001629,living,beetle,beetle,55,insect,74,creepy,visual,8,9,39,0.111,0.205
a001632,living,beetle,beetle,55,insect,74,crunch,auditory,6,19,123,0.053,0.049
a001628,living,beetle,beetle,55,insect,74,dirt,visual,9,35,117,0.029,0.077
a001631,living,beetle,beetle,55,insect,74,fast,visual,6,86,614,0.012,0.010
a001624,living,beetle,beetle,55,insect,74,fly,visual,12,26,355,0.038,0.034
a001627,living,beetle,beetle,55,insect,74,gross,visual,9,20,35,0.050,0.257
a001640,living,beetle,beetle,55,insect,74,insect,visual,3,10,14,0.100,0.214
a001620,living,beetle,beetle,55,insect,74,leg,visual,25,65,662,0.015,0.038
a001639,living,beetle,beetle,55,insect,74,nasty,visual,3,14,20,0.071,0.150
a001636,living,beetle,beetle,55,insect,74,pincers,visual,4,3,10,0.333,0.400
a001635,living,beetle,beetle,55,insect,74,quick,visual,4,32,56,0.031,0.071
a001623,living,beetle,beetle,55,insect,74,shell,visual,15,11,201,0.091,0.075
a001634,living,beetle,beetle,55,insect,74,shine,visual,4,65,197,0.015,0.020
a001638,living,beetle,beetle,55,insect,74,slow,visual,3,36,200,0.028,0.015
a001619,living,beetle,beetle,55,insect,74,small,visual,33,180,1681,0.006,0.020
a001622,living,beetle,beetle,55,insect,74,wing,visual,16,20,403,0.050,0.040
a001728,nonliving,bell,bell,100,instrument,48,alarm,auditory,4,6,14,0.167,0.286
a001720,nonliving,bell,bell,100,instrument,48,brass,visual,9,11,117,0.091,0.077
a001724,nonliving,bell,bell,100,instrument,48,chime,auditory,6,2,8,0.500,0.750
a001727,nonliving,bell,bell,100,instrument,48,christmas,visual,5,6,12,0.167,0.417
a001719,nonliving,bell,bell,100,instrument,48,church,visual,9,4,13,0.250,0.692
a001733,nonliving,bell,bell,100,instrument,48,clang,auditory,3,1,3,1.000,1.000
a001718,nonliving,bell,bell,100,instrument,48,clapper,auditory,9,1,9,1.000,1.000
a001723,nonliving,bell,bell,100,instrument,48,gold,visual,6,20,111,0.050,0.054
a001732,nonliving,bell,bell,100,instrument,48,hard,haptic,3,139,560,0.007,0.005
a001722,nonliving,bell,bell,100,instrument,48,heavy,haptic,6,109,772,0.009,0.008
a001713,nonliving,bell,bell,100,instrument,48,loud,auditory,43,62,595,0.016,0.072
a001712,nonliving,bell,bell,100,instrument,48,metal,visual,43,100,2252,0.010,0.019
a001717,nonliving,bell,bell,100,instrument,48,music,auditory,9,15,301,0.067,0.030
a001716,nonliving,bell,bell,100,instrument,48,noise,auditory,9,53,121,0.019,0.074
a001714,nonliving,bell,bell,100,instrument,48,ring,visual,32,19,85,0.053,0.376
a001721,nonliving,bell,bell,100,instrument,48,round,visual,6,120,1208,0.008,0.005
a001731,nonliving,bell,bell,100,instrument,48,shake,interoceptive,3,7,14,0.143,0.214
a001726,nonliving,bell,bell,100,instrument,48,shine,visual,5,65,197,0.015,0.025
a001725,nonliving,bell,bell,100,instrument,48,small,visual,5,180,1681,0.006,0.003
a001715,nonliving,bell,bell,100,instrument,48,sound,auditory,13,20,154,0.050,0.084
a001730,nonliving,bell,bell,100,instrument,48,tone,auditory,3,2,4,0.500,0.750
a001729,nonliving,bell,bell,100,instrument,48,vibration,haptic,3,1,3,1.000,1.000
a001799,nonliving,belt,belt,92,clothing,48,adjust,visual,7,13,28,0.077,0.250
a001808,nonliving,belt,belt,92,clothing,48,black,visual,4,58,247,0.017,0.016
a001807,nonliving,belt,belt,92,clothing,48,brown,visual,4,93,455,0.011,0.009
a001794,nonliving,belt,belt,92,clothing,48,buckle,visual,44,6,76,0.167,0.579
a001806,nonliving,belt,belt,92,clothing,48,cat,visual,4,6,47,0.167,0.085
a001805,nonliving,belt,belt,92,clothing,48,clasp,visual,4,13,47,0.077,0.085
a001802,nonliving,belt,belt,92,clothing,48,dog,visual,5,4,9,0.250,0.556
a001804,nonliving,belt,belt,92,clothing,48,hold,haptic,4,56,176,0.018,0.023
a001796,nonliving,belt,belt,92,clothing,48,hole,visual,23,29,163,0.034,0.141
a001793,nonliving,belt,belt,92,clothing,48,leather,visual,59,27,336,0.037,0.176
a001795,nonliving,belt,belt,92,clothing,48,long,visual,24,128,1235,0.008,0.019
a001815,nonliving,belt,belt,92,clothing,48,loop,visual,3,7,13,0.143,0.231
a001803,nonliving,belt,belt,92,clothing,48,metal,visual,4,100,2252,0.010,0.002
a001814,nonliving,belt,belt,92,clothing,48,notch,visual,3,7,15,0.143,0.200
a001798,nonliving,belt,belt,92,clothing,48,pant,auditory,10,5,15,0.200,0.667
a001801,nonliving,belt,belt,92,clothing,48,round,visual,5,120,1208,0.008,0.004
a001813,nonliving,belt,belt,92,clothing,48,smooth,haptic,3,166,381,0.006,0.008
a001812,nonliving,belt,belt,92,clothing,48,strap,visual,3,12,139,0.083,0.022
a001811,nonliving,belt,belt,92,clothing,48,thin,visual,3,71,281,0.014,0.011
a001797,nonliving,belt,belt,92,clothing,48,tight,haptic,15,29,100,0.034,0.150
a001810,nonliving,belt,belt,92,clothing,48,useful,visual,3,164,392,0.006,0.008
a001800,nonliving,belt,belt,92,clothing,48,waist,visual,6,4,22,0.250,0.273
a001809,nonliving,belt,belt,92,clothing,48,wear,haptic,3,32,145,0.031,0.021
a001877,nonliving,bicycle,bicycle,63,transport,45,brake,auditory,5,4,9,0.250,0.556
a001872,nonliving,bicycle,bicycle,63,transport,45,chain,visual,11,6,48,0.167,0.229
a001886,nonliving,bicycle,bicycle,63,transport,45,exercise,visual,3,1,3,1.000,1.000
a001869,nonliving,bicycle,bicycle,63,transport,45,fast,visual,21,86,614,0.012,0.034
a001880,nonliving,bicycle,bicycle,63,transport,45,fun,interoceptive,4,52,219,0.019,0.018
a001873,nonliving,bicycle,bicycle,63,transport,45,handle,haptic,10,65,1126,0.015,0.009
a001874,nonliving,bicycle,bicycle,63,transport,45,handlebar,haptic,9,3,20,0.333,0.450
a001885,nonliving,bicycle,bicycle,63,transport,45,heavy,haptic,3,109,772,0.009,0.004
a001884,nonliving,bicycle,bicycle,63,transport,45,helmet,visual,3,3,7,0.333,0.429
a001883,nonliving,bicycle,bicycle,63,transport,45,mechanic,visual,3,22,45,0.045,0.067
a001871,nonliving,bicycle,bicycle,63,transport,45,metal,visual,15,100,2252,0.010,0.007
a001868,nonliving,bicycle,bicycle,63,transport,45,pedal,visual,23,5,46,0.200,0.500
a001870,nonliving,bicycle,bicycle,63,transport,45,ride,visual,15,11,56,0.091,0.268
a001882,nonliving,bicycle,bicycle,63,transport,45,round,visual,3,120,1208,0.008,0.002
a001867,nonliving,bicycle,bicycle,63,transport,45,seat,haptic,27,15,187,0.067,0.144
a001876,nonliving,bicycle,bicycle,63,transport,45,spoke,auditory,5,6,57,0.167,0.088
a001881,nonliving,bicycle,bicycle,63,transport,45,tire,visual,3,6,21,0.167,0.143
a001879,nonliving,bicycle,bicycle,63,transport,45,transport,visual,4,21,69,0.048,0.058
a001875,nonliving,bicycle,bicycle,63,transport,45,travel,visual,5,18,60,0.056,0.083
a001878,nonliving,bicycle,bicycle,63,transport,45,useful,visual,4,164,392,0.006,0.010
a001866,nonliving,bicycle,bicycle,63,transport,45,wheel,visual,61,17,485,0.059,0.126
a001943,living,bird,bird,69,animal,66,beak,visual,28,13,244,0.077,0.115
a001944,living,bird,bird,69,animal,66,chirp,auditory,12,4,26,0.250,0.462
a001954,living,bird,bird,69,animal,66,color,visual,3,73,478,0.014,0.006
a001949,living,bird,bird,69,animal,66,cute,visual,5,39,140,0.026,0.036
a001946,living,bird,bird,69,animal,66,fast,visual,6,86,614,0.012,0.010
a001940,living,bird,bird,69,animal,66,feather,visual,45,11,452,0.091,0.100
a001942,living,bird,bird,69,animal,66,fly,visual,34,26,355,0.038,0.096
a001945,living,bird,bird,69,animal,66,foot,visual,9,58,241,0.017,0.037
a001953,living,bird,bird,69,animal,66,nest,visual,3,4,6,0.250,0.500
a001952,living,bird,bird,69,animal,66,pretty,visual,3,39,130,0.026,0.023
a001948,living,bird,bird,69,animal,66,sing,auditory,5,7,11,0.143,0.455
a001939,living,bird,bird,69,animal,66,small,visual,50,180,1681,0.006,0.030
a001951,living,bird,bird,69,animal,66,song,auditory,3,13,31,0.077,0.097
a001947,living,bird,bird,69,animal,66,tweet,visual,5,2,8,0.500,0.625
a001941,living,bird,bird,69,animal,66,wing,visual,35,20,403,0.050,0.087
a001950,living,bird,bird,69,animal,66,yellow,visual,3,42,475,0.024,0.006
a001997,nonliving,blouse,blouse,39,clothing,98,button,haptic,52,21,296,0.048,0.176
a002013,nonliving,blouse,blouse,39,clothing,98,cloth,visual,4,30,165,0.033,0.024
a001998,nonliving,blouse,blouse,39,clothing,98,collar,visual,31,9,97,0.111,0.320
a002018,nonliving,blouse,blouse,39,clothing,98,color,visual,3,73,478,0.014,0.006
a002006,nonliving,blouse,blouse,39,clothing,98,cotton,haptic,6,23,117,0.043,0.051
a002017,nonliving,blouse,blouse,39,clothing,98,cover,visual,3,37,138,0.027,0.022
a002009,nonliving,blouse,blouse,39,clothing,98,cuff,visual,5,5,20,0.200,0.250
a002016,nonliving,blouse,blouse,39,clothing,98,dress,visual,3,20,71,0.050,0.042
a002008,nonliving,blouse,blouse,39,clothing,98,fabric,haptic,5,27,168,0.037,0.030
a002005,nonliving,blouse,blouse,39,clothing,98,fashion,visual,6,21,81,0.048,0.074
a002003,nonliving,blouse,blouse,39,clothing,98,female,visual,8,11,61,0.091,0.131
a002007,nonliving,blouse,blouse,39,clothing,98,light,visual,5,114,518,0.009,0.010
a002015,nonliving,blouse,blouse,39,clothing,98,long,visual,3,128,1235,0.008,0.002
a002002,nonliving,blouse,blouse,39,clothing,98,longsleeve,NA,8,5,32,0.200,0.250
a002004,nonliving,blouse,blouse,39,clothing,98,silk,haptic,7,17,64,0.059,0.109
a002000,nonliving,blouse,blouse,39,clothing,98,sleeve,visual,24,7,122,0.143,0.197
a002001,nonliving,blouse,blouse,39,clothing,98,soft,haptic,16,112,774,0.009,0.021
a002014,nonliving,blouse,blouse,39,clothing,98,style,visual,3,27,95,0.037,0.032
a002012,nonliving,blouse,blouse,39,clothing,98,top,visual,4,22,57,0.045,0.070
a001999,nonliving,blouse,blouse,39,clothing,98,warm,haptic,25,53,600,0.019,0.042
a002011,nonliving,blouse,blouse,39,clothing,98,wear,haptic,4,32,145,0.031,0.028
a002010,nonliving,blouse,blouse,39,clothing,98,woman,visual,4,9,56,0.111,0.071
a002102,nonliving,book,book,98,reading,12,back,visual,3,8,39,0.125,0.077
a002082,nonliving,book,book,98,reading,12,bind,visual,11,6,17,0.167,0.647
a002101,nonliving,book,book,98,reading,12,binder,visual,3,1,3,1.000,1.000
a002086,nonliving,book,book,98,reading,12,bound,haptic,7,3,12,0.333,0.583
a002079,nonliving,book,book,98,reading,12,cover,visual,21,37,138,0.027,0.152
a002100,nonliving,book,book,98,reading,12,flat,visual,3,67,308,0.015,0.010
a002092,nonliving,book,book,98,reading,12,hard,haptic,5,139,560,0.007,0.009
a002088,nonliving,book,book,98,reading,12,heavy,haptic,6,109,772,0.009,0.008
a002085,nonliving,book,book,98,reading,12,information,auditory,8,5,15,0.200,0.533
a002091,nonliving,book,book,98,reading,12,ink,visual,5,6,78,0.167,0.064
a002099,nonliving,book,book,98,reading,12,interesting,visual,3,12,14,0.083,0.214
a002083,nonliving,book,book,98,reading,12,knowledge,auditory,10,1,10,1.000,1.000
a002098,nonliving,book,book,98,reading,12,learn,auditory,3,1,3,1.000,1.000
a002096,nonliving,book,book,98,reading,12,library,visual,4,1,4,1.000,1.000
a002095,nonliving,book,book,98,reading,12,literature,visual,4,1,4,1.000,1.000
a002097,nonliving,book,book,98,reading,12,long,visual,3,128,1235,0.008,0.002
a002077,nonliving,book,book,98,reading,12,page,visual,32,1,32,1.000,1.000
a002076,nonliving,book,book,98,reading,12,paper,visual,42,22,155,0.045,0.271
a002090,nonliving,book,book,98,reading,12,print,visual,5,4,8,0.250,0.625
a002078,nonliving,book,book,98,reading,12,read,visual,21,11,33,0.091,0.636
a002087,nonliving,book,book,98,reading,12,rectangle,visual,6,46,215,0.022,0.028
a002094,nonliving,book,book,98,reading,12,small,visual,4,180,1681,0.006,0.002
a002080,nonliving,book,book,98,reading,12,spine,visual,16,9,44,0.111,0.364
a002084,nonliving,book,book,98,reading,12,story,auditory,9,3,11,0.333,0.818
a002089,nonliving,book,book,98,reading,12,thick,haptic,5,28,63,0.036,0.079
a002081,nonliving,book,book,98,reading,12,word,visual,14,3,16,0.333,0.875
a002093,nonliving,book,book,98,reading,12,write,visual,4,9,80,0.111,0.050
a002170,nonliving,boot,boot,97,clothing,53,ankle,visual,3,4,36,0.250,0.083
a002155,nonliving,boot,boot,97,clothing,53,brown,visual,5,93,455,0.011,0.011
a002159,nonliving,boot,boot,97,clothing,53,comfort,interoceptive,4,29,169,0.034,0.024
a002154,nonliving,boot,boot,97,clothing,53,cowboy,visual,5,3,7,0.333,0.714
a002169,nonliving,boot,boot,97,clothing,53,fashion,visual,3,21,81,0.048,0.037
a002148,nonliving,boot,boot,97,clothing,53,foot,visual,10,58,241,0.017,0.041
a002168,nonliving,boot,boot,97,clothing,53,hard,haptic,3,139,560,0.007,0.005
a002145,nonliving,boot,boot,97,clothing,53,heel,visual,25,6,69,0.167,0.362
a002158,nonliving,boot,boot,97,clothing,53,high,visual,4,20,59,0.050,0.068
a002144,nonliving,boot,boot,97,clothing,53,leather,visual,37,27,336,0.037,0.110
a002167,nonliving,boot,boot,97,clothing,53,long,visual,3,128,1235,0.008,0.002
a002147,nonliving,boot,boot,97,clothing,53,protect,visual,13,39,284,0.026,0.046
a002166,nonliving,boot,boot,97,clothing,53,rain,visual,3,7,57,0.143,0.053
a002151,nonliving,boot,boot,97,clothing,53,rubber,haptic,6,15,97,0.067,0.062
a002165,nonliving,boot,boot,97,clothing,53,safe,visual,3,52,129,0.019,0.023
a002164,nonliving,boot,boot,97,clothing,53,shaft,visual,3,7,11,0.143,0.273
a002153,nonliving,boot,boot,97,clothing,53,shoe,visual,5,8,33,0.125,0.152
a002157,nonliving,boot,boot,97,clothing,53,smooth,haptic,4,166,381,0.006,0.010
a002150,nonliving,boot,boot,97,clothing,53,sole,visual,6,4,30,0.250,0.200
a002156,nonliving,boot,boot,97,clothing,53,stiff,haptic,4,16,24,0.063,0.167
a002163,nonliving,boot,boot,97,clothing,53,sturdy,visual,3,84,242,0.012,0.012
a002162,nonliving,boot,boot,97,clothing,53,tall,visual,3,52,402,0.019,0.007
a002161,nonliving,boot,boot,97,clothing,53,toe,visual,3,8,82,0.125,0.037
a002160,nonliving,boot,boot,97,clothing,53,walk,visual,3,20,62,0.050,0.048
a002146,nonliving,boot,boot,97,clothing,53,warm,haptic,17,53,600,0.019,0.028
a002149,nonliving,boot,boot,97,clothing,53,waterproof,visual,6,12,29,0.083,0.207
a002152,nonliving,boot,boot,97,clothing,53,wear,haptic,5,32,145,0.031,0.034
a002143,nonliving,boot,boot,97,clothing,53,zipper,visual,41,5,66,0.200,0.621
a002253,nonliving,bottle,bottle,98,container,38,alcohol,gustatory,3,3,5,0.333,0.600
a002241,nonliving,bottle,bottle,98,container,38,beer,gustatory,6,7,17,0.143,0.353
a002231,nonliving,bottle,bottle,98,container,38,break,visual,11,25,77,0.040,0.143
a002228,nonliving,bottle,bottle,98,container,38,clear,visual,23,23,133,0.043,0.173
a002240,nonliving,bottle,bottle,98,container,38,container,visual,6,27,91,0.037,0.066
a002243,nonliving,bottle,bottle,98,container,38,cylinder,visual,5,34,97,0.029,0.052
a002230,nonliving,bottle,bottle,98,container,38,drink,gustatory,11,17,102,0.059,0.108
a002247,nonliving,bottle,bottle,98,container,38,empty,visual,4,18,37,0.056,0.108
a002236,nonliving,bottle,bottle,98,container,38,fragile,haptic,9,38,143,0.026,0.063
a002227,nonliving,bottle,bottle,98,container,38,glass,visual,79,22,473,0.045,0.167
a002242,nonliving,bottle,bottle,98,container,38,hard,haptic,5,139,560,0.007,0.009
a002252,nonliving,bottle,bottle,98,container,38,hold,haptic,3,56,176,0.018,0.017
a002251,nonliving,bottle,bottle,98,container,38,hollow,visual,3,48,161,0.021,0.019
a002235,nonliving,bottle,bottle,98,container,38,liquid,visual,9,10,54,0.100,0.167
a002246,nonliving,bottle,bottle,98,container,38,long,visual,4,128,1235,0.008,0.003
a002245,nonliving,bottle,bottle,98,container,38,milk,gustatory,4,11,81,0.091,0.049
a002234,nonliving,bottle,bottle,98,container,38,neck,visual,9,14,109,0.071,0.083
a002250,nonliving,bottle,bottle,98,container,38,plastic,visual,3,52,306,0.019,0.010
a002249,nonliving,bottle,bottle,98,container,38,pour,visual,3,7,43,0.143,0.070
a002229,nonliving,bottle,bottle,98,container,38,round,visual,11,120,1208,0.008,0.009
a002248,nonliving,bottle,bottle,98,container,38,shape,visual,3,43,69,0.023,0.043
a002244,nonliving,bottle,bottle,98,container,38,smooth,haptic,4,166,381,0.006,0.010
a002239,nonliving,bottle,bottle,98,container,38,storage,visual,6,22,122,0.045,0.049
a002237,nonliving,bottle,bottle,98,container,38,tall,visual,7,52,402,0.019,0.017
a002233,nonliving,bottle,bottle,98,container,38,transparent,visual,9,8,44,0.125,0.205
a002238,nonliving,bottle,bottle,98,container,38,water,visual,6,45,322,0.022,0.019
a002232,nonliving,bottle,bottle,98,container,38,wine,gustatory,10,7,60,0.143,0.167
a002317,nonliving,bow,bow,82,accessory,36,bright,visual,3,31,268,0.032,0.011
a002316,nonliving,bow,bow,82,accessory,36,christmas,visual,3,6,12,0.167,0.250
a002300,nonliving,bow,bow,82,accessory,36,cloth,visual,10,30,165,0.033,0.061
a002315,nonliving,bow,bow,82,accessory,36,clothe,visual,3,27,143,0.037,0.021
a002305,nonliving,bow,bow,82,accessory,36,color,visual,8,73,478,0.014,0.017
a002302,nonliving,bow,bow,82,accessory,36,cute,visual,9,39,140,0.026,0.064
a002304,nonliving,bow,bow,82,accessory,36,decor,visual,8,32,92,0.031,0.087
a002314,nonliving,bow,bow,82,accessory,36,dress,visual,3,20,71,0.050,0.042
a002297,nonliving,bow,bow,82,accessory,36,fabric,haptic,12,27,168,0.037,0.071
a002309,nonliving,bow,bow,82,accessory,36,female,visual,5,11,61,0.091,0.082
a002313,nonliving,bow,bow,82,accessory,36,gift,visual,3,4,10,0.250,0.300
a002303,nonliving,bow,bow,82,accessory,36,girl,visual,8,8,39,0.125,0.205
a002306,nonliving,bow,bow,82,accessory,36,hair,visual,7,44,238,0.023,0.029
a002299,nonliving,bow,bow,82,accessory,36,knot,visual,10,5,34,0.200,0.294
a002312,nonliving,bow,bow,82,accessory,36,light,visual,3,114,518,0.009,0.006
a002308,nonliving,bow,bow,82,accessory,36,long,visual,5,128,1235,0.008,0.004
a002307,nonliving,bow,bow,82,accessory,36,pink,visual,5,23,104,0.043,0.048
a002311,nonliving,bow,bow,82,accessory,36,present,visual,3,2,4,0.500,0.750
a002294,nonliving,bow,bow,82,accessory,36,pretty,visual,18,39,130,0.026,0.138
a002296,nonliving,bow,bow,82,accessory,36,red,visual,15,43,709,0.023,0.021
a002293,nonliving,bow,bow,82,accessory,36,ribbon,visual,22,4,26,0.250,0.846
a002301,nonliving,bow,bow,82,accessory,36,silk,haptic,9,17,64,0.059,0.141
a002298,nonliving,bow,bow,82,accessory,36,small,visual,10,180,1681,0.006,0.006
a002295,nonliving,bow,bow,82,accessory,36,soft,haptic,17,112,774,0.009,0.022
a002292,nonliving,bow,bow,82,accessory,36,tie,visual,36,11,59,0.091,0.610
a002310,nonliving,bow,bow,82,accessory,36,wear,haptic,3,32,145,0.031,0.021
a002369,nonliving,bowl,bowl,100,dish,26,ceramic,visual,14,7,75,0.143,0.187
a002371,nonliving,bowl,bowl,100,dish,26,cereal,gustatory,13,4,16,0.250,0.813
a002381,nonliving,bowl,bowl,100,dish,26,circular,visual,6,29,57,0.034,0.105
a002392,nonliving,bowl,bowl,100,dish,26,color,visual,3,73,478,0.014,0.006
a002387,nonliving,bowl,bowl,100,dish,26,concave,visual,4,5,11,0.200,0.364
a002376,nonliving,bowl,bowl,100,dish,26,container,visual,10,27,91,0.037,0.110
a002383,nonliving,bowl,bowl,100,dish,26,curve,visual,5,28,72,0.036,0.069
a002375,nonliving,bowl,bowl,100,dish,26,deep,visual,10,19,74,0.053,0.135
a002382,nonliving,bowl,bowl,100,dish,26,eat,gustatory,5,41,122,0.024,0.041
a002373,nonliving,bowl,bowl,100,dish,26,food,gustatory,11,57,212,0.018,0.052
a002377,nonliving,bowl,bowl,100,dish,26,glass,visual,9,22,473,0.045,0.019
a002379,nonliving,bowl,bowl,100,dish,26,hard,haptic,7,139,560,0.007,0.013
a002372,nonliving,bowl,bowl,100,dish,26,hold,haptic,11,56,176,0.018,0.063
a002374,nonliving,bowl,bowl,100,dish,26,hollow,visual,10,48,161,0.021,0.062
a002391,nonliving,bowl,bowl,100,dish,26,kitchen,visual,3,17,31,0.059,0.097
a002390,nonliving,bowl,bowl,100,dish,26,mix,visual,3,1,3,1.000,1.000
a002386,nonliving,bowl,bowl,100,dish,26,open,visual,4,55,181,0.018,0.022
a002378,nonliving,bowl,bowl,100,dish,26,plastic,visual,7,52,306,0.019,0.023
a002385,nonliving,bowl,bowl,100,dish,26,porcelain,visual,4,6,30,0.167,0.133
a002367,nonliving,bowl,bowl,100,dish,26,round,visual,52,120,1208,0.008,0.043
a002384,nonliving,bowl,bowl,100,dish,26,serve,visual,4,2,5,0.500,0.800
a002370,nonliving,bowl,bowl,100,dish,26,small,visual,13,180,1681,0.006,0.008
a002380,nonliving,bowl,bowl,100,dish,26,smooth,haptic,6,166,381,0.006,0.016
a002368,nonliving,bowl,bowl,100,dish,26,soup,gustatory,14,10,35,0.100,0.400
a002389,nonliving,bowl,bowl,100,dish,26,useful,visual,3,164,392,0.006,0.008
a002388,nonliving,bowl,bowl,100,dish,26,wooden,visual,3,53,810,0.019,0.004
a002455,nonliving,box,box,98,container,40,brown,visual,10,93,455,0.011,0.022
a002450,nonliving,box,box,98,container,40,cardboard,visual,38,2,39,0.500,0.974
a002473,nonliving,box,box,98,container,40,carry,haptic,3,14,43,0.071,0.070
a002462,nonliving,box,box,98,container,40,close,visual,5,31,83,0.032,0.060
a002472,nonliving,box,box,98,container,40,corner,visual,3,4,6,0.250,0.500
a002471,nonliving,box,box,98,container,40,cover,visual,3,37,138,0.027,0.022
a002460,nonliving,box,box,98,container,40,cube,visual,6,4,9,0.250,0.667
a002465,nonliving,box,box,98,container,40,empty,visual,4,18,37,0.056,0.108
a002470,nonliving,box,box,98,container,40,gift,visual,3,4,10,0.250,0.300
a002469,nonliving,box,box,98,container,40,hard,haptic,3,139,560,0.007,0.005
a002459,nonliving,box,box,98,container,40,hold,haptic,6,56,176,0.018,0.034
a002461,nonliving,box,box,98,container,40,hollow,visual,5,48,161,0.021,0.031
a002451,nonliving,box,box,98,container,40,lid,visual,34,10,88,0.100,0.386
a002458,nonliving,box,box,98,container,40,light,visual,7,114,518,0.009,0.014
a002468,nonliving,box,box,98,container,40,move,visual,3,54,121,0.019,0.025
a002457,nonliving,box,box,98,container,40,open,visual,7,55,181,0.018,0.039
a002467,nonliving,box,box,98,container,40,paper,visual,3,22,155,0.045,0.019
a002453,nonliving,box,box,98,container,40,rectangle,visual,23,46,215,0.022,0.107
a002464,nonliving,box,box,98,container,40,ship,visual,4,6,18,0.167,0.222
a002454,nonliving,box,box,98,container,40,small,visual,14,180,1681,0.006,0.008
a002452,nonliving,box,box,98,container,40,square,visual,23,29,127,0.034,0.181
a002456,nonliving,box,box,98,container,40,storage,visual,8,22,122,0.045,0.066
a002463,nonliving,box,box,98,container,40,top,visual,4,22,57,0.045,0.070
a002466,nonliving,box,box,98,container,40,useful,visual,3,164,392,0.006,0.008
a002559,nonliving,bread,bread,99,food,97,aroma,olfactory,4,7,13,0.143,0.308
a002543,nonliving,bread,bread,99,food,97,bake,olfactory,11,9,47,0.111,0.234
a002544,nonliving,bread,bread,99,food,97,brown,visual,10,93,455,0.011,0.022
a002558,nonliving,bread,bread,99,food,97,butter,gustatory,4,8,42,0.125,0.095
a002546,nonliving,bread,bread,99,food,97,carb,NA,9,3,14,0.333,0.643
a002553,nonliving,bread,bread,99,food,97,crust,visual,5,4,9,0.250,0.556
a002557,nonliving,bread,bread,99,food,97,dough,haptic,4,2,19,0.500,0.211
a002551,nonliving,bread,bread,99,food,97,edible,gustatory,6,33,109,0.030,0.055
a002548,nonliving,bread,bread,99,food,97,flour,gustatory,8,3,11,0.333,0.727
a002550,nonliving,bread,bread,99,food,97,fluffy,haptic,6,17,84,0.059,0.071
a002556,nonliving,bread,bread,99,food,97,fresh,gustatory,4,28,51,0.036,0.078
a002555,nonliving,bread,bread,99,food,97,grain,visual,4,6,14,0.167,0.286
a002563,nonliving,bread,bread,99,food,97,health,interoceptive,3,33,155,0.030,0.019
a002552,nonliving,bread,bread,99,food,97,light,visual,5,114,518,0.009,0.010
a002539,nonliving,bread,bread,99,food,97,loaf,visual,18,1,18,1.000,1.000
a002562,nonliving,bread,bread,99,food,97,nutritious,gustatory,3,19,51,0.053,0.059
a002561,nonliving,bread,bread,99,food,97,rectangle,visual,3,46,215,0.022,0.014
a002542,nonliving,bread,bread,99,food,97,sandwich,gustatory,11,5,16,0.200,0.688
a002538,nonliving,bread,bread,99,food,97,slice,visual,32,14,60,0.071,0.533
a002537,nonliving,bread,bread,99,food,97,soft,haptic,41,112,774,0.009,0.053
a002560,nonliving,bread,bread,99,food,97,sponge,haptic,3,3,10,0.333,0.300
a002547,nonliving,bread,bread,99,food,97,taste,gustatory,8,43,319,0.023,0.025
a002554,nonliving,bread,bread,99,food,97,toast,gustatory,4,4,30,0.250,0.133
a002549,nonliving,bread,bread,99,food,97,warm,haptic,7,53,600,0.019,0.012
a002540,nonliving,bread,bread,99,food,97,wheat,gustatory,15,4,18,0.250,0.833
a002541,nonliving,bread,bread,99,food,97,white,visual,13,74,534,0.014,0.024
a002545,nonliving,bread,bread,99,food,97,yeast,visual,9,1,9,1.000,1.000
a002604,nonliving,broom,broom,100,tool,39,bristle,visual,50,5,217,0.200,0.230
a002613,nonliving,broom,broom,100,tool,39,brush,haptic,9,7,53,0.143,0.170
a002608,nonliving,broom,broom,100,tool,39,clean,visual,28,53,132,0.019,0.212
a002619,nonliving,broom,broom,100,tool,39,dirt,visual,3,35,117,0.029,0.026
a002612,nonliving,broom,broom,100,tool,39,dust,visual,9,9,18,0.111,0.500
a002605,nonliving,broom,broom,100,tool,39,handle,haptic,34,65,1126,0.015,0.030
a002607,nonliving,broom,broom,100,tool,39,long,visual,28,128,1235,0.008,0.023
a002618,nonliving,broom,broom,100,tool,39,push,haptic,3,8,28,0.125,0.107
a002614,nonliving,broom,broom,100,tool,39,stick,visual,4,14,28,0.071,0.143
a002617,nonliving,broom,broom,100,tool,39,stiff,haptic,3,16,24,0.063,0.125
a002611,nonliving,broom,broom,100,tool,39,straw,visual,13,3,19,0.333,0.684
a002606,nonliving,broom,broom,100,tool,39,sweep,visual,28,2,31,0.500,0.903
a002616,nonliving,broom,broom,100,tool,39,thin,visual,3,71,281,0.014,0.011
a002615,nonliving,broom,broom,100,tool,39,useful,visual,3,164,392,0.006,0.008
a002610,nonliving,broom,broom,100,tool,39,wood,visual,17,68,807,0.015,0.021
a002609,nonliving,broom,broom,100,tool,39,wooden,visual,18,53,810,0.019,0.022
a002660,nonliving,brush,brush,100,tool,35,bristle,visual,71,5,217,0.200,0.327
a002675,nonliving,brush,brush,100,tool,35,brush,haptic,4,7,53,0.143,0.075
a002664,nonliving,brush,brush,100,tool,35,clean,visual,13,53,132,0.019,0.098
a002674,nonliving,brush,brush,100,tool,35,comb,haptic,4,5,26,0.200,0.154
a002681,nonliving,brush,brush,100,tool,35,groom,visual,3,3,10,0.333,0.300
a002662,nonliving,brush,brush,100,tool,35,hair,visual,23,44,238,0.023,0.097
a002673,nonliving,brush,brush,100,tool,35,handheld,visual,4,21,32,0.048,0.125
a002661,nonliving,brush,brush,100,tool,35,handle,haptic,47,65,1126,0.015,0.042
a002669,nonliving,brush,brush,100,tool,35,hard,haptic,6,139,560,0.007,0.011
a002680,nonliving,brush,brush,100,tool,35,light,visual,3,114,518,0.009,0.006
a002671,nonliving,brush,brush,100,tool,35,long,visual,5,128,1235,0.008,0.004
a002668,nonliving,brush,brush,100,tool,35,plastic,visual,7,52,306,0.019,0.023
a002679,nonliving,brush,brush,100,tool,35,rough,haptic,3,33,83,0.030,0.036
a002670,nonliving,brush,brush,100,tool,35,scrub,haptic,5,1,5,1.000,1.000
a002667,nonliving,brush,brush,100,tool,35,small,visual,9,180,1681,0.006,0.005
a002678,nonliving,brush,brush,100,tool,35,smooth,haptic,3,166,381,0.006,0.008
a002666,nonliving,brush,brush,100,tool,35,soft,haptic,9,112,774,0.009,0.012
a002672,nonliving,brush,brush,100,tool,35,style,visual,4,27,95,0.037,0.042
a002677,nonliving,brush,brush,100,tool,35,sweep,visual,3,2,31,0.500,0.097
a002676,nonliving,brush,brush,100,tool,35,useful,visual,3,164,392,0.006,0.008
a002665,nonliving,brush,brush,100,tool,35,wood,visual,12,68,807,0.015,0.015
a002663,nonliving,brush,brush,100,tool,35,wooden,visual,15,53,810,0.019,0.019
a002731,nonliving,bus,bus,100,vehicle,46,big,visual,11,116,414,0.009,0.027
a002749,nonliving,bus,bus,100,vehicle,46,child,visual,3,17,47,0.059,0.064
a002746,nonliving,bus,bus,100,vehicle,46,crowd,visual,4,2,5,0.500,0.800
a002730,nonliving,bus,bus,100,vehicle,46,door,visual,12,13,135,0.077,0.089
a002742,nonliving,bus,bus,100,vehicle,46,drive,visual,5,10,31,0.100,0.161
a002728,nonliving,bus,bus,100,vehicle,46,driver,visual,15,3,17,0.333,0.882
a002733,nonliving,bus,bus,100,vehicle,46,fast,visual,10,86,614,0.012,0.016
a002741,nonliving,bus,bus,100,vehicle,46,heavy,haptic,5,109,772,0.009,0.006
a002726,nonliving,bus,bus,100,vehicle,46,large,visual,23,122,864,0.008,0.027
a002725,nonliving,bus,bus,100,vehicle,46,long,visual,25,128,1235,0.008,0.020
a002739,nonliving,bus,bus,100,vehicle,46,loud,auditory,6,62,595,0.016,0.010
a002738,nonliving,bus,bus,100,vehicle,46,metal,visual,6,100,2252,0.010,0.003
a002745,nonliving,bus,bus,100,vehicle,46,noise,auditory,4,53,121,0.019,0.033
a002735,nonliving,bus,bus,100,vehicle,46,passenger,visual,8,3,14,0.333,0.571
a002737,nonliving,bus,bus,100,vehicle,46,people,visual,6,6,13,0.167,0.462
a002736,nonliving,bus,bus,100,vehicle,46,public,visual,7,2,8,0.500,0.875
a002744,nonliving,bus,bus,100,vehicle,46,ride,visual,4,11,56,0.091,0.071
a002743,nonliving,bus,bus,100,vehicle,46,school,visual,4,6,17,0.167,0.235
a002727,nonliving,bus,bus,100,vehicle,46,seat,haptic,15,15,187,0.067,0.080
a002740,nonliving,bus,bus,100,vehicle,46,slow,visual,5,36,200,0.028,0.025
a002748,nonliving,bus,bus,100,vehicle,46,stop,visual,3,4,22,0.250,0.136
a002732,nonliving,bus,bus,100,vehicle,46,transport,visual,10,21,69,0.048,0.145
a002747,nonliving,bus,bus,100,vehicle,46,travel,visual,3,18,60,0.056,0.050
a002724,nonliving,bus,bus,100,vehicle,46,wheel,visual,32,17,485,0.059,0.066
a002729,nonliving,bus,bus,100,vehicle,46,window,visual,13,13,117,0.077,0.111
a002734,nonliving,bus,bus,100,vehicle,46,yellow,visual,8,42,475,0.024,0.017
a002795,living,butterfly,butterfly,100,insect,83,antenna,visual,27,12,130,0.083,0.208
a002796,living,butterfly,butterfly,100,insect,83,beautiful,visual,18,54,131,0.019,0.137
a002802,living,butterfly,butterfly,100,insect,83,body,visual,4,26,47,0.038,0.085
a002800,living,butterfly,butterfly,100,insect,83,caterpillar,visual,6,1,6,1.000,1.000
a002801,living,butterfly,butterfly,100,insect,83,cocoon,visual,5,2,9,0.500,0.556
a002793,living,butterfly,butterfly,100,insect,83,color,visual,49,73,478,0.014,0.103
a002799,living,butterfly,butterfly,100,insect,83,delicate,haptic,10,39,85,0.026,0.118
a002806,living,butterfly,butterfly,100,insect,83,flutter,visual,3,1,3,1.000,1.000
a002794,living,butterfly,butterfly,100,insect,83,fly,visual,35,26,355,0.038,0.099
a002805,living,butterfly,butterfly,100,insect,83,fragile,haptic,3,38,143,0.026,0.021
a002804,living,butterfly,butterfly,100,insect,83,light,visual,3,114,518,0.009,0.006
a002798,living,butterfly,butterfly,100,insect,83,pretty,visual,11,39,130,0.026,0.085
a002797,living,butterfly,butterfly,100,insect,83,small,visual,12,180,1681,0.006,0.007
a002803,living,butterfly,butterfly,100,insect,83,soft,haptic,3,112,774,0.009,0.004
a002792,living,butterfly,butterfly,100,insect,83,wing,visual,55,20,403,0.050,0.136
a002871,nonliving,button,button,100,clothing,41,circle,visual,3,39,64,0.026,0.047
a002870,nonliving,button,button,100,clothing,41,close,visual,3,31,83,0.032,0.036
a002863,nonliving,button,button,100,clothing,41,clothe,visual,6,27,143,0.037,0.042
a002865,nonliving,button,button,100,clothing,41,color,visual,5,73,478,0.014,0.010
a002867,nonliving,button,button,100,clothing,41,connect,visual,4,20,42,0.050,0.095
a002859,nonliving,button,button,100,clothing,41,fasten,visual,8,14,44,0.071,0.182
a002862,nonliving,button,button,100,clothing,41,flat,visual,6,67,308,0.015,0.019
a002858,nonliving,button,button,100,clothing,41,hard,haptic,8,139,560,0.007,0.014
a002855,nonliving,button,button,100,clothing,41,hole,visual,41,29,163,0.034,0.252
a002864,nonliving,button,button,100,clothing,41,light,visual,5,114,518,0.009,0.010
a002856,nonliving,button,button,100,clothing,41,plastic,visual,29,52,306,0.019,0.095
a002853,nonliving,button,button,100,clothing,41,round,visual,54,120,1208,0.008,0.045
a002866,nonliving,button,button,100,clothing,41,secure,visual,4,23,60,0.043,0.067
a002857,nonliving,button,button,100,clothing,41,sew,visual,10,12,88,0.083,0.114
a002860,nonliving,button,button,100,clothing,41,shirt,visual,7,6,22,0.167,0.318
a002854,nonliving,button,button,100,clothing,41,small,visual,43,180,1681,0.006,0.026
a002869,nonliving,button,button,100,clothing,41,thread,haptic,3,14,112,0.071,0.027
a002868,nonliving,button,button,100,clothing,41,tiny,visual,3,24,71,0.042,0.042
a002861,nonliving,button,button,100,clothing,41,useful,visual,6,164,392,0.006,0.015
a002935,nonliving,cake,cake,100,food,71,bake,olfactory,3,9,47,0.111,0.064
a002934,nonliving,cake,cake,100,food,71,big,visual,3,116,414,0.009,0.007
a002919,nonliving,cake,cake,100,food,71,birthday,visual,11,3,17,0.333,0.647
a002925,nonliving,cake,cake,100,food,71,celebrate,visual,6,4,10,0.250,0.600
a002923,nonliving,cake,cake,100,food,71,chocolate,gustatory,7,4,10,0.250,0.700
a002933,nonliving,cake,cake,100,food,71,color,visual,3,73,478,0.014,0.006
a002924,nonliving,cake,cake,100,food,71,delicious,gustatory,6,24,54,0.042,0.111
a002922,nonliving,cake,cake,100,food,71,dessert,gustatory,8,4,11,0.250,0.727
a002929,nonliving,cake,cake,100,food,71,eat,gustatory,4,41,122,0.024,0.033
a002932,nonliving,cake,cake,100,food,71,fat,visual,3,17,67,0.059,0.045
a002913,nonliving,cake,cake,100,food,71,frost,haptic,25,2,27,0.500,0.926
a002915,nonliving,cake,cake,100,food,71,icing,gustatory,18,1,18,1.000,1.000
a002914,nonliving,cake,cake,100,food,71,layer,visual,21,10,55,0.100,0.382
a002921,nonliving,cake,cake,100,food,71,moist,haptic,8,7,18,0.143,0.444
a002928,nonliving,cake,cake,100,food,71,piece,visual,4,3,6,0.333,0.667
a002920,nonliving,cake,cake,100,food,71,round,visual,9,120,1208,0.008,0.007
a002926,nonliving,cake,cake,100,food,71,slice,visual,5,14,60,0.071,0.083
a002917,nonliving,cake,cake,100,food,71,soft,haptic,14,112,774,0.009,0.018
a002927,nonliving,cake,cake,100,food,71,sponge,haptic,4,3,10,0.333,0.400
a002916,nonliving,cake,cake,100,food,71,sugar,gustatory,14,6,19,0.167,0.737
a002912,nonliving,cake,cake,100,food,71,sweet,gustatory,56,31,568,0.032,0.099
a002918,nonliving,cake,cake,100,food,71,taste,gustatory,13,43,319,0.023,0.041
a002931,nonliving,cake,cake,100,food,71,unhealthy,visual,4,5,24,0.200,0.167
a002930,nonliving,cake,cake,100,food,71,yummy,gustatory,3,9,14,0.111,0.214
a002984,living,camel,camel,99,animal,91,big,visual,8,116,414,0.009,0.019
a002978,living,camel,camel,99,animal,91,brown,visual,13,93,455,0.011,0.029
a002976,living,camel,camel,99,animal,91,desert,visual,18,2,19,0.500,0.947
a002981,living,camel,camel,99,animal,91,fur,visual,11,40,580,0.025,0.019
a002987,living,camel,camel,99,animal,91,hair,visual,5,44,238,0.023,0.021
a002994,living,camel,camel,99,animal,91,heavy,haptic,3,109,772,0.009,0.004
a002983,living,camel,camel,99,animal,91,hoof,visual,8,10,175,0.100,0.046
a002974,living,camel,camel,99,animal,91,hump,haptic,67,3,69,0.333,0.971
a002979,living,camel,camel,99,animal,91,large,visual,12,122,864,0.008,0.014
a002980,living,camel,camel,99,animal,91,leg,visual,11,65,662,0.015,0.017
a002990,living,camel,camel,99,animal,91,long,visual,4,128,1235,0.008,0.003
a002993,living,camel,camel,99,animal,91,makeup,visual,3,27,105,0.037,0.029
a002986,living,camel,camel,99,animal,91,neck,visual,5,14,109,0.071,0.046
a002989,living,camel,camel,99,animal,91,ride,visual,4,11,56,0.091,0.071
a002985,living,camel,camel,99,animal,91,slow,visual,5,36,200,0.028,0.025
a002992,living,camel,camel,99,animal,91,spit,visual,3,4,7,0.250,0.429
a002988,living,camel,camel,99,animal,91,strong,visual,4,72,310,0.014,0.013
a002977,living,camel,camel,99,animal,91,tail,visual,13,41,643,0.024,0.020
a002975,living,camel,camel,99,animal,91,tall,visual,21,52,402,0.019,0.052
a002991,living,camel,camel,99,animal,91,transport,visual,3,21,69,0.048,0.043
a002982,living,camel,camel,99,animal,91,water,visual,9,45,322,0.022,0.028
a003060,nonliving,candle,candle,100,light,41,bright,visual,16,31,268,0.032,0.060
a003062,nonliving,candle,candle,100,light,41,burn,visual,14,12,68,0.083,0.206
a003066,nonliving,candle,candle,100,light,41,cylinder,visual,4,34,97,0.029,0.041
a003070,nonliving,candle,candle,100,light,41,drip,auditory,3,3,5,0.333,0.600
a003058,nonliving,candle,candle,100,light,41,fire,visual,18,11,43,0.091,0.419
a003056,nonliving,candle,candle,100,light,41,flame,visual,26,5,35,0.200,0.743
a003063,nonliving,candle,candle,100,light,41,heat,haptic,6,14,103,0.071,0.058
a003057,nonliving,candle,candle,100,light,41,hot,haptic,21,28,319,0.036,0.066
a003069,nonliving,candle,candle,100,light,41,illuminate,visual,3,8,18,0.125,0.167
a003055,nonliving,candle,candle,100,light,41,light,visual,32,114,518,0.009,0.062
a003068,nonliving,candle,candle,100,light,41,long,visual,3,128,1235,0.008,0.002
a003061,nonliving,candle,candle,100,light,41,melt,visual,14,2,20,0.500,0.700
a003065,nonliving,candle,candle,100,light,41,small,visual,5,180,1681,0.006,0.003
a003067,nonliving,candle,candle,100,light,41,smooth,haptic,3,166,381,0.006,0.008
a003054,nonliving,candle,candle,100,light,41,wax,visual,70,5,86,0.200,0.814
a003064,nonliving,candle,candle,100,light,41,white,visual,5,74,534,0.014,0.009
a003059,nonliving,candle,candle,100,light,41,wick,visual,16,2,17,0.500,0.941
a003112,nonliving,cannon,cannon,98,weapon,81,ball,visual,12,8,43,0.125,0.279
a003118,nonliving,cannon,cannon,98,weapon,81,barrel,visual,6,5,24,0.200,0.250
a003117,nonliving,cannon,cannon,98,weapon,81,cannonball,visual,6,1,6,1.000,1.000
a003110,nonliving,cannon,cannon,98,weapon,81,danger,interoceptive,16,53,274,0.019,0.058
a003128,nonliving,cannon,cannon,98,weapon,81,dead,visual,3,11,24,0.091,0.125
a003127,nonliving,cannon,cannon,98,weapon,81,destruct,visual,3,5,10,0.200,0.300
a003126,nonliving,cannon,cannon,98,weapon,81,explosive,visual,3,3,6,0.333,0.500
a003114,nonliving,cannon,cannon,98,weapon,81,fire,visual,8,11,43,0.091,0.186
a003116,nonliving,cannon,cannon,98,weapon,81,gunpowder,visual,6,1,6,1.000,1.000
a003108,nonliving,cannon,cannon,98,weapon,81,heavy,haptic,26,109,772,0.009,0.034
a003124,nonliving,cannon,cannon,98,weapon,81,iron,visual,4,19,65,0.053,0.062
a003123,nonliving,cannon,cannon,98,weapon,81,kill,visual,4,8,20,0.125,0.200
a003120,nonliving,cannon,cannon,98,weapon,81,large,visual,5,122,864,0.008,0.006
a003122,nonliving,cannon,cannon,98,weapon,81,long,visual,4,128,1235,0.008,0.003
a003109,nonliving,cannon,cannon,98,weapon,81,loud,auditory,20,62,595,0.016,0.034
a003107,nonliving,cannon,cannon,98,weapon,81,metal,visual,28,100,2252,0.010,0.012
a003115,nonliving,cannon,cannon,98,weapon,81,old,visual,6,65,179,0.015,0.034
a003121,nonliving,cannon,cannon,98,weapon,81,power,visual,4,35,110,0.029,0.036
a003111,nonliving,cannon,cannon,98,weapon,81,shoot,visual,14,5,24,0.200,0.583
a003119,nonliving,cannon,cannon,98,weapon,81,smoke,olfactory,5,9,169,0.111,0.030
a003125,nonliving,cannon,cannon,98,weapon,81,steel,visual,3,36,72,0.028,0.042
a003113,nonliving,cannon,cannon,98,weapon,81,war,visual,11,2,12,0.500,0.917
a003106,nonliving,cannon,cannon,98,weapon,81,wheel,visual,34,17,485,0.059,0.070
a003202,nonliving,cap,hat,55,clothing,69,accessory,visual,4,22,30,0.045,0.133
a003186,nonliving,cap,hat,55,clothing,69,bill,visual,14,8,37,0.125,0.378
a003187,nonliving,cap,hat,55,clothing,69,brim,visual,13,2,40,0.500,0.325
a003201,nonliving,cap,hat,55,clothing,69,button,haptic,4,21,296,0.048,0.014
a003192,nonliving,cap,hat,55,clothing,69,cloth,visual,10,30,165,0.033,0.061
a003209,nonliving,cap,hat,55,clothing,69,color,visual,3,73,478,0.014,0.006
a003208,nonliving,cap,hat,55,clothing,69,cotton,haptic,3,23,117,0.043,0.026
a003189,nonliving,cap,hat,55,clothing,69,cover,visual,12,37,138,0.027,0.087
a003197,nonliving,cap,hat,55,clothing,69,fabric,haptic,7,27,168,0.037,0.042
a003190,nonliving,cap,hat,55,clothing,69,fashion,visual,11,21,81,0.048,0.136
a003196,nonliving,cap,hat,55,clothing,69,flat,visual,7,67,308,0.015,0.023
a003207,nonliving,cap,hat,55,clothing,69,flex,visual,3,37,89,0.027,0.034
a003185,nonliving,cap,hat,55,clothing,69,head,visual,15,43,166,0.023,0.090
a003200,nonliving,cap,hat,55,clothing,69,leather,visual,4,27,336,0.037,0.012
a003206,nonliving,cap,hat,55,clothing,69,light,visual,3,114,518,0.009,0.006
a003205,nonliving,cap,hat,55,clothing,69,man,visual,3,16,43,0.063,0.070
a003199,nonliving,cap,hat,55,clothing,69,old,visual,5,65,179,0.015,0.028
a003191,nonliving,cap,hat,55,clothing,69,protect,visual,10,39,284,0.026,0.035
a003193,nonliving,cap,hat,55,clothing,69,round,visual,9,120,1208,0.008,0.007
a003204,nonliving,cap,hat,55,clothing,69,shade,visual,3,10,64,0.100,0.047
a003184,nonliving,cap,hat,55,clothing,69,small,visual,17,180,1681,0.006,0.010
a003203,nonliving,cap,hat,55,clothing,69,smooth,haptic,3,166,381,0.006,0.008
a003183,nonliving,cap,hat,55,clothing,69,soft,haptic,17,112,774,0.009,0.022
a003195,nonliving,cap,hat,55,clothing,69,style,visual,7,27,95,0.037,0.074
a003198,nonliving,cap,hat,55,clothing,69,visor,visual,5,2,6,0.500,0.833
a003182,nonliving,cap,hat,55,clothing,69,warm,haptic,21,53,600,0.019,0.035
a003188,nonliving,cap,hat,55,clothing,69,wear,haptic,12,32,145,0.031,0.083
a003194,nonliving,cap,hat,55,clothing,69,wool,haptic,8,17,142,0.059,0.056
a003282,nonliving,car,car,98,vehicle,52,big,visual,5,116,414,0.009,0.012
a003271,nonliving,car,car,98,vehicle,52,door,visual,12,13,135,0.077,0.089
a003270,nonliving,car,car,98,vehicle,52,drive,visual,13,10,31,0.100,0.419
a003267,nonliving,car,car,98,vehicle,52,engine,auditory,14,7,69,0.143,0.203
a003285,nonliving,car,car,98,vehicle,52,expensive,visual,4,37,114,0.027,0.035
a003265,nonliving,car,car,98,vehicle,52,fast,visual,20,86,614,0.012,0.033
a003287,nonliving,car,car,98,vehicle,52,gas,olfactory,3,11,24,0.091,0.125
a003278,nonliving,car,car,98,vehicle,52,grill,visual,6,4,9,0.250,0.667
a003273,nonliving,car,car,98,vehicle,52,heavy,haptic,8,109,772,0.009,0.010
a003277,nonliving,car,car,98,vehicle,52,hood,visual,7,4,12,0.250,0.583
a003269,nonliving,car,car,98,vehicle,52,large,visual,13,122,864,0.008,0.015
a003284,nonliving,car,car,98,vehicle,52,long,visual,4,128,1235,0.008,0.003
a003286,nonliving,car,car,98,vehicle,52,loud,auditory,3,62,595,0.016,0.005
a003281,nonliving,car,car,98,vehicle,52,mechanic,visual,5,22,45,0.045,0.111
a003266,nonliving,car,car,98,vehicle,52,metal,visual,18,100,2252,0.010,0.008
a003280,nonliving,car,car,98,vehicle,52,motor,auditory,5,8,20,0.125,0.250
a003276,nonliving,car,car,98,vehicle,52,old,visual,7,65,179,0.015,0.039
a003283,nonliving,car,car,98,vehicle,52,seat,haptic,4,15,187,0.067,0.021
a003275,nonliving,car,car,98,vehicle,52,tire,visual,7,6,21,0.167,0.333
a003274,nonliving,car,car,98,vehicle,52,transport,visual,7,21,69,0.048,0.101
a003272,nonliving,car,car,98,vehicle,52,travel,visual,8,18,60,0.056,0.133
a003279,nonliving,car,car,98,vehicle,52,trunk,visual,5,4,62,0.250,0.081
a003264,nonliving,car,car,98,vehicle,52,wheel,visual,42,17,485,0.059,0.087
a003268,nonliving,car,car,98,vehicle,52,window,visual,13,13,117,0.077,0.111
a003348,living,carrot,carrot,100,vegetable,81,crunch,auditory,11,19,123,0.053,0.089
a003363,living,carrot,carrot,100,vegetable,81,dirt,visual,4,35,117,0.029,0.034
a003362,living,carrot,carrot,100,vegetable,81,food,gustatory,4,57,212,0.018,0.019
a003353,living,carrot,carrot,100,vegetable,81,green,visual,7,37,826,0.027,0.008
a003359,living,carrot,carrot,100,vegetable,81,ground,visual,5,18,29,0.056,0.172
a003347,living,carrot,carrot,100,vegetable,81,hard,haptic,12,139,560,0.007,0.021
a003346,living,carrot,carrot,100,vegetable,81,health,interoceptive,13,33,155,0.030,0.084
a003351,living,carrot,carrot,100,vegetable,81,leaf,visual,8,17,173,0.059,0.046
a003358,living,carrot,carrot,100,vegetable,81,leafy,visual,5,10,84,0.100,0.060
a003344,living,carrot,carrot,100,vegetable,81,long,visual,21,128,1235,0.008,0.017
a003357,living,carrot,carrot,100,vegetable,81,nutritious,gustatory,5,19,51,0.053,0.098
a003354,living,carrot,carrot,100,vegetable,81,pointy,haptic,6,44,210,0.023,0.029
a003356,living,carrot,carrot,100,vegetable,81,rabbit,visual,5,1,5,1.000,1.000
a003364,living,carrot,carrot,100,vegetable,81,raw,visual,3,2,4,0.500,0.750
a003345,living,carrot,carrot,100,vegetable,81,root,visual,15,7,49,0.143,0.306
a003355,living,carrot,carrot,100,vegetable,81,rough,haptic,5,33,83,0.030,0.060
a003352,living,carrot,carrot,100,vegetable,81,stem,visual,7,31,270,0.032,0.026
a003349,living,carrot,carrot,100,vegetable,81,sweet,gustatory,10,31,568,0.032,0.018
a003350,living,carrot,carrot,100,vegetable,81,taste,gustatory,9,43,319,0.023,0.028
a003361,living,carrot,carrot,100,vegetable,81,thin,visual,4,71,281,0.014,0.014
a003360,living,carrot,carrot,100,vegetable,81,vegetable,gustatory,4,19,57,0.053,0.070
a003414,living,cat,cat,99,animal,83,claw,visual,8,20,142,0.050,0.056
a003425,living,cat,cat,99,animal,83,cuddle,haptic,3,6,11,0.167,0.273
a003424,living,cat,cat,99,animal,83,curious,interoceptive,3,6,12,0.167,0.250
a003410,living,cat,cat,99,animal,83,cute,visual,13,39,140,0.026,0.093
a003411,living,cat,cat,99,animal,83,ear,visual,10,28,168,0.036,0.060
a003416,living,cat,cat,99,animal,83,fast,visual,7,86,614,0.012,0.011
a003421,living,cat,cat,99,animal,83,feline,visual,4,4,17,0.250,0.235
a003418,living,cat,cat,99,animal,83,friend,visual,6,28,71,0.036,0.085
a003405,living,cat,cat,99,animal,83,fur,visual,40,40,580,0.025,0.069
a003432,living,cat,cat,99,animal,83,independent,visual,3,4,6,0.250,0.500
a003420,living,cat,cat,99,animal,83,leg,visual,4,65,662,0.015,0.006
a003423,living,cat,cat,99,animal,83,living,interoceptive,3,70,102,0.014,0.029
a003413,living,cat,cat,99,animal,83,meow,auditory,8,1,8,1.000,1.000
a003415,living,cat,cat,99,animal,83,paw,visual,7,12,39,0.083,0.179
a003412,living,cat,cat,99,animal,83,pet,visual,9,26,52,0.038,0.173
a003419,living,cat,cat,99,animal,83,play,visual,5,34,138,0.029,0.036
a003409,living,cat,cat,99,animal,83,purr,auditory,14,2,15,0.500,0.933
a003417,living,cat,cat,99,animal,83,small,visual,6,180,1681,0.006,0.004
a003422,living,cat,cat,99,animal,83,sneak,visual,3,9,35,0.111,0.086
a003408,living,cat,cat,99,animal,83,soft,haptic,14,112,774,0.009,0.018
a003407,living,cat,cat,99,animal,83,tail,visual,27,41,643,0.024,0.042
a003406,living,cat,cat,99,animal,83,whisker,visual,32,13,147,0.077,0.218
a003490,living,caterpillar,caterpillar,89,insect,80,butterfly,visual,18,1,18,1.000,1.000
a003501,living,caterpillar,caterpillar,89,insect,80,cocoon,visual,4,2,9,0.500,0.444
a003504,living,caterpillar,caterpillar,89,insect,80,color,visual,3,73,478,0.014,0.006
a003494,living,caterpillar,caterpillar,89,insect,80,crawl,visual,12,10,45,0.100,0.267
a003503,living,caterpillar,caterpillar,89,insect,80,creepy,visual,3,9,39,0.111,0.077
a003502,living,caterpillar,caterpillar,89,insect,80,foot,visual,3,58,241,0.017,0.012
a003493,living,caterpillar,caterpillar,89,insect,80,fur,visual,14,40,580,0.025,0.024
a003489,living,caterpillar,caterpillar,89,insect,80,fuzzy,haptic,23,31,129,0.032,0.178
a003491,living,caterpillar,caterpillar,89,insect,80,green,visual,17,37,826,0.027,0.021
a003492,living,caterpillar,caterpillar,89,insect,80,hair,visual,14,44,238,0.023,0.059
a003486,living,caterpillar,caterpillar,89,insect,80,leg,visual,30,65,662,0.015,0.045
a003488,living,caterpillar,caterpillar,89,insect,80,long,visual,24,128,1235,0.008,0.019
a003500,living,caterpillar,caterpillar,89,insect,80,section,visual,4,2,5,0.500,0.800
a003496,living,caterpillar,caterpillar,89,insect,80,segment,visual,10,13,28,0.077,0.357
a003495,living,caterpillar,caterpillar,89,insect,80,slow,visual,10,36,200,0.028,0.050
a003487,living,caterpillar,caterpillar,89,insect,80,small,visual,27,180,1681,0.006,0.016
a003498,living,caterpillar,caterpillar,89,insect,80,squish,haptic,5,8,18,0.125,0.278
a003499,living,caterpillar,caterpillar,89,insect,80,tiny,visual,4,24,71,0.042,0.056
a003497,living,caterpillar,caterpillar,89,insect,80,transform,visual,8,7,14,0.143,0.571
a003579,living,celery,celery,83,vegetable,76,calorie,gustatory,3,3,5,0.333,0.600
a003569,living,celery,celery,83,vegetable,76,crisp,haptic,12,16,70,0.063,0.171
a003564,living,celery,celery,83,vegetable,76,crunch,auditory,26,19,123,0.053,0.211
a003574,living,celery,celery,83,vegetable,76,fresh,gustatory,6,28,51,0.036,0.118
a003563,living,celery,celery,83,vegetable,76,green,visual,84,37,826,0.027,0.102
a003570,living,celery,celery,83,vegetable,76,health,interoceptive,11,33,155,0.030,0.071
a003578,living,celery,celery,83,vegetable,76,juicy,gustatory,4,21,370,0.048,0.011
a003567,living,celery,celery,83,vegetable,76,leaf,visual,17,17,173,0.059,0.098
a003566,living,celery,celery,83,vegetable,76,leafy,visual,17,10,84,0.100,0.202
a003568,living,celery,celery,83,vegetable,76,long,visual,15,128,1235,0.008,0.012
a003573,living,celery,celery,83,vegetable,76,salad,gustatory,6,9,31,0.111,0.194
a003565,living,celery,celery,83,vegetable,76,stalk,visual,17,10,44,0.100,0.386
a003577,living,celery,celery,83,vegetable,76,stem,visual,4,31,270,0.032,0.015
a003576,living,celery,celery,83,vegetable,76,string,visual,5,23,406,0.043,0.012
a003572,living,celery,celery,83,vegetable,76,taste,gustatory,6,43,319,0.023,0.019
a003571,living,celery,celery,83,vegetable,76,vegetable,gustatory,6,19,57,0.053,0.105
a003575,living,celery,celery,83,vegetable,76,water,visual,5,45,322,0.022,0.016
a003642,nonliving,chain,chain,99,tool,26,clasp,visual,4,13,47,0.077,0.085
a003636,nonliving,chain,chain,99,tool,26,connect,visual,9,20,42,0.050,0.214
a003638,nonliving,chain,chain,99,tool,26,gold,visual,6,20,111,0.050,0.054
a003639,nonliving,chain,chain,99,tool,26,gray,visual,5,39,149,0.026,0.034
a003635,nonliving,chain,chain,99,tool,26,hard,haptic,9,139,560,0.007,0.016
a003633,nonliving,chain,chain,99,tool,26,heavy,haptic,19,109,772,0.009,0.025
a003641,nonliving,chain,chain,99,tool,26,hold,haptic,4,56,176,0.018,0.023
a003631,nonliving,chain,chain,99,tool,26,link,visual,49,2,50,0.500,0.980
a003634,nonliving,chain,chain,99,tool,26,long,visual,12,128,1235,0.008,0.010
a003645,nonliving,chain,chain,99,tool,26,loop,visual,3,7,13,0.143,0.231
a003630,nonliving,chain,chain,99,tool,26,metal,visual,68,100,2252,0.010,0.030
a003640,nonliving,chain,chain,99,tool,26,necklace,visual,4,2,5,0.500,0.800
a003644,nonliving,chain,chain,99,tool,26,pull,haptic,3,13,29,0.077,0.103
a003637,nonliving,chain,chain,99,tool,26,silver,visual,8,38,128,0.026,0.063
a003643,nonliving,chain,chain,99,tool,26,solid,haptic,3,47,59,0.021,0.051
a003632,nonliving,chain,chain,99,tool,26,strong,visual,20,72,310,0.014,0.065
a003711,nonliving,chair,chair,100,furniture,89,back,visual,21,8,39,0.125,0.538
a003717,nonliving,chair,chair,100,furniture,89,brown,visual,4,93,455,0.011,0.009
a003712,nonliving,chair,chair,100,furniture,89,comfort,interoceptive,7,29,169,0.034,0.041
a003722,nonliving,chair,chair,100,furniture,89,comfy,haptic,3,11,31,0.091,0.097
a003721,nonliving,chair,chair,100,furniture,89,flat,visual,3,67,308,0.015,0.010
a003714,nonliving,chair,chair,100,furniture,89,hard,haptic,6,139,560,0.007,0.011
a003705,nonliving,chair,chair,100,furniture,89,leg,visual,41,65,662,0.015,0.062
a003716,nonliving,chair,chair,100,furniture,89,light,visual,4,114,518,0.009,0.008
a003707,nonliving,chair,chair,100,furniture,89,seat,haptic,31,15,187,0.067,0.166
a003720,nonliving,chair,chair,100,furniture,89,short,visual,3,55,132,0.018,0.023
a003709,nonliving,chair,chair,100,furniture,89,sit,visual,25,13,74,0.077,0.338
a003719,nonliving,chair,chair,100,furniture,89,small,visual,3,180,1681,0.006,0.002
a003715,nonliving,chair,chair,100,furniture,89,stable,visual,4,18,31,0.056,0.129
a003718,nonliving,chair,chair,100,furniture,89,stand,visual,3,22,39,0.045,0.077
a003710,nonliving,chair,chair,100,furniture,89,sturdy,visual,22,84,242,0.012,0.091
a003713,nonliving,chair,chair,100,furniture,89,table,visual,6,9,20,0.111,0.300
a003708,nonliving,chair,chair,100,furniture,89,wood,visual,30,68,807,0.015,0.037
a003706,nonliving,chair,chair,100,furniture,89,wooden,visual,38,53,810,0.019,0.047
a003770,living,cherry,cherry,97,fruit,90,fruit,gustatory,4,15,51,0.067,0.078
a003764,living,cherry,cherry,97,fruit,90,juicy,gustatory,18,21,370,0.048,0.049
a003763,living,cherry,cherry,97,fruit,90,pit,visual,18,7,33,0.143,0.545
a003759,living,cherry,cherry,97,fruit,90,red,visual,80,43,709,0.023,0.113
a003765,living,cherry,cherry,97,fruit,90,round,visual,17,120,1208,0.008,0.014
a003768,living,cherry,cherry,97,fruit,90,seed,visual,6,16,188,0.063,0.032
a003762,living,cherry,cherry,97,fruit,90,small,visual,30,180,1681,0.006,0.018
a003769,living,cherry,cherry,97,fruit,90,sour,gustatory,5,13,103,0.077,0.049
a003760,living,cherry,cherry,97,fruit,90,stem,visual,34,31,270,0.032,0.126
a003761,living,cherry,cherry,97,fruit,90,sweet,gustatory,33,31,568,0.032,0.058
a003766,living,cherry,cherry,97,fruit,90,tart,gustatory,7,12,52,0.083,0.135
a003767,living,cherry,cherry,97,fruit,90,taste,gustatory,6,43,319,0.023,0.019
a003805,living,chicken,chicken,81,animal,55,beak,visual,25,13,244,0.077,0.102
a003819,living,chicken,chicken,81,animal,55,brown,visual,4,93,455,0.011,0.009
a003824,living,chicken,chicken,81,animal,55,chicken,gustatory,3,4,11,0.250,0.273
a003808,living,chicken,chicken,81,animal,55,cluck,auditory,12,2,15,0.500,0.800
a003823,living,chicken,chicken,81,animal,55,comb,haptic,3,5,26,0.200,0.115
a003822,living,chicken,chicken,81,animal,55,edible,gustatory,3,33,109,0.030,0.028
a003806,living,chicken,chicken,81,animal,55,egg,gustatory,23,13,49,0.077,0.469
a003815,living,chicken,chicken,81,animal,55,farm,visual,7,14,82,0.071,0.085
a003821,living,chicken,chicken,81,animal,55,fast,visual,3,86,614,0.012,0.005
a003804,living,chicken,chicken,81,animal,55,feather,visual,57,11,452,0.091,0.126
a003818,living,chicken,chicken,81,animal,55,female,visual,4,11,61,0.091,0.066
a003810,living,chicken,chicken,81,animal,55,food,gustatory,10,57,212,0.018,0.047
a003811,living,chicken,chicken,81,animal,55,foot,visual,9,58,241,0.017,0.037
a003816,living,chicken,chicken,81,animal,55,leg,visual,5,65,662,0.015,0.008
a003814,living,chicken,chicken,81,animal,55,loud,auditory,8,62,595,0.016,0.013
a003817,living,chicken,chicken,81,animal,55,meat,gustatory,4,15,52,0.067,0.077
a003820,living,chicken,chicken,81,animal,55,peck,visual,3,4,9,0.250,0.333
a003813,living,chicken,chicken,81,animal,55,small,visual,8,180,1681,0.006,0.005
a003812,living,chicken,chicken,81,animal,55,taste,gustatory,8,43,319,0.023,0.025
a003809,living,chicken,chicken,81,animal,55,white,visual,10,74,534,0.014,0.019
a003807,living,chicken,chicken,81,animal,55,wing,visual,20,20,403,0.050,0.050
a003891,nonliving,chisel,chisel,57,tool,94,blade,visual,7,11,129,0.091,0.054
a003896,nonliving,chisel,chisel,57,tool,94,carve,visual,6,6,16,0.167,0.375
a003895,nonliving,chisel,chisel,57,tool,94,chip,visual,6,3,9,0.333,0.667
a003894,nonliving,chisel,chisel,57,tool,94,cut,haptic,6,16,154,0.063,0.039
a003902,nonliving,chisel,chisel,57,tool,94,edge,visual,4,12,19,0.083,0.211
a003888,nonliving,chisel,chisel,57,tool,94,flat,visual,12,67,308,0.015,0.039
a003901,nonliving,chisel,chisel,57,tool,94,hammer,visual,4,7,32,0.143,0.125
a003886,nonliving,chisel,chisel,57,tool,94,handle,haptic,24,65,1126,0.015,0.021
a003889,nonliving,chisel,chisel,57,tool,94,hard,haptic,10,139,560,0.007,0.018
a003908,nonliving,chisel,chisel,57,tool,94,lightweight,haptic,3,64,94,0.016,0.032
a003890,nonliving,chisel,chisel,57,tool,94,long,visual,7,128,1235,0.008,0.006
a003884,nonliving,chisel,chisel,57,tool,94,metal,visual,46,100,2252,0.010,0.020
a003907,nonliving,chisel,chisel,57,tool,94,rectangle,visual,3,46,215,0.022,0.014
a003897,nonliving,chisel,chisel,57,tool,94,scrape,haptic,5,2,6,0.500,0.833
a003906,nonliving,chisel,chisel,57,tool,94,shape,visual,3,43,69,0.023,0.043
a003885,nonliving,chisel,chisel,57,tool,94,sharp,haptic,34,50,599,0.020,0.057
a003905,nonliving,chisel,chisel,57,tool,94,shave,haptic,3,3,6,0.333,0.500
a003904,nonliving,chisel,chisel,57,tool,94,short,visual,3,55,132,0.018,0.023
a003893,nonliving,chisel,chisel,57,tool,94,small,visual,6,180,1681,0.006,0.004
a003900,nonliving,chisel,chisel,57,tool,94,smooth,haptic,4,166,381,0.006,0.010
a003899,nonliving,chisel,chisel,57,tool,94,strong,visual,4,72,310,0.014,0.013
a003892,nonliving,chisel,chisel,57,tool,94,sturdy,visual,6,84,242,0.012,0.025
a003903,nonliving,chisel,chisel,57,tool,94,useful,visual,3,164,392,0.006,0.008
a003887,nonliving,chisel,chisel,57,tool,94,wood,visual,12,68,807,0.015,0.015
a003898,nonliving,chisel,chisel,57,tool,94,wooden,visual,4,53,810,0.019,0.005
a003974,nonliving,church,church,93,building,78,bell,auditory,16,4,21,0.250,0.762
a003985,nonliving,church,church,93,building,78,brick,visual,5,4,26,0.250,0.192
a003994,nonliving,church,church,93,building,78,christian,NA,3,1,3,1.000,1.000
a003980,nonliving,church,church,93,building,78,door,visual,8,13,135,0.077,0.059
a003982,nonliving,church,church,93,building,78,glass,visual,7,22,473,0.045,0.015
a003981,nonliving,church,church,93,building,78,god,interoceptive,7,4,10,0.250,0.700
a003979,nonliving,church,church,93,building,78,holy,visual,10,1,10,1.000,1.000
a003976,nonliving,church,church,93,building,78,large,visual,13,122,864,0.008,0.015
a003993,nonliving,church,church,93,building,78,loud,auditory,3,62,595,0.016,0.005
a003992,nonliving,church,church,93,building,78,old,visual,3,65,179,0.015,0.017
a003977,nonliving,church,church,93,building,78,pew,visual,11,1,11,1.000,1.000
a003983,nonliving,church,church,93,building,78,pray,auditory,6,1,6,1.000,1.000
a003991,nonliving,church,church,93,building,78,prayer,auditory,3,1,3,1.000,1.000
a003973,nonliving,church,church,93,building,78,religion,auditory,18,2,19,0.500,0.947
a003986,nonliving,church,church,93,building,78,roof,visual,4,5,46,0.200,0.087
a003990,nonliving,church,church,93,building,78,sacred,visual,3,1,3,1.000,1.000
a003989,nonliving,church,church,93,building,78,service,visual,3,1,3,1.000,1.000
a003988,nonliving,church,church,93,building,78,spacious,visual,3,13,22,0.077,0.136
a003984,nonliving,church,church,93,building,78,stair,visual,5,1,5,1.000,1.000
a003971,nonliving,church,church,93,building,78,steeple,visual,30,2,31,0.500,0.968
a003987,nonliving,church,church,93,building,78,step,visual,3,4,35,0.250,0.086
a003978,nonliving,church,church,93,building,78,tall,visual,10,52,402,0.019,0.025
a003972,nonliving,church,church,93,building,78,window,visual,24,13,117,0.077,0.205
a003975,nonliving,church,church,93,building,78,worship,visual,14,2,15,0.500,0.933
a004074,nonliving,cigar,cigar,91,tobacco,25,ash,visual,9,4,39,0.250,0.231
a004082,nonliving,cigar,cigar,91,tobacco,25,bad,visual,5,12,24,0.083,0.208
a004087,nonliving,cigar,cigar,91,tobacco,25,band,auditory,4,15,78,0.067,0.051
a004070,nonliving,cigar,cigar,91,tobacco,25,brown,visual,18,93,455,0.011,0.040
a004076,nonliving,cigar,cigar,91,tobacco,25,burn,visual,7,12,68,0.083,0.103
a004081,nonliving,cigar,cigar,91,tobacco,25,cuban,NA,5,1,5,1.000,1.000
a004096,nonliving,cigar,cigar,91,tobacco,25,cylinder,visual,3,34,97,0.029,0.031
a004086,nonliving,cigar,cigar,91,tobacco,25,danger,interoceptive,4,53,274,0.019,0.015
a004079,nonliving,cigar,cigar,91,tobacco,25,expensive,visual,6,37,114,0.027,0.053
a004095,nonliving,cigar,cigar,91,tobacco,25,fire,visual,3,11,43,0.091,0.070
a004094,nonliving,cigar,cigar,91,tobacco,25,hot,haptic,3,28,319,0.036,0.009
a004093,nonliving,cigar,cigar,91,tobacco,25,inhale,interoceptive,3,4,8,0.250,0.375
a004092,nonliving,cigar,cigar,91,tobacco,25,label,visual,3,2,4,0.500,0.750
a004091,nonliving,cigar,cigar,91,tobacco,25,leaf,visual,3,17,173,0.059,0.017
a004085,nonliving,cigar,cigar,91,tobacco,25,light,visual,4,114,518,0.009,0.008
a004071,nonliving,cigar,cigar,91,tobacco,25,long,visual,12,128,1235,0.008,0.010
a004090,nonliving,cigar,cigar,91,tobacco,25,lung,interoceptive,3,3,6,0.333,0.500
a004078,nonliving,cigar,cigar,91,tobacco,25,nicotine,gustatory,6,3,21,0.333,0.286
a004072,nonliving,cigar,cigar,91,tobacco,25,paper,visual,11,22,155,0.045,0.071
a004073,nonliving,cigar,cigar,91,tobacco,25,roll,visual,9,13,102,0.077,0.088
a004089,nonliving,cigar,cigar,91,tobacco,25,round,visual,3,120,1208,0.008,0.002
a004084,nonliving,cigar,cigar,91,tobacco,25,small,visual,4,180,1681,0.006,0.002
a004068,nonliving,cigar,cigar,91,tobacco,25,smell,olfactory,22,44,248,0.023,0.089
a004067,nonliving,cigar,cigar,91,tobacco,25,smoke,olfactory,46,9,169,0.111,0.272
a004075,nonliving,cigar,cigar,91,tobacco,25,stink,olfactory,7,17,83,0.059,0.084
a004080,nonliving,cigar,cigar,91,tobacco,25,thick,haptic,5,28,63,0.036,0.079
a004083,nonliving,cigar,cigar,91,tobacco,25,thin,visual,4,71,281,0.014,0.014
a004069,nonliving,cigar,cigar,91,tobacco,25,tobacco,visual,21,3,69,0.333,0.304
a004077,nonliving,cigar,cigar,91,tobacco,25,unhealthy,visual,6,5,24,0.200,0.250
a004088,nonliving,cigar,cigar,91,tobacco,25,wrap,visual,3,9,14,0.111,0.214
a004158,nonliving,cigarette,cigarette,99,tobacco,23,addict,visual,7,4,11,0.250,0.636
a004154,nonliving,cigarette,cigarette,99,tobacco,23,ash,visual,11,4,39,0.250,0.282
a004163,nonliving,cigarette,cigarette,99,tobacco,23,bad,visual,5,12,24,0.083,0.208
a004153,nonliving,cigarette,cigarette,99,tobacco,23,burn,visual,11,12,68,0.083,0.162
a004147,nonliving,cigarette,cigarette,99,tobacco,23,cancer,interoceptive,18,3,20,0.333,0.900
a004149,nonliving,cigarette,cigarette,99,tobacco,23,filter,visual,17,3,19,0.333,0.895
a004162,nonliving,cigarette,cigarette,99,tobacco,23,flame,visual,5,5,35,0.200,0.143
a004152,nonliving,cigarette,cigarette,99,tobacco,23,hot,haptic,11,28,319,0.036,0.034
a004161,nonliving,cigarette,cigarette,99,tobacco,23,light,visual,5,114,518,0.009,0.010
a004159,nonliving,cigarette,cigarette,99,tobacco,23,long,visual,6,128,1235,0.008,0.005
a004151,nonliving,cigarette,cigarette,99,tobacco,23,nicotine,gustatory,13,3,21,0.333,0.619
a004156,nonliving,cigarette,cigarette,99,tobacco,23,paper,visual,9,22,155,0.045,0.058
a004167,nonliving,cigarette,cigarette,99,tobacco,23,relax,interoceptive,3,20,41,0.050,0.073
a004166,nonliving,cigarette,cigarette,99,tobacco,23,short,visual,3,55,132,0.018,0.023
a004165,nonliving,cigarette,cigarette,99,tobacco,23,skinny,visual,4,28,48,0.036,0.083
a004160,nonliving,cigarette,cigarette,99,tobacco,23,small,visual,5,180,1681,0.006,0.003
a004150,nonliving,cigarette,cigarette,99,tobacco,23,smell,olfactory,16,44,248,0.023,0.065
a004146,nonliving,cigarette,cigarette,99,tobacco,23,smoke,olfactory,57,9,169,0.111,0.337
a004164,nonliving,cigarette,cigarette,99,tobacco,23,thin,visual,4,71,281,0.014,0.014
a004148,nonliving,cigarette,cigarette,99,tobacco,23,tobacco,visual,17,3,69,0.333,0.246
a004155,nonliving,cigarette,cigarette,99,tobacco,23,unhealthy,visual,10,5,24,0.200,0.417
a004157,nonliving,cigarette,cigarette,99,tobacco,23,white,visual,8,74,534,0.014,0.015
a004222,nonliving,clock,clock,98,time,28,alarm,auditory,6,6,14,0.167,0.429
a004234,nonliving,clock,clock,98,time,28,battery,visual,3,2,4,0.500,0.750
a004224,nonliving,clock,clock,98,time,28,dial,haptic,5,6,72,0.167,0.069
a004219,nonliving,clock,clock,98,time,28,face,visual,9,13,57,0.077,0.158
a004213,nonliving,clock,clock,98,time,28,hand,visual,34,21,173,0.048,0.197
a004233,nonliving,clock,clock,98,time,28,help,visual,3,42,57,0.024,0.053
a004229,nonliving,clock,clock,98,time,28,hour,visual,4,2,5,0.500,0.800
a004223,nonliving,clock,clock,98,time,28,loud,auditory,5,62,595,0.016,0.008
a004221,nonliving,clock,clock,98,time,28,mechanic,visual,8,22,45,0.045,0.178
a004232,nonliving,clock,clock,98,time,28,minute,interoceptive,3,2,4,0.500,0.750
a004228,nonliving,clock,clock,98,time,28,move,visual,4,54,121,0.019,0.033
a004212,nonliving,clock,clock,98,time,28,number,visual,46,5,112,0.200,0.411
a004231,nonliving,clock,clock,98,time,28,old,visual,3,65,179,0.015,0.017
a004218,nonliving,clock,clock,98,time,28,round,visual,9,120,1208,0.008,0.007
a004227,nonliving,clock,clock,98,time,28,second,visual,4,1,4,1.000,1.000
a004215,nonliving,clock,clock,98,time,28,small,visual,13,180,1681,0.006,0.008
a004217,nonliving,clock,clock,98,time,28,tick,visual,12,2,16,0.500,0.750
a004214,nonliving,clock,clock,98,time,28,time,interoceptive,32,9,83,0.111,0.386
a004230,nonliving,clock,clock,98,time,28,timepiece,visual,3,2,5,0.500,0.600
a004226,nonliving,clock,clock,98,time,28,timer,visual,4,5,12,0.200,0.333
a004225,nonliving,clock,clock,98,time,28,useful,visual,4,164,392,0.006,0.010
a004220,nonliving,clock,clock,98,time,28,wood,visual,8,68,807,0.015,0.010
a004216,nonliving,clock,clock,98,time,28,wooden,visual,12,53,810,0.019,0.015
a004313,nonliving,clothespin,pin,82,tool,33,brown,visual,3,93,455,0.011,0.007
a004304,nonliving,clothespin,pin,82,tool,33,clamp,visual,7,3,13,0.333,0.538
a004310,nonliving,clothespin,pin,82,tool,33,clasp,visual,4,13,47,0.077,0.085
a004297,nonliving,clothespin,pin,82,tool,33,clip,visual,16,6,25,0.167,0.640
a004301,nonliving,clothespin,pin,82,tool,33,clothe,visual,11,27,143,0.037,0.077
a004303,nonliving,clothespin,pin,82,tool,33,dry,haptic,7,27,45,0.037,0.156
a004307,nonliving,clothespin,pin,82,tool,33,fasten,visual,6,14,44,0.071,0.136
a004302,nonliving,clothespin,pin,82,tool,33,hang,visual,10,10,46,0.100,0.217
a004312,nonliving,clothespin,pin,82,tool,33,hard,haptic,3,139,560,0.007,0.005
a004309,nonliving,clothespin,pin,82,tool,33,hinge,visual,5,9,26,0.111,0.192
a004299,nonliving,clothespin,pin,82,tool,33,hold,haptic,13,56,176,0.018,0.074
a004306,nonliving,clothespin,pin,82,tool,33,laundry,visual,6,4,11,0.250,0.545
a004298,nonliving,clothespin,pin,82,tool,33,metal,visual,14,100,2252,0.010,0.006
a004300,nonliving,clothespin,pin,82,tool,33,pinch,haptic,12,4,26,0.250,0.462
a004295,nonliving,clothespin,pin,82,tool,33,small,visual,19,180,1681,0.006,0.011
a004296,nonliving,clothespin,pin,82,tool,33,spring,visual,17,12,33,0.083,0.515
a004311,nonliving,clothespin,pin,82,tool,33,strong,visual,3,72,310,0.014,0.010
a004308,nonliving,clothespin,pin,82,tool,33,tight,haptic,5,29,100,0.034,0.050
a004305,nonliving,clothespin,pin,82,tool,33,useful,visual,6,164,392,0.006,0.015
a004294,nonliving,clothespin,pin,82,tool,33,wood,visual,28,68,807,0.015,0.035
a004293,nonliving,clothespin,pin,82,tool,33,wooden,visual,45,53,810,0.019,0.056
a004382,living,cloud,cloud,94,weather,28,air,haptic,3,20,67,0.050,0.045
a004374,living,cloud,cloud,94,weather,28,big,visual,6,116,414,0.009,0.014
a004378,living,cloud,cloud,94,weather,28,dark,visual,4,18,28,0.056,0.143
a004369,living,cloud,cloud,94,weather,28,float,visual,8,9,76,0.111,0.105
a004381,living,cloud,cloud,94,weather,28,fluff,haptic,3,3,5,0.333,0.600
a004363,living,cloud,cloud,94,weather,28,fluffy,haptic,39,17,84,0.059,0.464
a004376,living,cloud,cloud,94,weather,28,green,visual,5,37,826,0.027,0.006
a004368,living,cloud,cloud,94,weather,28,high,visual,9,20,59,0.050,0.153
a004375,living,cloud,cloud,94,weather,28,large,visual,5,122,864,0.008,0.006
a004377,living,cloud,cloud,94,weather,28,light,visual,4,114,518,0.009,0.008
a004370,living,cloud,cloud,94,weather,28,move,visual,7,54,121,0.019,0.058
a004380,living,cloud,cloud,94,weather,28,nature,visual,3,10,12,0.100,0.250
a004367,living,cloud,cloud,94,weather,28,puffy,visual,10,3,14,0.333,0.714
a004364,living,cloud,cloud,94,weather,28,rain,visual,23,7,57,0.143,0.404
a004365,living,cloud,cloud,94,weather,28,sky,visual,13,10,53,0.100,0.245
a004379,living,cloud,cloud,94,weather,28,soft,haptic,3,112,774,0.009,0.004
a004373,living,cloud,cloud,94,weather,28,storm,visual,6,2,7,0.500,0.857
a004372,living,cloud,cloud,94,weather,28,vapor,visual,6,1,6,1.000,1.000
a004366,living,cloud,cloud,94,weather,28,water,visual,11,45,322,0.022,0.034
a004371,living,cloud,cloud,94,weather,28,wet,haptic,6,33,97,0.030,0.062
a004362,living,cloud,cloud,94,weather,28,white,visual,67,74,534,0.014,0.125
a004442,living,clown,clown,98,entertainer,16,circus,visual,9,3,12,0.333,0.750
a004439,living,clown,clown,98,entertainer,16,color,visual,14,73,478,0.014,0.029
a004447,living,clown,clown,98,entertainer,16,creepy,visual,5,9,39,0.111,0.128
a004445,living,clown,clown,98,entertainer,16,entertain,auditory,6,13,35,0.077,0.171
a004451,living,clown,clown,98,entertainer,16,facepaint,NA,3,1,3,1.000,1.000
a004449,living,clown,clown,98,entertainer,16,fun,interoceptive,4,52,219,0.019,0.018
a004434,living,clown,clown,98,entertainer,16,funny,auditory,36,17,58,0.059,0.621
a004446,living,clown,clown,98,entertainer,16,hair,visual,5,44,238,0.023,0.021
a004441,living,clown,clown,98,entertainer,16,happy,interoceptive,10,8,23,0.125,0.435
a004438,living,clown,clown,98,entertainer,16,hat,visual,15,4,35,0.250,0.429
a004448,living,clown,clown,98,entertainer,16,humour,NA,4,1,4,1.000,1.000
a004433,living,clown,clown,98,entertainer,16,makeup,visual,42,27,105,0.037,0.400
a004435,living,clown,clown,98,entertainer,16,nose,visual,21,18,55,0.056,0.382
a004440,living,clown,clown,98,entertainer,16,paint,visual,13,8,62,0.125,0.210
a004450,living,clown,clown,98,entertainer,16,play,visual,3,34,138,0.029,0.022
a004436,living,clown,clown,98,entertainer,16,scare,interoceptive,18,25,84,0.040,0.214
a004443,living,clown,clown,98,entertainer,16,silly,visual,8,5,12,0.200,0.667
a004437,living,clown,clown,98,entertainer,16,smile,visual,15,3,32,0.333,0.469
a004444,living,clown,clown,98,entertainer,16,wig,visual,6,2,7,0.500,0.857
a004535,nonliving,coat,coat,64,clothing,94,black,visual,3,58,247,0.017,0.012
a004511,nonliving,coat,coat,64,clothing,94,button,haptic,34,21,296,0.048,0.115
a004521,nonliving,coat,coat,64,clothing,94,cloth,visual,5,30,165,0.033,0.030
a004517,nonliving,coat,coat,64,clothing,94,collar,visual,7,9,97,0.111,0.072
a004534,nonliving,coat,coat,64,clothing,94,comfort,interoceptive,3,29,169,0.034,0.018
a004526,nonliving,coat,coat,64,clothing,94,cotton,haptic,4,23,117,0.043,0.034
a004520,nonliving,coat,coat,64,clothing,94,cover,visual,5,37,138,0.027,0.036
a004525,nonliving,coat,coat,64,clothing,94,fabric,haptic,4,27,168,0.037,0.024
a004533,nonliving,coat,coat,64,clothing,94,fashion,visual,3,21,81,0.048,0.037
a004524,nonliving,coat,coat,64,clothing,94,formal,visual,4,16,53,0.063,0.075
a004516,nonliving,coat,coat,64,clothing,94,heavy,haptic,7,109,772,0.009,0.009
a004523,nonliving,coat,coat,64,clothing,94,lapel,visual,4,4,7,0.250,0.571
a004510,nonliving,coat,coat,64,clothing,94,long,visual,36,128,1235,0.008,0.029
a004532,nonliving,coat,coat,64,clothing,94,man,visual,3,16,43,0.063,0.070
a004531,nonliving,coat,coat,64,clothing,94,outerwear,visual,3,2,7,0.500,0.429
a004513,nonliving,coat,coat,64,clothing,94,pocket,visual,12,8,142,0.125,0.085
a004515,nonliving,coat,coat,64,clothing,94,protect,visual,8,39,284,0.026,0.028
a004530,nonliving,coat,coat,64,clothing,94,rain,visual,3,7,57,0.143,0.053
a004512,nonliving,coat,coat,64,clothing,94,sleeve,visual,12,7,122,0.143,0.098
a004514,nonliving,coat,coat,64,clothing,94,soft,haptic,10,112,774,0.009,0.013
a004522,nonliving,coat,coat,64,clothing,94,style,visual,4,27,95,0.037,0.042
a004529,nonliving,coat,coat,64,clothing,94,thick,haptic,3,28,63,0.036,0.048
a004509,nonliving,coat,coat,64,clothing,94,warm,haptic,50,53,600,0.019,0.083
a004519,nonliving,coat,coat,64,clothing,94,wear,haptic,5,32,145,0.031,0.034
a004518,nonliving,coat,coat,64,clothing,94,white,visual,5,74,534,0.014,0.009
a004528,nonliving,coat,coat,64,clothing,94,winter,visual,3,14,54,0.071,0.056
a004527,nonliving,coat,coat,64,clothing,94,wool,haptic,3,17,142,0.059,0.021
a004603,nonliving,comb,comb,98,tool,28,black,visual,3,58,247,0.017,0.012
a004590,nonliving,comb,comb,98,tool,28,bristle,visual,7,5,217,0.200,0.032
a004588,nonliving,comb,comb,98,tool,28,brush,haptic,9,7,53,0.143,0.170
a004602,nonliving,comb,comb,98,tool,28,comb,haptic,3,5,26,0.200,0.115
a004601,nonliving,comb,comb,98,tool,28,fine,interoceptive,3,7,11,0.143,0.273
a004592,nonliving,comb,comb,98,tool,28,groom,visual,6,3,10,0.333,0.600
a004585,nonliving,comb,comb,98,tool,28,hair,visual,33,44,238,0.023,0.139
a004597,nonliving,comb,comb,98,tool,28,hard,haptic,4,139,560,0.007,0.007
a004600,nonliving,comb,comb,98,tool,28,lightweight,haptic,3,64,94,0.016,0.032
a004587,nonliving,comb,comb,98,tool,28,long,visual,12,128,1235,0.008,0.010
a004584,nonliving,comb,comb,98,tool,28,plastic,visual,44,52,306,0.019,0.144
a004596,nonliving,comb,comb,98,tool,28,pointy,haptic,4,44,210,0.023,0.019
a004599,nonliving,comb,comb,98,tool,28,sharp,haptic,3,50,599,0.020,0.005
a004586,nonliving,comb,comb,98,tool,28,small,visual,20,180,1681,0.006,0.012
a004595,nonliving,comb,comb,98,tool,28,straight,visual,4,21,47,0.048,0.085
a004589,nonliving,comb,comb,98,tool,28,style,visual,7,27,95,0.037,0.074
a004591,nonliving,comb,comb,98,tool,28,thin,visual,6,71,281,0.014,0.021
a004594,nonliving,comb,comb,98,tool,28,tine,NA,5,3,23,0.333,0.217
a004583,nonliving,comb,comb,98,tool,28,tooth,haptic,49,25,179,0.040,0.274
a004598,nonliving,comb,comb,98,tool,28,untangle,visual,3,1,3,1.000,1.000
a004593,nonliving,comb,comb,98,tool,28,useful,visual,5,164,392,0.006,0.013
a004683,living,corn,corn,99,vegetable,63,butter,gustatory,3,8,42,0.125,0.071
a004667,living,corn,corn,99,vegetable,63,cob,visual,8,2,9,0.500,0.889
a004682,living,corn,corn,99,vegetable,63,crop,visual,3,2,4,0.500,0.750
a004669,living,corn,corn,99,vegetable,63,crunch,auditory,7,19,123,0.053,0.057
a004668,living,corn,corn,99,vegetable,63,ear,visual,7,28,168,0.036,0.042
a004676,living,corn,corn,99,vegetable,63,edible,gustatory,5,33,109,0.030,0.046
a004671,living,corn,corn,99,vegetable,63,food,gustatory,6,57,212,0.018,0.028
a004675,living,corn,corn,99,vegetable,63,fresh,gustatory,5,28,51,0.036,0.098
a004679,living,corn,corn,99,vegetable,63,green,visual,4,37,826,0.027,0.005
a004674,living,corn,corn,99,vegetable,63,health,interoceptive,5,33,155,0.030,0.032
a004664,living,corn,corn,99,vegetable,63,husk,visual,20,4,23,0.250,0.870
a004678,living,corn,corn,99,vegetable,63,juicy,gustatory,4,21,370,0.048,0.011
a004663,living,corn,corn,99,vegetable,63,kernel,visual,24,1,24,1.000,1.000
a004670,living,corn,corn,99,vegetable,63,long,visual,6,128,1235,0.008,0.005
a004673,living,corn,corn,99,vegetable,63,popcorn,gustatory,5,1,5,1.000,1.000
a004677,living,corn,corn,99,vegetable,63,silk,haptic,4,17,64,0.059,0.063
a004681,living,corn,corn,99,vegetable,63,small,visual,3,180,1681,0.006,0.002
a004666,living,corn,corn,99,vegetable,63,stalk,visual,9,10,44,0.100,0.205
a004680,living,corn,corn,99,vegetable,63,stem,visual,3,31,270,0.032,0.011
a004662,living,corn,corn,99,vegetable,63,sweet,gustatory,25,31,568,0.032,0.044
a004665,living,corn,corn,99,vegetable,63,taste,gustatory,12,43,319,0.023,0.038
a004672,living,corn,corn,99,vegetable,63,vegetable,gustatory,5,19,57,0.053,0.088
a004661,living,corn,corn,99,vegetable,63,yellow,visual,68,42,475,0.024,0.143
a004760,nonliving,couch,couch,66,furniture,92,arm,haptic,3,17,49,0.059,0.061
a004746,nonliving,couch,couch,66,furniture,92,armrest,haptic,6,2,10,0.500,0.600
a004759,nonliving,couch,couch,66,furniture,92,back,visual,3,8,39,0.125,0.077
a004744,nonliving,couch,couch,66,furniture,92,big,visual,8,116,414,0.009,0.019
a004737,nonliving,couch,couch,66,furniture,92,comfort,interoceptive,32,29,169,0.034,0.189
a004743,nonliving,couch,couch,66,furniture,92,comfy,haptic,9,11,31,0.091,0.290
a004735,nonliving,couch,couch,66,furniture,92,cushion,haptic,42,4,45,0.250,0.933
a004745,nonliving,couch,couch,66,furniture,92,fabric,haptic,6,27,168,0.037,0.036
a004748,nonliving,couch,couch,66,furniture,92,foot,visual,5,58,241,0.017,0.021
a004742,nonliving,couch,couch,66,furniture,92,heavy,haptic,9,109,772,0.009,0.012
a004758,nonliving,couch,couch,66,furniture,92,house,visual,3,33,48,0.030,0.063
a004741,nonliving,couch,couch,66,furniture,92,large,visual,9,122,864,0.008,0.010
a004757,nonliving,couch,couch,66,furniture,92,leather,visual,3,27,336,0.037,0.009
a004738,nonliving,couch,couch,66,furniture,92,leg,visual,20,65,662,0.015,0.030
a004756,nonliving,couch,couch,66,furniture,92,livingroom,NA,3,2,4,0.500,0.750
a004740,nonliving,couch,couch,66,furniture,92,long,visual,9,128,1235,0.008,0.007
a004755,nonliving,couch,couch,66,furniture,92,lounge,visual,3,2,4,0.500,0.750
a004754,nonliving,couch,couch,66,furniture,92,pillow,haptic,3,2,23,0.500,0.130
a004753,nonliving,couch,couch,66,furniture,92,plush,haptic,3,1,3,1.000,1.000
a004751,nonliving,couch,couch,66,furniture,92,relax,interoceptive,4,20,41,0.050,0.098
a004750,nonliving,couch,couch,66,furniture,92,rest,interoceptive,4,7,18,0.143,0.222
a004747,nonliving,couch,couch,66,furniture,92,seat,haptic,5,15,187,0.067,0.027
a004739,nonliving,couch,couch,66,furniture,92,sit,visual,12,13,74,0.077,0.162
a004749,nonliving,couch,couch,66,furniture,92,sleep,interoceptive,4,8,41,0.125,0.098
a004736,nonliving,couch,couch,66,furniture,92,soft,haptic,41,112,774,0.009,0.053
a004752,nonliving,couch,couch,66,furniture,92,wide,visual,3,31,37,0.032,0.081
a004810,living,cow,cow,95,animal,87,beef,gustatory,6,1,6,1.000,1.000
a004809,living,cow,cow,95,animal,87,big,visual,7,116,414,0.009,0.017
a004808,living,cow,cow,95,animal,87,brown,visual,7,93,455,0.011,0.015
a004818,living,cow,cow,95,animal,87,dairy,gustatory,3,1,3,1.000,1.000
a004807,living,cow,cow,95,animal,87,farm,visual,7,14,82,0.071,0.085
a004817,living,cow,cow,95,animal,87,food,gustatory,3,57,212,0.018,0.014
a004816,living,cow,cow,95,animal,87,foot,visual,3,58,241,0.017,0.012
a004813,living,cow,cow,95,animal,87,friend,visual,4,28,71,0.036,0.056
a004806,living,cow,cow,95,animal,87,fur,visual,7,40,580,0.025,0.012
a004815,living,cow,cow,95,animal,87,fuzzy,haptic,3,31,129,0.032,0.023
a004814,living,cow,cow,95,animal,87,graze,visual,3,3,5,0.333,0.600
a004812,living,cow,cow,95,animal,87,heavy,haptic,4,109,772,0.009,0.005
a004801,living,cow,cow,95,animal,87,hoof,visual,12,10,175,0.100,0.069
a004798,living,cow,cow,95,animal,87,horn,auditory,27,15,207,0.067,0.130
a004800,living,cow,cow,95,animal,87,large,visual,17,122,864,0.008,0.020
a004805,living,cow,cow,95,animal,87,meat,gustatory,8,15,52,0.067,0.154
a004797,living,cow,cow,95,animal,87,milk,gustatory,49,11,81,0.091,0.605
a004803,living,cow,cow,95,animal,87,moo,auditory,10,1,10,1.000,1.000
a004802,living,cow,cow,95,animal,87,slow,visual,10,36,200,0.028,0.050
a004811,living,cow,cow,95,animal,87,steak,gustatory,4,3,6,0.333,0.667
a004804,living,cow,cow,95,animal,87,tail,visual,9,41,643,0.024,0.014
a004799,living,cow,cow,95,animal,87,udder,visual,25,1,25,1.000,1.000
a004900,nonliving,crown,crown,100,accessory,33,bejewel,visual,3,1,3,1.000,1.000
a004896,nonliving,crown,crown,100,accessory,33,color,visual,4,73,478,0.014,0.008
a004899,nonliving,crown,crown,100,accessory,33,diamond,visual,3,4,20,0.250,0.150
a004889,nonliving,crown,crown,100,accessory,33,expensive,visual,9,37,114,0.027,0.079
a004892,nonliving,crown,crown,100,accessory,33,gem,visual,8,3,16,0.333,0.500
a004881,nonliving,crown,crown,100,accessory,33,gold,visual,39,20,111,0.050,0.351
a004888,nonliving,crown,crown,100,accessory,33,head,visual,9,43,166,0.023,0.054
a004886,nonliving,crown,crown,100,accessory,33,heavy,haptic,12,109,772,0.009,0.016
a004880,nonliving,crown,crown,100,accessory,33,jewel,visual,48,6,68,0.167,0.706
a004883,nonliving,crown,crown,100,accessory,33,king,visual,19,4,31,0.250,0.613
a004895,nonliving,crown,crown,100,accessory,33,majestic,visual,4,17,50,0.059,0.080
a004884,nonliving,crown,crown,100,accessory,33,metal,visual,16,100,2252,0.010,0.007
a004898,nonliving,crown,crown,100,accessory,33,ornament,visual,3,6,8,0.167,0.375
a004894,nonliving,crown,crown,100,accessory,33,point,visual,5,38,307,0.026,0.016
a004891,nonliving,crown,crown,100,accessory,33,pointy,haptic,8,44,210,0.023,0.038
a004893,nonliving,crown,crown,100,accessory,33,queen,visual,6,3,10,0.333,0.600
a004887,nonliving,crown,crown,100,accessory,33,regal,visual,10,7,19,0.143,0.526
a004885,nonliving,crown,crown,100,accessory,33,round,visual,12,120,1208,0.008,0.010
a004882,nonliving,crown,crown,100,accessory,33,royal,visual,20,1,20,1.000,1.000
a004890,nonliving,crown,crown,100,accessory,33,shine,visual,8,65,197,0.015,0.041
a004897,nonliving,crown,crown,100,accessory,33,valuable,visual,3,9,20,0.111,0.150
a004971,nonliving,cup,cup,95,dish,28,break,visual,3,25,77,0.040,0.039
a004951,nonliving,cup,cup,95,dish,28,ceramic,visual,22,7,75,0.143,0.293
a004970,nonliving,cup,cup,95,dish,28,china,visual,3,1,3,1.000,1.000
a004952,nonliving,cup,cup,95,dish,28,coffee,gustatory,19,5,25,0.200,0.760
a004958,nonliving,cup,cup,95,dish,28,container,visual,6,27,91,0.037,0.066
a004969,nonliving,cup,cup,95,dish,28,deep,visual,3,19,74,0.053,0.041
a004965,nonliving,cup,cup,95,dish,28,delicate,haptic,4,39,85,0.026,0.047
a004953,nonliving,cup,cup,95,dish,28,drink,gustatory,16,17,102,0.059,0.157
a004957,nonliving,cup,cup,95,dish,28,fragile,haptic,9,38,143,0.026,0.063
a004956,nonliving,cup,cup,95,dish,28,glass,visual,9,22,473,0.045,0.019
a004948,nonliving,cup,cup,95,dish,28,handle,haptic,47,65,1126,0.015,0.042
a004964,nonliving,cup,cup,95,dish,28,hard,haptic,4,139,560,0.007,0.007
a004963,nonliving,cup,cup,95,dish,28,hold,haptic,4,56,176,0.018,0.023
a004968,nonliving,cup,cup,95,dish,28,hot,haptic,3,28,319,0.036,0.009
a004962,nonliving,cup,cup,95,dish,28,liquid,visual,5,10,54,0.100,0.093
a004955,nonliving,cup,cup,95,dish,28,porcelain,visual,11,6,30,0.167,0.367
a004950,nonliving,cup,cup,95,dish,28,round,visual,23,120,1208,0.008,0.019
a004949,nonliving,cup,cup,95,dish,28,small,visual,23,180,1681,0.006,0.014
a004961,nonliving,cup,cup,95,dish,28,smooth,haptic,5,166,381,0.006,0.013
a004967,nonliving,cup,cup,95,dish,28,solid,haptic,3,47,59,0.021,0.051
a004954,nonliving,cup,cup,95,dish,28,tea,gustatory,12,7,38,0.143,0.316
a004960,nonliving,cup,cup,95,dish,28,useful,visual,5,164,392,0.006,0.013
a004966,nonliving,cup,cup,95,dish,28,warm,haptic,3,53,600,0.019,0.005
a004959,nonliving,cup,cup,95,dish,28,white,visual,5,74,534,0.014,0.009
a005017,living,deer,deer,97,animal,88,antler,visual,49,4,53,0.250,0.925
a005039,living,deer,deer,97,animal,88,big,visual,3,116,414,0.009,0.007
a005020,living,deer,deer,97,animal,88,brown,visual,19,93,455,0.011,0.042
a005029,living,deer,deer,97,animal,88,buck,visual,5,1,5,1.000,1.000
a005022,living,deer,deer,97,animal,88,fast,visual,17,86,614,0.012,0.028
a005034,living,deer,deer,97,animal,88,food,gustatory,4,57,212,0.018,0.019
a005028,living,deer,deer,97,animal,88,forest,visual,5,12,24,0.083,0.208
a005018,living,deer,deer,97,animal,88,fur,visual,26,40,580,0.025,0.045
a005019,living,deer,deer,97,animal,88,hoof,visual,22,10,175,0.100,0.126
a005021,living,deer,deer,97,animal,88,horn,auditory,18,15,207,0.067,0.087
a005024,living,deer,deer,97,animal,88,hunt,visual,10,13,35,0.077,0.286
a005033,living,deer,deer,97,animal,88,large,visual,4,122,864,0.008,0.005
a005023,living,deer,deer,97,animal,88,leg,visual,10,65,662,0.015,0.015
a005027,living,deer,deer,97,animal,88,majestic,visual,5,17,50,0.059,0.100
a005038,living,deer,deer,97,animal,88,makeup,visual,3,27,105,0.037,0.029
a005026,living,deer,deer,97,animal,88,male,visual,5,10,28,0.100,0.179
a005037,living,deer,deer,97,animal,88,run,visual,3,19,39,0.053,0.077
a005032,living,deer,deer,97,animal,88,shy,visual,4,4,7,0.250,0.571
a005036,living,deer,deer,97,animal,88,skittish,visual,3,5,7,0.200,0.429
a005025,living,deer,deer,97,animal,88,tail,visual,9,41,643,0.024,0.014
a005035,living,deer,deer,97,animal,88,tall,visual,3,52,402,0.019,0.007
a005031,living,deer,deer,97,animal,88,wild,visual,4,23,67,0.043,0.060
a005030,living,deer,deer,97,animal,88,wood,visual,4,68,807,0.015,0.005
a005109,nonliving,desk,desk,96,furniture,85,big,visual,5,116,414,0.009,0.012
a005114,nonliving,desk,desk,96,furniture,85,computer,visual,3,1,3,1.000,1.000
a005093,nonliving,desk,desk,96,furniture,85,drawer,visual,52,3,99,0.333,0.525
a005100,nonliving,desk,desk,96,furniture,85,flat,visual,14,67,308,0.015,0.045
a005110,nonliving,desk,desk,96,furniture,85,handle,haptic,4,65,1126,0.015,0.004
a005105,nonliving,desk,desk,96,furniture,85,hard,haptic,6,139,560,0.007,0.011
a005095,nonliving,desk,desk,96,furniture,85,heavy,haptic,22,109,772,0.009,0.028
a005104,nonliving,desk,desk,96,furniture,85,large,visual,7,122,864,0.008,0.008
a005094,nonliving,desk,desk,96,furniture,85,leg,visual,22,65,662,0.015,0.033
a005113,nonliving,desk,desk,96,furniture,85,metal,visual,3,100,2252,0.010,0.001
a005101,nonliving,desk,desk,96,furniture,85,office,visual,8,5,13,0.200,0.615
a005108,nonliving,desk,desk,96,furniture,85,organize,visual,5,6,11,0.167,0.455
a005103,nonliving,desk,desk,96,furniture,85,rectangle,visual,7,46,215,0.022,0.033
a005112,nonliving,desk,desk,96,furniture,85,square,visual,3,29,127,0.034,0.024
a005107,nonliving,desk,desk,96,furniture,85,storage,visual,5,22,122,0.045,0.041
a005111,nonliving,desk,desk,96,furniture,85,study,visual,3,4,6,0.250,0.500
a005099,nonliving,desk,desk,96,furniture,85,sturdy,visual,14,84,242,0.012,0.058
a005106,nonliving,desk,desk,96,furniture,85,top,visual,5,22,57,0.045,0.088
a005097,nonliving,desk,desk,96,furniture,85,wood,visual,21,68,807,0.015,0.026
a005096,nonliving,desk,desk,96,furniture,85,wooden,visual,21,53,810,0.019,0.026
a005098,nonliving,desk,desk,96,furniture,85,work,visual,15,32,64,0.031,0.234
a005102,nonliving,desk,desk,96,furniture,85,write,visual,7,9,80,0.111,0.088
a005158,living,dog,dog,100,animal,84,bark,auditory,24,4,39,0.250,0.615
a005171,living,dog,dog,100,animal,84,canine,visual,5,3,8,0.333,0.625
a005167,living,dog,dog,100,animal,84,collar,visual,6,9,97,0.111,0.062
a005176,living,dog,dog,100,animal,84,companion,visual,4,3,7,0.333,0.571
a005175,living,dog,dog,100,animal,84,cute,visual,4,39,140,0.026,0.029
a005178,living,dog,dog,100,animal,84,domestic,visual,3,8,11,0.125,0.273
a005166,living,dog,dog,100,animal,84,ear,visual,7,28,168,0.036,0.042
a005177,living,dog,dog,100,animal,84,fast,visual,3,86,614,0.012,0.005
a005160,living,dog,dog,100,animal,84,friend,visual,22,28,71,0.036,0.310
a005174,living,dog,dog,100,animal,84,fun,interoceptive,4,52,219,0.019,0.018
a005156,living,dog,dog,100,animal,84,fur,visual,38,40,580,0.025,0.066
a005173,living,dog,dog,100,animal,84,large,visual,4,122,864,0.008,0.005
a005162,living,dog,dog,100,animal,84,leg,visual,12,65,662,0.015,0.018
a005170,living,dog,dog,100,animal,84,loud,auditory,5,62,595,0.016,0.008
a005165,living,dog,dog,100,animal,84,love,interoceptive,7,15,83,0.067,0.084
a005157,living,dog,dog,100,animal,84,loyal,visual,24,7,30,0.143,0.800
a005169,living,dog,dog,100,animal,84,nose,visual,5,18,55,0.056,0.091
a005164,living,dog,dog,100,animal,84,paw,visual,7,12,39,0.083,0.179
a005161,living,dog,dog,100,animal,84,pet,visual,14,26,52,0.038,0.269
a005163,living,dog,dog,100,animal,84,protect,visual,7,39,284,0.026,0.025
a005168,living,dog,dog,100,animal,84,soft,haptic,5,112,774,0.009,0.006
a005159,living,dog,dog,100,animal,84,tail,visual,23,41,643,0.024,0.036
a005172,living,dog,dog,100,animal,84,wag,visual,4,2,5,0.500,0.800
a005257,nonliving,doll,doll,74,toy,72,arm,haptic,3,17,49,0.059,0.061
a005245,nonliving,doll,doll,74,toy,72,baby,visual,6,7,48,0.143,0.125
a005243,nonliving,doll,doll,74,toy,72,bow,visual,7,5,25,0.200,0.280
a005247,nonliving,doll,doll,74,toy,72,child,visual,5,17,47,0.059,0.106
a005241,nonliving,doll,doll,74,toy,72,clothe,visual,8,27,143,0.037,0.056
a005256,nonliving,doll,doll,74,toy,72,coat,haptic,3,8,12,0.125,0.250
a005250,nonliving,doll,doll,74,toy,72,creepy,visual,4,9,39,0.111,0.103
a005235,nonliving,doll,doll,74,toy,72,cute,visual,15,39,140,0.026,0.107
a005234,nonliving,doll,doll,74,toy,72,dress,visual,18,20,71,0.050,0.254
a005255,nonliving,doll,doll,74,toy,72,eye,visual,3,51,201,0.020,0.015
a005239,nonliving,doll,doll,74,toy,72,female,visual,9,11,61,0.091,0.148
a005246,nonliving,doll,doll,74,toy,72,fun,interoceptive,5,52,219,0.019,0.023
a005233,nonliving,doll,doll,74,toy,72,girl,visual,22,8,39,0.125,0.564
a005237,nonliving,doll,doll,74,toy,72,hair,visual,14,44,238,0.023,0.059
a005254,nonliving,doll,doll,74,toy,72,happy,interoceptive,3,8,23,0.125,0.130
a005253,nonliving,doll,doll,74,toy,72,head,visual,3,43,166,0.023,0.018
a005240,nonliving,doll,doll,74,toy,72,human,visual,8,18,46,0.056,0.174
a005249,nonliving,doll,doll,74,toy,72,life,visual,4,19,35,0.053,0.114
a005252,nonliving,doll,doll,74,toy,72,little,visual,3,13,15,0.077,0.200
a005238,nonliving,doll,doll,74,toy,72,plastic,visual,9,52,306,0.019,0.029
a005236,nonliving,doll,doll,74,toy,72,play,visual,14,34,138,0.029,0.101
a005251,nonliving,doll,doll,74,toy,72,pretty,visual,3,39,130,0.026,0.023
a005242,nonliving,doll,doll,74,toy,72,shoe,visual,7,8,33,0.125,0.212
a005232,nonliving,doll,doll,74,toy,72,small,visual,29,180,1681,0.006,0.017
a005248,nonliving,doll,doll,74,toy,72,soft,haptic,4,112,774,0.009,0.005
a005244,nonliving,doll,doll,74,toy,72,young,visual,6,3,9,0.333,0.667
a005338,living,donkey,donkey,89,animal,89,bray,NA,7,1,7,1.000,1.000
a005344,living,donkey,donkey,89,animal,89,brown,visual,5,93,455,0.011,0.011
a005332,living,donkey,donkey,89,animal,89,ear,visual,13,28,168,0.036,0.077
a005333,living,donkey,donkey,89,animal,89,fur,visual,12,40,580,0.025,0.021
a005331,living,donkey,donkey,89,animal,89,gray,visual,13,39,149,0.026,0.087
a005339,living,donkey,donkey,89,animal,89,hair,visual,6,44,238,0.023,0.025
a005329,living,donkey,donkey,89,animal,89,hoof,visual,23,10,175,0.100,0.131
a005343,living,donkey,donkey,89,animal,89,horse,visual,5,5,23,0.200,0.217
a005353,living,donkey,donkey,89,animal,89,kick,visual,3,11,24,0.091,0.125
a005352,living,donkey,donkey,89,animal,89,large,visual,3,122,864,0.008,0.003
a005330,living,donkey,donkey,89,animal,89,leg,visual,17,65,662,0.015,0.026
a005342,living,donkey,donkey,89,animal,89,loud,auditory,5,62,595,0.016,0.008
a005336,living,donkey,donkey,89,animal,89,mane,visual,9,5,101,0.200,0.089
a005346,living,donkey,donkey,89,animal,89,mule,visual,4,1,4,1.000,1.000
a005341,living,donkey,donkey,89,animal,89,noise,auditory,5,53,121,0.019,0.041
a005351,living,donkey,donkey,89,animal,89,ride,visual,3,11,56,0.091,0.054
a005350,living,donkey,donkey,89,animal,89,short,visual,3,55,132,0.018,0.023
a005337,living,donkey,donkey,89,animal,89,slow,visual,7,36,200,0.028,0.035
a005335,living,donkey,donkey,89,animal,89,small,visual,9,180,1681,0.006,0.005
a005349,living,donkey,donkey,89,animal,89,smart,auditory,3,33,78,0.030,0.038
a005340,living,donkey,donkey,89,animal,89,smell,olfactory,5,44,248,0.023,0.020
a005334,living,donkey,donkey,89,animal,89,strong,visual,11,72,310,0.014,0.035
a005328,living,donkey,donkey,89,animal,89,stubborn,visual,23,4,32,0.250,0.719
a005348,living,donkey,donkey,89,animal,89,sturdy,visual,3,84,242,0.012,0.012
a005327,living,donkey,donkey,89,animal,89,tail,visual,25,41,643,0.024,0.039
a005347,living,donkey,donkey,89,animal,89,transport,visual,3,21,69,0.048,0.043
a005345,living,donkey,donkey,89,animal,89,work,visual,4,32,64,0.031,0.063
a005432,nonliving,door,door,100,house,22,big,visual,4,116,414,0.009,0.010
a005422,nonliving,door,door,100,house,22,close,visual,18,31,83,0.032,0.217
a005426,nonliving,door,door,100,house,22,doorknob,visual,8,2,9,0.500,0.889
a005429,nonliving,door,door,100,house,22,entrance,visual,6,3,11,0.333,0.545
a005435,nonliving,door,door,100,house,22,entry,visual,3,3,6,0.333,0.500
a005434,nonliving,door,door,100,house,22,frame,visual,3,12,68,0.083,0.044
a005421,nonliving,door,door,100,house,22,handle,haptic,18,65,1126,0.015,0.016
a005427,nonliving,door,door,100,house,22,hard,haptic,7,139,560,0.007,0.013
a005425,nonliving,door,door,100,house,22,heavy,haptic,8,109,772,0.009,0.010
a005424,nonliving,door,door,100,house,22,hinge,visual,11,9,26,0.111,0.423
a005417,nonliving,door,door,100,house,22,knob,haptic,29,11,64,0.091,0.453
a005431,nonliving,door,door,100,house,22,large,visual,4,122,864,0.008,0.005
a005420,nonliving,door,door,100,house,22,lock,visual,19,13,94,0.077,0.202
a005419,nonliving,door,door,100,house,22,open,visual,21,55,181,0.018,0.116
a005428,nonliving,door,door,100,house,22,panel,visual,6,3,8,0.333,0.750
a005433,nonliving,door,door,100,house,22,protect,visual,3,39,284,0.026,0.011
a005423,nonliving,door,door,100,house,22,rectangle,visual,13,46,215,0.022,0.060
a005430,nonliving,door,door,100,house,22,safe,visual,5,52,129,0.019,0.039
a005418,nonliving,door,door,100,house,22,wood,visual,26,68,807,0.015,0.032
a005416,nonliving,door,door,100,house,22,wooden,visual,33,53,810,0.019,0.041
a005490,nonliving,doorknob,knob,91,hardware,17,brass,visual,8,11,117,0.091,0.068
a005495,nonliving,doorknob,knob,91,hardware,17,circular,visual,4,29,57,0.034,0.070
a005491,nonliving,doorknob,knob,91,hardware,17,close,visual,7,31,83,0.032,0.084
a005497,nonliving,doorknob,knob,91,hardware,17,cold,haptic,3,50,240,0.020,0.013
a005485,nonliving,doorknob,knob,91,hardware,17,door,visual,16,13,135,0.077,0.119
a005494,nonliving,doorknob,knob,91,hardware,17,entrance,visual,4,3,11,0.333,0.364
a005486,nonliving,doorknob,knob,91,hardware,17,handle,haptic,15,65,1126,0.015,0.013
a005492,nonliving,doorknob,knob,91,hardware,17,hard,haptic,6,139,560,0.007,0.011
a005484,nonliving,doorknob,knob,91,hardware,17,lock,visual,16,13,94,0.077,0.170
a005480,nonliving,doorknob,knob,91,hardware,17,metal,visual,41,100,2252,0.010,0.018
a005483,nonliving,doorknob,knob,91,hardware,17,open,visual,24,55,181,0.018,0.133
a005482,nonliving,doorknob,knob,91,hardware,17,round,visual,33,120,1208,0.008,0.027
a005488,nonliving,doorknob,knob,91,hardware,17,screw,visual,10,17,101,0.059,0.099
a005493,nonliving,doorknob,knob,91,hardware,17,shine,visual,4,65,197,0.015,0.020
a005489,nonliving,doorknob,knob,91,hardware,17,small,visual,8,180,1681,0.006,0.005
a005496,nonliving,doorknob,knob,91,hardware,17,smooth,haptic,3,166,381,0.006,0.008
a005481,nonliving,doorknob,knob,91,hardware,17,turn,visual,38,16,87,0.063,0.437
a005487,nonliving,doorknob,knob,91,hardware,17,twist,visual,12,10,39,0.100,0.308
a005552,nonliving,dress,dress,94,clothing,96,belt,visual,7,4,10,0.250,0.700
a005567,nonliving,dress,dress,94,clothing,96,casual,visual,3,4,9,0.250,0.333
a005562,nonliving,dress,dress,94,clothing,96,classic,visual,4,32,66,0.031,0.061
a005551,nonliving,dress,dress,94,clothing,96,cloth,visual,7,30,165,0.033,0.042
a005561,nonliving,dress,dress,94,clothing,96,color,visual,4,73,478,0.014,0.008
a005545,nonliving,dress,dress,94,clothing,96,comfort,interoceptive,9,29,169,0.034,0.053
a005554,nonliving,dress,dress,94,clothing,96,cotton,haptic,6,23,117,0.043,0.051
a005550,nonliving,dress,dress,94,clothing,96,cover,visual,7,37,138,0.027,0.051
a005566,nonliving,dress,dress,94,clothing,96,dress,visual,3,20,71,0.050,0.042
a005544,nonliving,dress,dress,94,clothing,96,fabric,haptic,14,27,168,0.037,0.083
a005549,nonliving,dress,dress,94,clothing,96,fashion,visual,7,21,81,0.048,0.086
a005543,nonliving,dress,dress,94,clothing,96,female,visual,15,11,61,0.091,0.246
a005557,nonliving,dress,dress,94,clothing,96,flow,visual,5,5,12,0.200,0.417
a005560,nonliving,dress,dress,94,clothing,96,girl,visual,4,8,39,0.125,0.103
a005559,nonliving,dress,dress,94,clothing,96,length,visual,4,12,25,0.083,0.160
a005565,nonliving,dress,dress,94,clothing,96,light,visual,3,114,518,0.009,0.006
a005539,nonliving,dress,dress,94,clothing,96,long,visual,36,128,1235,0.008,0.029
a005548,nonliving,dress,dress,94,clothing,96,modest,visual,7,4,13,0.250,0.538
a005556,nonliving,dress,dress,94,clothing,96,pretty,visual,5,39,130,0.026,0.038
a005564,nonliving,dress,dress,94,clothing,96,shape,visual,3,43,69,0.023,0.043
a005555,nonliving,dress,dress,94,clothing,96,short,visual,5,55,132,0.018,0.038
a005553,nonliving,dress,dress,94,clothing,96,silk,haptic,6,17,64,0.059,0.094
a005546,nonliving,dress,dress,94,clothing,96,skirt,visual,8,6,14,0.167,0.571
a005540,nonliving,dress,dress,94,clothing,96,sleeve,visual,21,7,122,0.143,0.172
a005563,nonliving,dress,dress,94,clothing,96,smooth,haptic,3,166,381,0.006,0.008
a005542,nonliving,dress,dress,94,clothing,96,soft,haptic,15,112,774,0.009,0.019
a005558,nonliving,dress,dress,94,clothing,96,warm,haptic,4,53,600,0.019,0.007
a005547,nonliving,dress,dress,94,clothing,96,wear,haptic,7,32,145,0.031,0.048
a005541,nonliving,dress,dress,94,clothing,96,woman,visual,16,9,56,0.111,0.286
a005630,nonliving,dresser,dresser,76,furniture,85,bedroom,visual,6,3,12,0.333,0.500
a005628,nonliving,dresser,dresser,76,furniture,85,big,visual,8,116,414,0.009,0.019
a005636,nonliving,dresser,dresser,76,furniture,85,brown,visual,3,93,455,0.011,0.007
a005626,nonliving,dresser,dresser,76,furniture,85,clothe,visual,18,27,143,0.037,0.126
a005620,nonliving,dresser,dresser,76,furniture,85,drawer,visual,46,3,99,0.333,0.465
a005633,nonliving,dresser,dresser,76,furniture,85,flat,visual,4,67,308,0.015,0.013
a005623,nonliving,dresser,dresser,76,furniture,85,handle,haptic,26,65,1126,0.015,0.023
a005635,nonliving,dresser,dresser,76,furniture,85,hard,haptic,3,139,560,0.007,0.005
a005625,nonliving,dresser,dresser,76,furniture,85,heavy,haptic,20,109,772,0.009,0.026
a005632,nonliving,dresser,dresser,76,furniture,85,house,visual,5,33,48,0.030,0.104
a005627,nonliving,dresser,dresser,76,furniture,85,large,visual,8,122,864,0.008,0.009
a005631,nonliving,dresser,dresser,76,furniture,85,rectangle,visual,5,46,215,0.022,0.023
a005622,nonliving,dresser,dresser,76,furniture,85,storage,visual,27,22,122,0.045,0.221
a005634,nonliving,dresser,dresser,76,furniture,85,store,visual,3,13,17,0.077,0.176
a005629,nonliving,dresser,dresser,76,furniture,85,sturdy,visual,7,84,242,0.012,0.029
a005624,nonliving,dresser,dresser,76,furniture,85,wood,visual,25,68,807,0.015,0.031
a005621,nonliving,dresser,dresser,76,furniture,85,wooden,visual,33,53,810,0.019,0.041
a005691,nonliving,drum,drum,99,instrument,86,band,auditory,6,15,78,0.067,0.077
a005686,nonliving,drum,drum,99,instrument,86,bang,auditory,13,4,17,0.250,0.765
a005696,nonliving,drum,drum,99,instrument,86,bass,auditory,4,2,6,0.500,0.667
a005685,nonliving,drum,drum,99,instrument,86,beat,auditory,15,2,22,0.500,0.682
a005695,nonliving,drum,drum,99,instrument,86,cylinder,visual,4,34,97,0.029,0.041
a005703,nonliving,drum,drum,99,instrument,86,head,visual,3,43,166,0.023,0.018
a005693,nonliving,drum,drum,99,instrument,86,heavy,haptic,5,109,772,0.009,0.006
a005702,nonliving,drum,drum,99,instrument,86,hit,visual,3,8,44,0.125,0.068
a005689,nonliving,drum,drum,99,instrument,86,hollow,visual,8,48,161,0.021,0.050
a005694,nonliving,drum,drum,99,instrument,86,large,visual,4,122,864,0.008,0.005
a005701,nonliving,drum,drum,99,instrument,86,light,visual,3,114,518,0.009,0.006
a005681,nonliving,drum,drum,99,instrument,86,loud,auditory,49,62,595,0.016,0.082
a005684,nonliving,drum,drum,99,instrument,86,metal,visual,16,100,2252,0.010,0.007
a005683,nonliving,drum,drum,99,instrument,86,music,auditory,23,15,301,0.067,0.076
a005700,nonliving,drum,drum,99,instrument,86,noise,auditory,3,53,121,0.019,0.025
a005687,nonliving,drum,drum,99,instrument,86,percussion,auditory,12,2,13,0.500,0.923
a005699,nonliving,drum,drum,99,instrument,86,plastic,visual,3,52,306,0.019,0.010
a005692,nonliving,drum,drum,99,instrument,86,pound,haptic,5,3,15,0.333,0.333
a005698,nonliving,drum,drum,99,instrument,86,rhythm,auditory,3,1,3,1.000,1.000
a005682,nonliving,drum,drum,99,instrument,86,round,visual,28,120,1208,0.008,0.023
a005697,nonliving,drum,drum,99,instrument,86,song,auditory,3,13,31,0.077,0.097
a005688,nonliving,drum,drum,99,instrument,86,sound,auditory,11,20,154,0.050,0.071
a005690,nonliving,drum,drum,99,instrument,86,stick,visual,7,14,28,0.071,0.250
a005758,living,duck,duck,96,bird,52,beak,visual,30,13,244,0.077,0.123
a005764,living,duck,duck,96,bird,52,bill,visual,14,8,37,0.125,0.378
a005771,living,duck,duck,96,bird,52,bird,visual,5,12,55,0.083,0.091
a005772,living,duck,duck,96,bird,52,cute,visual,4,39,140,0.026,0.029
a005775,living,duck,duck,96,bird,52,egg,gustatory,3,13,49,0.077,0.061
a005757,living,duck,duck,96,bird,52,feather,visual,56,11,452,0.091,0.124
a005761,living,duck,duck,96,bird,52,fly,visual,16,26,355,0.038,0.045
a005768,living,duck,duck,96,bird,52,foot,visual,6,58,241,0.017,0.025
a005774,living,duck,duck,96,bird,52,loud,auditory,3,62,595,0.016,0.005
a005773,living,duck,duck,96,bird,52,peck,visual,3,4,9,0.250,0.333
a005762,living,duck,duck,96,bird,52,quack,auditory,15,3,17,0.333,0.882
a005767,living,duck,duck,96,bird,52,small,visual,7,180,1681,0.006,0.004
a005770,living,duck,duck,96,bird,52,soft,haptic,5,112,774,0.009,0.006
a005763,living,duck,duck,96,bird,52,swim,haptic,14,11,114,0.091,0.123
a005769,living,duck,duck,96,bird,52,waddle,visual,5,3,20,0.333,0.250
a005765,living,duck,duck,96,bird,52,water,visual,8,45,322,0.022,0.025
a005759,living,duck,duck,96,bird,52,webbed,visual,20,8,49,0.125,0.408
a005766,living,duck,duck,96,bird,52,white,visual,7,74,534,0.014,0.013
a005760,living,duck,duck,96,bird,52,wing,visual,19,20,403,0.050,0.047
a005837,living,eagle,eagle,85,bird,68,america,NA,7,2,8,0.500,0.875
a005839,living,eagle,eagle,85,bird,68,bald,visual,5,3,7,0.333,0.714
a005828,living,eagle,eagle,85,bird,68,beak,visual,36,13,244,0.077,0.148
a005836,living,eagle,eagle,85,bird,68,bird,visual,7,12,55,0.083,0.127
a005842,living,eagle,eagle,85,bird,68,carnivore,visual,4,10,24,0.100,0.167
a005834,living,eagle,eagle,85,bird,68,claw,visual,11,20,142,0.050,0.077
a005841,living,eagle,eagle,85,bird,68,danger,interoceptive,4,53,274,0.019,0.015
a005849,living,eagle,eagle,85,bird,68,eye,visual,3,51,201,0.020,0.015
a005838,living,eagle,eagle,85,bird,68,fast,visual,6,86,614,0.012,0.010
a005827,living,eagle,eagle,85,bird,68,feather,visual,36,11,452,0.091,0.080
a005848,living,eagle,eagle,85,bird,68,fierce,interoceptive,3,7,18,0.143,0.167
a005830,living,eagle,eagle,85,bird,68,fly,visual,20,26,355,0.038,0.056
a005832,living,eagle,eagle,85,bird,68,large,visual,15,122,864,0.008,0.017
a005835,living,eagle,eagle,85,bird,68,majestic,visual,10,17,50,0.059,0.200
a005847,living,eagle,eagle,85,bird,68,patriot,visual,3,3,12,0.333,0.250
a005833,living,eagle,eagle,85,bird,68,predator,visual,13,9,51,0.111,0.255
a005846,living,eagle,eagle,85,bird,68,proud,interoceptive,3,6,13,0.167,0.231
a005845,living,eagle,eagle,85,bird,68,regal,visual,3,7,19,0.143,0.158
a005844,living,eagle,eagle,85,bird,68,sharp,haptic,3,50,599,0.020,0.005
a005840,living,eagle,eagle,85,bird,68,strong,visual,4,72,310,0.014,0.013
a005843,living,eagle,eagle,85,bird,68,symbol,visual,3,8,35,0.125,0.086
a005831,living,eagle,eagle,85,bird,68,talon,visual,16,2,21,0.500,0.762
a005829,living,eagle,eagle,85,bird,68,wing,visual,28,20,403,0.050,0.069
a005903,living,ear,ear,100,body,58,canal,visual,8,1,8,1.000,1.000
a005904,living,ear,ear,100,body,58,cartilage,visual,13,2,18,0.500,0.722
a005909,living,ear,ear,100,body,58,curve,visual,4,28,72,0.036,0.056
a005911,living,ear,ear,100,body,58,drum,auditory,6,2,7,0.500,0.857
a005912,living,ear,ear,100,body,58,ear,visual,5,28,168,0.036,0.030
a005913,living,ear,ear,100,body,58,earring,visual,3,1,3,1.000,1.000
a005917,living,ear,ear,100,body,58,flesh,haptic,9,32,117,0.031,0.077
a005918,living,ear,ear,100,body,58,flex,visual,4,37,89,0.027,0.045
a005922,living,ear,ear,100,body,58,hair,visual,3,44,238,0.023,0.013
a005924,living,ear,ear,100,body,58,head,visual,11,43,166,0.023,0.066
a005925,living,ear,ear,100,body,58,hear,auditory,54,4,58,0.250,0.931
a005926,living,ear,ear,100,body,58,hole,visual,3,29,163,0.034,0.018
a005927,living,ear,ear,100,body,58,hollow,visual,3,48,161,0.021,0.019
a005932,living,ear,ear,100,body,58,listen,auditory,9,2,10,0.500,0.900
a005934,living,ear,ear,100,body,58,lobe,visual,21,3,23,0.333,0.913
a005944,living,ear,ear,100,body,58,oval,visual,4,29,62,0.034,0.065
a005951,living,ear,ear,100,body,58,round,visual,15,120,1208,0.008,0.012
a005953,living,ear,ear,100,body,58,sense,interoceptive,4,3,7,0.333,0.571
a005954,living,ear,ear,100,body,58,sensitive,interoceptive,6,10,23,0.100,0.261
a005956,living,ear,ear,100,body,58,skin,haptic,8,37,242,0.027,0.033
a005957,living,ear,ear,100,body,58,small,visual,10,180,1681,0.006,0.006
a005958,living,ear,ear,100,body,58,smooth,haptic,3,166,381,0.006,0.008
a005959,living,ear,ear,100,body,58,soft,haptic,7,112,774,0.009,0.009
a005960,living,ear,ear,100,body,58,sound,auditory,17,20,154,0.050,0.110
a005968,living,ear,ear,100,body,58,useful,visual,4,164,392,0.006,0.010
a005970,living,ear,ear,100,body,58,wax,visual,13,5,86,0.200,0.151
a005977,living,elephant,elephant,100,animal,87,big,visual,18,116,414,0.009,0.043
a005983,living,elephant,elephant,100,animal,87,ear,visual,9,28,168,0.036,0.054
a005988,living,elephant,elephant,100,animal,87,friend,visual,3,28,71,0.036,0.042
a005991,living,elephant,elephant,100,animal,87,gray,visual,35,39,149,0.026,0.235
a005994,living,elephant,elephant,100,animal,87,heavy,haptic,27,109,772,0.009,0.035
a005996,living,elephant,elephant,100,animal,87,huge,visual,12,18,53,0.056,0.226
a005997,living,elephant,elephant,100,animal,87,intelligent,auditory,3,11,29,0.091,0.103
a005998,living,elephant,elephant,100,animal,87,ivory,visual,5,3,14,0.333,0.357
a005999,living,elephant,elephant,100,animal,87,large,visual,49,122,864,0.008,0.057
a006003,living,elephant,elephant,100,animal,87,loud,auditory,5,62,595,0.016,0.008
a006004,living,elephant,elephant,100,animal,87,majestic,visual,3,17,50,0.059,0.060
a006005,living,elephant,elephant,100,animal,87,makeup,visual,4,27,105,0.037,0.038
a006020,living,elephant,elephant,100,animal,87,tail,visual,5,41,643,0.024,0.008
a006024,living,elephant,elephant,100,animal,87,trunk,visual,36,4,62,0.250,0.581
a006025,living,elephant,elephant,100,animal,87,tusk,visual,35,3,41,0.333,0.854
a006047,nonliving,envelope,envelope,87,stationary,23,close,visual,4,31,83,0.032,0.048
a006051,nonliving,envelope,envelope,87,stationary,23,communicate,auditory,3,13,29,0.077,0.103
a006042,nonliving,envelope,envelope,87,stationary,23,flap,visual,7,4,18,0.250,0.389
a006044,nonliving,envelope,envelope,87,stationary,23,flat,visual,6,67,308,0.015,0.019
a006035,nonliving,envelope,envelope,87,stationary,23,fold,visual,15,11,51,0.091,0.294
a006040,nonliving,envelope,envelope,87,stationary,23,glue,visual,8,1,8,1.000,1.000
a006036,nonliving,envelope,envelope,87,stationary,23,letter,visual,14,5,20,0.200,0.700
a006046,nonliving,envelope,envelope,87,stationary,23,lick,visual,4,3,7,0.333,0.571
a006041,nonliving,envelope,envelope,87,stationary,23,light,visual,7,114,518,0.009,0.014
a006050,nonliving,envelope,envelope,87,stationary,23,lightweight,haptic,3,64,94,0.016,0.032
a006049,nonliving,envelope,envelope,87,stationary,23,long,visual,3,128,1235,0.008,0.002
a006033,nonliving,envelope,envelope,87,stationary,23,mail,visual,16,2,18,0.500,0.889
a006030,nonliving,envelope,envelope,87,stationary,23,paper,visual,54,22,155,0.045,0.348
a006034,nonliving,envelope,envelope,87,stationary,23,rectangle,visual,15,46,215,0.022,0.070
a006032,nonliving,envelope,envelope,87,stationary,23,seal,visual,18,7,24,0.143,0.750
a006045,nonliving,envelope,envelope,87,stationary,23,send,visual,4,1,4,1.000,1.000
a006037,nonliving,envelope,envelope,87,stationary,23,small,visual,12,180,1681,0.006,0.007
a006048,nonliving,envelope,envelope,87,stationary,23,smooth,haptic,3,166,381,0.006,0.008
a006043,nonliving,envelope,envelope,87,stationary,23,stamp,visual,6,1,6,1.000,1.000
a006039,nonliving,envelope,envelope,87,stationary,23,sticky,haptic,8,4,16,0.250,0.500
a006038,nonliving,envelope,envelope,87,stationary,23,thin,visual,11,71,281,0.014,0.039
a006031,nonliving,envelope,envelope,87,stationary,23,white,visual,21,74,534,0.014,0.039
a006122,living,eye,eye,100,body,51,black,visual,3,58,247,0.017,0.012
a006110,living,eye,eye,100,body,51,blue,visual,5,20,38,0.050,0.132
a006115,living,eye,eye,100,body,51,brown,visual,4,93,455,0.011,0.009
a006101,living,eye,eye,100,body,51,color,visual,20,73,478,0.014,0.042
a006121,living,eye,eye,100,body,51,complex,visual,3,5,7,0.200,0.429
a006109,living,eye,eye,100,body,51,cornea,visual,5,1,5,1.000,1.000
a006114,living,eye,eye,100,body,51,delicate,haptic,4,39,85,0.026,0.047
a006120,living,eye,eye,100,body,51,express,visual,3,6,9,0.167,0.333
a006119,living,eye,eye,100,body,51,eye,visual,3,51,201,0.020,0.015
a006105,living,eye,eye,100,body,51,eyelash,visual,10,2,11,0.500,0.909
a006100,living,eye,eye,100,body,51,iris,visual,22,1,22,1.000,1.000
a006099,living,eye,eye,100,body,51,lash,visual,26,1,26,1.000,1.000
a006118,living,eye,eye,100,body,51,oval,visual,3,29,62,0.034,0.048
a006098,living,eye,eye,100,body,51,pupil,visual,29,1,29,1.000,1.000
a006107,living,eye,eye,100,body,51,retina,visual,6,1,6,1.000,1.000
a006106,living,eye,eye,100,body,51,round,visual,8,120,1208,0.008,0.007
a006103,living,eye,eye,100,body,51,see,visual,17,5,32,0.200,0.531
a006108,living,eye,eye,100,body,51,sensitive,interoceptive,5,10,23,0.100,0.217
a006113,living,eye,eye,100,body,51,shine,visual,4,65,197,0.015,0.020
a006102,living,eye,eye,100,body,51,sight,visual,17,8,39,0.125,0.436
a006112,living,eye,eye,100,body,51,small,visual,4,180,1681,0.006,0.002
a006117,living,eye,eye,100,body,51,soul,interoceptive,3,3,5,0.333,0.600
a006104,living,eye,eye,100,body,51,vision,visual,14,5,31,0.200,0.452
a006111,living,eye,eye,100,body,51,wet,haptic,4,33,97,0.030,0.041
a006116,living,eye,eye,100,body,51,white,visual,3,74,534,0.014,0.006
a006199,nonliving,fence,fence,95,structure,10,barrier,visual,3,2,4,0.500,0.750
a006198,nonliving,fence,fence,95,structure,10,border,visual,3,1,3,1.000,1.000
a006195,nonliving,fence,fence,95,structure,10,bound,haptic,4,3,12,0.333,0.333
a006194,nonliving,fence,fence,95,structure,10,connect,visual,4,20,42,0.050,0.095
a006193,nonliving,fence,fence,95,structure,10,enclose,visual,4,7,11,0.143,0.364
a006192,nonliving,fence,fence,95,structure,10,hard,haptic,4,139,560,0.007,0.007
a006197,nonliving,fence,fence,95,structure,10,house,visual,3,33,48,0.030,0.063
a006179,nonliving,fence,fence,95,structure,10,long,visual,10,128,1235,0.008,0.008
a006196,nonliving,fence,fence,95,structure,10,metal,visual,3,100,2252,0.010,0.001
a006185,nonliving,fence,fence,95,structure,10,paint,visual,7,8,62,0.125,0.113
a006177,nonliving,fence,fence,95,structure,10,picket,visual,21,1,21,1.000,1.000
a006182,nonliving,fence,fence,95,structure,10,point,visual,8,38,307,0.026,0.026
a006184,nonliving,fence,fence,95,structure,10,pointy,haptic,7,44,210,0.023,0.033
a006189,nonliving,fence,fence,95,structure,10,post,visual,5,3,8,0.333,0.625
a006191,nonliving,fence,fence,95,structure,10,privacy,visual,4,3,7,0.333,0.571
a006183,nonliving,fence,fence,95,structure,10,protect,visual,7,39,284,0.026,0.025
a006187,nonliving,fence,fence,95,structure,10,safe,visual,6,52,129,0.019,0.047
a006181,nonliving,fence,fence,95,structure,10,sharp,haptic,8,50,599,0.020,0.013
a006190,nonliving,fence,fence,95,structure,10,slat,visual,4,4,13,0.250,0.308
a006188,nonliving,fence,fence,95,structure,10,sturdy,visual,5,84,242,0.012,0.021
a006180,nonliving,fence,fence,95,structure,10,tall,visual,8,52,402,0.019,0.020
a006178,nonliving,fence,fence,95,structure,10,white,visual,20,74,534,0.014,0.037
a006176,nonliving,fence,fence,95,structure,10,wood,visual,76,68,807,0.015,0.094
a006186,nonliving,fence,fence,95,structure,10,yard,visual,6,2,7,0.500,0.857
a006267,living,finger,finger,98,body,47,bend,visual,11,14,83,0.071,0.133
a006273,living,finger,finger,98,body,47,bone,visual,6,12,45,0.083,0.133
a006278,living,finger,finger,98,body,47,digit,visual,4,5,11,0.200,0.364
a006270,living,finger,finger,98,body,47,flesh,haptic,9,32,117,0.031,0.077
a006277,living,finger,finger,98,body,47,flex,visual,4,37,89,0.027,0.045
a006269,living,finger,finger,98,body,47,hand,visual,10,21,173,0.048,0.058
a006282,living,finger,finger,98,body,47,human,visual,3,18,46,0.056,0.065
a006275,living,finger,finger,98,body,47,index,visual,5,2,6,0.500,0.833
a006268,living,finger,finger,98,body,47,joint,visual,10,9,41,0.111,0.244
a006266,living,finger,finger,98,body,47,knuckle,visual,14,5,40,0.200,0.350
a006265,living,finger,finger,98,body,47,long,visual,17,128,1235,0.008,0.014
a006262,living,finger,finger,98,body,47,nail,haptic,49,14,247,0.071,0.198
a006281,living,finger,finger,98,body,47,one,visual,3,2,4,0.500,0.750
a006263,living,finger,finger,98,body,47,point,visual,37,38,307,0.026,0.121
a006274,living,finger,finger,98,body,47,pointer,visual,5,2,9,0.500,0.556
a006272,living,finger,finger,98,body,47,pointy,haptic,8,44,210,0.023,0.038
a006280,living,finger,finger,98,body,47,short,visual,3,55,132,0.018,0.023
a006264,living,finger,finger,98,body,47,skin,haptic,23,37,242,0.027,0.095
a006276,living,finger,finger,98,body,47,small,visual,4,180,1681,0.006,0.002
a006271,living,finger,finger,98,body,47,soft,haptic,8,112,774,0.009,0.010
a006279,living,finger,finger,98,body,47,wrinkle,visual,3,14,30,0.071,0.100
a006343,living,fish,fish,94,animal,67,aquatic,visual,9,11,43,0.091,0.209
a006355,living,fish,fish,94,animal,67,cold,haptic,3,50,240,0.020,0.013
a006351,living,fish,fish,94,animal,67,delicious,gustatory,4,24,54,0.042,0.074
a006348,living,fish,fish,94,animal,67,eye,visual,5,51,201,0.020,0.025
a006346,living,fish,fish,94,animal,67,fast,visual,6,86,614,0.012,0.010
a006335,living,fish,fish,94,animal,67,fin,visual,44,5,70,0.200,0.629
a006342,living,fish,fish,94,animal,67,food,gustatory,9,57,212,0.018,0.042
a006337,living,fish,fish,94,animal,67,gill,visual,31,3,39,0.333,0.795
a006354,living,fish,fish,94,animal,67,living,interoceptive,3,70,102,0.014,0.029
a006353,living,fish,fish,94,animal,67,mouth,visual,3,18,37,0.056,0.081
a006350,living,fish,fish,94,animal,67,ocean,visual,4,6,38,0.167,0.105
a006336,living,fish,fish,94,animal,67,scale,visual,38,14,134,0.071,0.284
a006352,living,fish,fish,94,animal,67,sea,visual,3,12,42,0.083,0.071
a006345,living,fish,fish,94,animal,67,slime,haptic,8,14,124,0.071,0.065
a006349,living,fish,fish,94,animal,67,slip,visual,4,11,20,0.091,0.200
a006341,living,fish,fish,94,animal,67,small,visual,9,180,1681,0.006,0.005
a006338,living,fish,fish,94,animal,67,swim,haptic,28,11,114,0.091,0.246
a006340,living,fish,fish,94,animal,67,tail,visual,11,41,643,0.024,0.017
a006347,living,fish,fish,94,animal,67,taste,gustatory,5,43,319,0.023,0.016
a006339,living,fish,fish,94,animal,67,water,visual,15,45,322,0.022,0.047
a006344,living,fish,fish,94,animal,67,wet,haptic,8,33,97,0.030,0.082
a006401,nonliving,flag,flag,99,decor,20,cloth,visual,25,30,165,0.033,0.152
a006402,nonliving,flag,flag,99,decor,20,color,visual,16,73,478,0.014,0.033
a006418,nonliving,flag,flag,99,decor,20,communicate,auditory,4,13,29,0.077,0.138
a006422,nonliving,flag,flag,99,decor,20,cotton,haptic,3,23,117,0.043,0.026
a006417,nonliving,flag,flag,99,decor,20,country,visual,4,2,6,0.500,0.667
a006403,nonliving,flag,flag,99,decor,20,fabric,haptic,15,27,168,0.037,0.089
a006416,nonliving,flag,flag,99,decor,20,flap,visual,4,4,18,0.250,0.222
a006405,nonliving,flag,flag,99,decor,20,fly,visual,11,26,355,0.038,0.031
a006421,nonliving,flag,flag,99,decor,20,handle,haptic,3,65,1126,0.015,0.003
a006415,nonliving,flag,flag,99,decor,20,light,visual,4,114,518,0.009,0.008
a006414,nonliving,flag,flag,99,decor,20,long,visual,4,128,1235,0.008,0.003
a006420,nonliving,flag,flag,99,decor,20,nation,visual,3,1,3,1.000,1.000
a006406,nonliving,flag,flag,99,decor,20,patriot,visual,8,3,12,0.333,0.667
a006399,nonliving,flag,flag,99,decor,20,pole,visual,34,4,37,0.250,0.919
a006407,nonliving,flag,flag,99,decor,20,rectangle,visual,7,46,215,0.022,0.033
a006413,nonliving,flag,flag,99,decor,20,represent,visual,4,3,6,0.333,0.667
a006411,nonliving,flag,flag,99,decor,20,surrender,visual,6,1,6,1.000,1.000
a006404,nonliving,flag,flag,99,decor,20,symbol,visual,11,8,35,0.125,0.314
a006410,nonliving,flag,flag,99,decor,20,tall,visual,6,52,402,0.019,0.015
a006419,nonliving,flag,flag,99,decor,20,tie,visual,3,11,59,0.091,0.051
a006400,nonliving,flag,flag,99,decor,20,wave,visual,29,7,37,0.143,0.784
a006409,nonliving,flag,flag,99,decor,20,white,visual,6,74,534,0.014,0.011
a006408,nonliving,flag,flag,99,decor,20,wind,haptic,6,17,99,0.059,0.061
a006412,nonliving,flag,flag,99,decor,20,wood,visual,4,68,807,0.015,0.005
a006510,living,flower,flower,97,plant,65,alive,interoceptive,3,16,19,0.063,0.158
a006497,living,flower,flower,97,plant,65,beautiful,visual,7,54,131,0.019,0.053
a006502,living,flower,flower,97,plant,65,bee,visual,5,1,5,1.000,1.000
a006509,living,flower,flower,97,plant,65,bright,visual,3,31,268,0.032,0.011
a006491,living,flower,flower,97,plant,65,color,visual,32,73,478,0.014,0.067
a006501,living,flower,flower,97,plant,65,delicate,haptic,6,39,85,0.026,0.071
a006506,living,flower,flower,97,plant,65,fragile,haptic,4,38,143,0.026,0.028
a006494,living,flower,flower,97,plant,65,fragrant,olfactory,13,4,16,0.250,0.813
a006505,living,flower,flower,97,plant,65,garden,visual,4,15,34,0.067,0.118
a006495,living,flower,flower,97,plant,65,green,visual,11,37,826,0.027,0.013
a006496,living,flower,flower,97,plant,65,grow,visual,7,14,31,0.071,0.226
a006490,living,flower,flower,97,plant,65,leaf,visual,34,17,173,0.059,0.197
a006504,living,flower,flower,97,plant,65,leafy,visual,4,10,84,0.100,0.048
a006489,living,flower,flower,97,plant,65,petal,visual,47,3,51,0.333,0.922
a006500,living,flower,flower,97,plant,65,pollen,visual,6,2,15,0.500,0.400
a006493,living,flower,flower,97,plant,65,pretty,visual,17,39,130,0.026,0.131
a006508,living,flower,flower,97,plant,65,scent,olfactory,3,9,15,0.111,0.200
a006499,living,flower,flower,97,plant,65,small,visual,6,180,1681,0.006,0.004
a006498,living,flower,flower,97,plant,65,smell,olfactory,6,44,248,0.023,0.024
a006503,living,flower,flower,97,plant,65,soft,haptic,4,112,774,0.009,0.005
a006492,living,flower,flower,97,plant,65,stem,visual,28,31,270,0.032,0.104
a006507,living,flower,flower,97,plant,65,sweet,gustatory,3,31,568,0.032,0.005
a006564,nonliving,flute,flute,87,instrument,90,air,haptic,5,20,67,0.050,0.075
a006556,nonliving,flute,flute,87,instrument,90,blow,visual,10,6,50,0.167,0.200
a006559,nonliving,flute,flute,87,instrument,90,brass,visual,8,11,117,0.091,0.068
a006566,nonliving,flute,flute,87,instrument,90,button,haptic,4,21,296,0.048,0.014
a006569,nonliving,flute,flute,87,instrument,90,cylinder,visual,3,34,97,0.029,0.031
a006568,nonliving,flute,flute,87,instrument,90,finger,haptic,3,15,163,0.067,0.018
a006555,nonliving,flute,flute,87,instrument,90,hole,visual,10,29,163,0.034,0.061
a006565,nonliving,flute,flute,87,instrument,90,hollow,visual,4,48,161,0.021,0.025
a006552,nonliving,flute,flute,87,instrument,90,key,visual,14,10,161,0.100,0.087
a006563,nonliving,flute,flute,87,instrument,90,light,visual,5,114,518,0.009,0.010
a006551,nonliving,flute,flute,87,instrument,90,long,visual,30,128,1235,0.008,0.024
a006558,nonliving,flute,flute,87,instrument,90,loud,auditory,9,62,595,0.016,0.015
a006549,nonliving,flute,flute,87,instrument,90,metal,visual,44,100,2252,0.010,0.020
a006550,nonliving,flute,flute,87,instrument,90,music,auditory,31,15,301,0.067,0.103
a006567,nonliving,flute,flute,87,instrument,90,pitch,auditory,3,2,4,0.500,0.750
a006560,nonliving,flute,flute,87,instrument,90,shine,visual,7,65,197,0.015,0.036
a006562,nonliving,flute,flute,87,instrument,90,silver,visual,5,38,128,0.026,0.039
a006553,nonliving,flute,flute,87,instrument,90,sound,auditory,12,20,154,0.050,0.078
a006554,nonliving,flute,flute,87,instrument,90,thin,visual,10,71,281,0.014,0.036
a006557,nonliving,flute,flute,87,instrument,90,wind,haptic,9,17,99,0.059,0.091
a006561,nonliving,flute,flute,87,instrument,90,woodwind,auditory,5,2,6,0.500,0.833
a006628,living,fly,fly,95,insect,83,annoy,auditory,24,20,55,0.050,0.436
a006641,living,fly,fly,95,insect,83,antenna,visual,3,12,130,0.083,0.023
a006640,living,fly,fly,95,insect,83,bug,visual,3,11,23,0.091,0.130
a006629,living,fly,fly,95,insect,83,buzz,auditory,16,2,40,0.500,0.400
a006631,living,fly,fly,95,insect,83,dirt,visual,10,35,117,0.029,0.085
a006633,living,fly,fly,95,insect,83,disgust,interoceptive,5,7,12,0.143,0.417
a006626,living,fly,fly,95,insect,83,eye,visual,26,51,201,0.020,0.129
a006630,living,fly,fly,95,insect,83,fast,visual,14,86,614,0.012,0.023
a006625,living,fly,fly,95,insect,83,fly,visual,26,26,355,0.038,0.073
a006635,living,fly,fly,95,insect,83,fuzzy,haptic,4,31,129,0.032,0.031
a006639,living,fly,fly,95,insect,83,insect,visual,3,10,14,0.100,0.214
a006627,living,fly,fly,95,insect,83,leg,visual,24,65,662,0.015,0.036
a006638,living,fly,fly,95,insect,83,loud,auditory,3,62,595,0.016,0.005
a006637,living,fly,fly,95,insect,83,noise,auditory,3,53,121,0.019,0.025
a006636,living,fly,fly,95,insect,83,pesky,visual,3,3,6,0.333,0.500
a006634,living,fly,fly,95,insect,83,pest,visual,4,11,25,0.091,0.160
a006624,living,fly,fly,95,insect,83,small,visual,26,180,1681,0.006,0.015
a006632,living,fly,fly,95,insect,83,tiny,visual,8,24,71,0.042,0.113
a006623,living,fly,fly,95,insect,83,wing,visual,48,20,403,0.050,0.119
a006685,living,foot,foot,96,body,63,ankle,visual,26,4,36,0.250,0.722
a006702,living,foot,foot,96,body,63,arch,visual,4,2,5,0.500,0.800
a006701,living,foot,foot,96,body,63,balance,visual,4,12,31,0.083,0.129
a006693,living,foot,foot,96,body,63,bone,visual,7,12,45,0.083,0.156
a006707,living,foot,foot,96,body,63,dirt,visual,3,35,117,0.029,0.026
a006692,living,foot,foot,96,body,63,flat,visual,7,67,308,0.015,0.023
a006690,living,foot,foot,96,body,63,flesh,haptic,8,32,117,0.031,0.068
a006706,living,foot,foot,96,body,63,flex,visual,3,37,89,0.027,0.034
a006705,living,foot,foot,96,body,63,hair,visual,3,44,238,0.023,0.013
a006689,living,foot,foot,96,body,63,heel,visual,14,6,69,0.167,0.203
a006696,living,foot,foot,96,body,63,human,visual,5,18,46,0.056,0.109
a006704,living,foot,foot,96,body,63,long,visual,3,128,1235,0.008,0.002
a006686,living,foot,foot,96,body,63,nail,haptic,23,14,247,0.071,0.093
a006700,living,foot,foot,96,body,63,shoe,visual,4,8,33,0.125,0.121
a006688,living,foot,foot,96,body,63,skin,haptic,14,37,242,0.027,0.058
a006691,living,foot,foot,96,body,63,smell,olfactory,7,44,248,0.023,0.028
a006699,living,foot,foot,96,body,63,soft,haptic,4,112,774,0.009,0.005
a006698,living,foot,foot,96,body,63,sole,visual,4,4,30,0.250,0.133
a006703,living,foot,foot,96,body,63,step,visual,3,4,35,0.250,0.086
a006694,living,foot,foot,96,body,63,stink,olfactory,6,17,83,0.059,0.072
a006697,living,foot,foot,96,body,63,support,visual,4,16,25,0.063,0.160
a006684,living,foot,foot,96,body,63,toe,visual,58,8,82,0.125,0.707
a006695,living,foot,foot,96,body,63,toenail,visual,5,3,10,0.333,0.500
a006687,living,foot,foot,96,body,63,walk,visual,14,20,62,0.050,0.226
a006784,nonliving,football,football,95,sport,56,aerodynamic,visual,4,6,10,0.167,0.400
a006787,nonliving,football,football,95,sport,56,air,haptic,3,20,67,0.050,0.045
a006775,nonliving,football,football,95,sport,56,ball,visual,6,8,43,0.125,0.140
a006763,nonliving,football,football,95,sport,56,brown,visual,32,93,455,0.011,0.070
a006786,nonliving,football,football,95,sport,56,fun,interoceptive,3,52,219,0.019,0.014
a006769,nonliving,football,football,95,sport,56,game,visual,8,13,30,0.077,0.267
a006774,nonliving,football,football,95,sport,56,grip,haptic,6,19,80,0.053,0.075
a006773,nonliving,football,football,95,sport,56,hard,haptic,6,139,560,0.007,0.011
a006777,nonliving,football,football,95,sport,56,inflate,visual,5,3,15,0.333,0.333
a006776,nonliving,football,football,95,sport,56,kick,visual,5,11,24,0.091,0.208
a006767,nonliving,football,football,95,sport,56,lace,visual,12,9,71,0.111,0.169
a006762,nonliving,football,football,95,sport,56,leather,visual,49,27,336,0.037,0.146
a006768,nonliving,football,football,95,sport,56,light,visual,8,114,518,0.009,0.015
a006771,nonliving,football,football,95,sport,56,oblong,visual,7,6,16,0.167,0.438
a009737,living,leopard,leopard,45,animal,86,orange,visual,3,21,269,0.048,0.011
a006765,nonliving,football,football,95,sport,56,oval,visual,14,29,62,0.034,0.226
a006766,nonliving,football,football,95,sport,56,pigskin,visual,12,1,12,1.000,1.000
a006783,nonliving,football,football,95,sport,56,play,visual,4,34,138,0.029,0.029
a006785,nonliving,football,football,95,sport,56,rough,haptic,3,33,83,0.030,0.036
a006782,nonliving,football,football,95,sport,56,round,visual,4,120,1208,0.008,0.003
a006781,nonliving,football,football,95,sport,56,small,visual,4,180,1681,0.006,0.002
a006780,nonliving,football,football,95,sport,56,spiral,visual,4,3,13,0.333,0.308
a006779,nonliving,football,football,95,sport,56,sport,visual,4,17,45,0.059,0.089
a006770,nonliving,football,football,95,sport,56,stitch,visual,7,9,24,0.111,0.292
a006772,nonliving,football,football,95,sport,56,stripe,visual,6,16,271,0.063,0.022
a006778,nonliving,football,football,95,sport,56,thread,haptic,4,14,112,0.071,0.036
a006764,nonliving,football,football,95,sport,56,throw,visual,20,4,26,0.250,0.769
a006855,nonliving,football_helmet,helmet,99,sport,41,chinstrap,visual,3,1,3,1.000,1.000
a006848,nonliving,football_helmet,helmet,99,sport,41,facemask,NA,6,1,6,1.000,1.000
a006839,nonliving,football_helmet,helmet,99,sport,41,football,visual,20,3,23,0.333,0.870
a006845,nonliving,football_helmet,helmet,99,sport,41,guard,visual,8,2,9,0.500,0.889
a006838,nonliving,football_helmet,helmet,99,sport,41,hard,haptic,37,139,560,0.007,0.066
a006840,nonliving,football_helmet,helmet,99,sport,41,head,visual,19,43,166,0.023,0.114
a006854,nonliving,football_helmet,helmet,99,sport,41,heavy,haptic,3,109,772,0.009,0.004
a006850,nonliving,football_helmet,helmet,99,sport,41,hole,visual,4,29,163,0.034,0.025
a006853,nonliving,football_helmet,helmet,99,sport,41,mouthpiece,visual,3,9,37,0.111,0.081
a006849,nonliving,football_helmet,helmet,99,sport,41,pad,haptic,4,4,7,0.250,0.571
a006841,nonliving,football_helmet,helmet,99,sport,41,plastic,visual,18,52,306,0.019,0.059
a006837,nonliving,football_helmet,helmet,99,sport,41,protect,visual,53,39,284,0.026,0.187
a006843,nonliving,football_helmet,helmet,99,sport,41,round,visual,14,120,1208,0.008,0.012
a006844,nonliving,football_helmet,helmet,99,sport,41,safe,visual,11,52,129,0.019,0.085
a006847,nonliving,football_helmet,helmet,99,sport,41,sport,visual,6,17,45,0.059,0.133
a006842,nonliving,football_helmet,helmet,99,sport,41,strap,visual,16,12,139,0.083,0.115
a006846,nonliving,football_helmet,helmet,99,sport,41,sturdy,visual,6,84,242,0.012,0.025
a006852,nonliving,football_helmet,helmet,99,sport,41,useful,visual,3,164,392,0.006,0.008
a006851,nonliving,football_helmet,helmet,99,sport,41,wear,haptic,3,32,145,0.031,0.021
a006930,nonliving,fork,fork,100,utensil,55,dinner,gustatory,3,15,22,0.067,0.136
a006912,nonliving,fork,fork,100,utensil,55,eat,gustatory,23,41,122,0.024,0.189
a006918,nonliving,fork,fork,100,utensil,55,food,gustatory,11,57,212,0.018,0.052
a006913,nonliving,fork,fork,100,utensil,55,handle,haptic,18,65,1126,0.015,0.016
a006922,nonliving,fork,fork,100,utensil,55,hard,haptic,5,139,560,0.007,0.009
a006919,nonliving,fork,fork,100,utensil,55,long,visual,10,128,1235,0.008,0.008
a006910,nonliving,fork,fork,100,utensil,55,metal,visual,53,100,2252,0.010,0.024
a006927,nonliving,fork,fork,100,utensil,55,point,visual,4,38,307,0.026,0.013
a006917,nonliving,fork,fork,100,utensil,55,pointy,haptic,13,44,210,0.023,0.062
a006926,nonliving,fork,fork,100,utensil,55,poke,haptic,4,10,16,0.100,0.250
a006911,nonliving,fork,fork,100,utensil,55,prong,visual,25,6,74,0.167,0.338
a006915,nonliving,fork,fork,100,utensil,55,sharp,haptic,17,50,599,0.020,0.028
a006921,nonliving,fork,fork,100,utensil,55,shine,visual,5,65,197,0.015,0.025
a006916,nonliving,fork,fork,100,utensil,55,silver,visual,16,38,128,0.026,0.125
a006920,nonliving,fork,fork,100,utensil,55,small,visual,7,180,1681,0.006,0.004
a006925,nonliving,fork,fork,100,utensil,55,smooth,haptic,4,166,381,0.006,0.010
a006929,nonliving,fork,fork,100,utensil,55,stab,haptic,3,4,6,0.250,0.500
a006928,nonliving,fork,fork,100,utensil,55,steel,visual,3,36,72,0.028,0.042
a006914,nonliving,fork,fork,100,utensil,55,tine,NA,17,3,23,0.333,0.739
a006924,nonliving,fork,fork,100,utensil,55,useful,visual,4,164,392,0.006,0.010
a006923,nonliving,fork,fork,100,utensil,55,utensil,haptic,4,5,10,0.200,0.400
a006988,living,fox,fox,79,animal,86,brown,visual,6,93,455,0.011,0.013
a007001,living,fox,fox,79,animal,86,bush,visual,3,5,13,0.200,0.231
a007000,living,fox,fox,79,animal,86,clever,visual,3,2,7,0.500,0.429
a006993,living,fox,fox,79,animal,86,danger,interoceptive,4,53,274,0.019,0.015
a006981,living,fox,fox,79,animal,86,ear,visual,13,28,168,0.036,0.077
a006982,living,fox,fox,79,animal,86,fast,visual,12,86,614,0.012,0.020
a006999,living,fox,fox,79,animal,86,forest,visual,3,12,24,0.083,0.125
a006977,living,fox,fox,79,animal,86,fur,visual,43,40,580,0.025,0.074
a006998,living,fox,fox,79,animal,86,hair,visual,3,44,238,0.023,0.013
a006986,living,fox,fox,79,animal,86,hunt,visual,7,13,35,0.077,0.200
a006992,living,fox,fox,79,animal,86,leg,visual,5,65,662,0.015,0.008
a006991,living,fox,fox,79,animal,86,nose,visual,5,18,55,0.056,0.091
a006990,living,fox,fox,79,animal,86,paw,visual,5,12,39,0.083,0.128
a006987,living,fox,fox,79,animal,86,predator,visual,6,9,51,0.111,0.118
a006997,living,fox,fox,79,animal,86,quick,visual,3,32,56,0.031,0.054
a006980,living,fox,fox,79,animal,86,red,visual,18,43,709,0.023,0.025
a006979,living,fox,fox,79,animal,86,sly,visual,18,3,20,0.333,0.900
a006985,living,fox,fox,79,animal,86,small,visual,8,180,1681,0.006,0.005
a006989,living,fox,fox,79,animal,86,smart,auditory,5,33,78,0.030,0.064
a006984,living,fox,fox,79,animal,86,sneak,visual,8,9,35,0.111,0.229
a006996,living,fox,fox,79,animal,86,soft,haptic,3,112,774,0.009,0.004
a006978,living,fox,fox,79,animal,86,tail,visual,36,41,643,0.024,0.056
a006995,living,fox,fox,79,animal,86,tooth,haptic,3,25,179,0.040,0.017
a006983,living,fox,fox,79,animal,86,wild,visual,8,23,67,0.043,0.119
a006994,living,fox,fox,79,animal,86,wood,visual,3,68,807,0.015,0.004
a007072,nonliving,french_horn,horn,54,instrument,83,band,auditory,6,15,78,0.067,0.077
a007062,nonliving,french_horn,horn,54,instrument,83,blow,visual,10,6,50,0.167,0.200
a007057,nonliving,french_horn,horn,54,instrument,83,brass,visual,43,11,117,0.091,0.368
a007079,nonliving,french_horn,horn,54,instrument,83,button,haptic,3,21,296,0.048,0.010
a007074,nonliving,french_horn,horn,54,instrument,83,circular,visual,4,29,57,0.034,0.070
a007078,nonliving,french_horn,horn,54,instrument,83,curve,visual,3,28,72,0.036,0.042
a007069,nonliving,french_horn,horn,54,instrument,83,french,NA,8,2,10,0.500,0.800
a007068,nonliving,french_horn,horn,54,instrument,83,gold,visual,8,20,111,0.050,0.072
a007077,nonliving,french_horn,horn,54,instrument,83,hard,haptic,3,139,560,0.007,0.005
a007061,nonliving,french_horn,horn,54,instrument,83,heavy,haptic,11,109,772,0.009,0.014
a007065,nonliving,french_horn,horn,54,instrument,83,horn,auditory,9,15,207,0.067,0.043
a007071,nonliving,french_horn,horn,54,instrument,83,key,visual,6,10,161,0.100,0.037
a007067,nonliving,french_horn,horn,54,instrument,83,large,visual,8,122,864,0.008,0.009
a007058,nonliving,french_horn,horn,54,instrument,83,loud,auditory,41,62,595,0.016,0.069
a007059,nonliving,french_horn,horn,54,instrument,83,metal,visual,26,100,2252,0.010,0.012
a007064,nonliving,french_horn,horn,54,instrument,83,mouthpiece,visual,9,9,37,0.111,0.243
a007060,nonliving,french_horn,horn,54,instrument,83,music,auditory,23,15,301,0.067,0.076
a007070,nonliving,french_horn,horn,54,instrument,83,noise,auditory,6,53,121,0.019,0.050
a007073,nonliving,french_horn,horn,54,instrument,83,note,visual,4,8,14,0.125,0.286
a007076,nonliving,french_horn,horn,54,instrument,83,play,visual,3,34,138,0.029,0.022
a007066,nonliving,french_horn,horn,54,instrument,83,shine,visual,8,65,197,0.015,0.041
a007063,nonliving,french_horn,horn,54,instrument,83,sound,auditory,9,20,154,0.050,0.058
a007075,nonliving,french_horn,horn,54,instrument,83,tube,visual,3,10,19,0.100,0.158
a007128,living,frog,frog,97,animal,55,amphibian,visual,8,3,10,0.333,0.800
a007135,living,frog,frog,97,animal,55,cold,haptic,3,50,240,0.020,0.013
a007122,living,frog,frog,97,animal,55,croak,auditory,15,1,15,1.000,1.000
a007123,living,frog,frog,97,animal,55,eye,visual,12,51,201,0.020,0.060
a007118,living,frog,frog,97,animal,55,green,visual,52,37,826,0.027,0.063
a007121,living,frog,frog,97,animal,55,hop,visual,21,5,77,0.200,0.273
a007120,living,frog,frog,97,animal,55,jump,visual,24,15,118,0.067,0.203
a007125,living,frog,frog,97,animal,55,leg,visual,11,65,662,0.015,0.017
a007133,living,frog,frog,97,animal,55,loud,auditory,5,62,595,0.016,0.008
a007132,living,frog,frog,97,animal,55,ribbit,NA,5,1,5,1.000,1.000
a007119,living,frog,frog,97,animal,55,slime,haptic,31,14,124,0.071,0.250
a007124,living,frog,frog,97,animal,55,small,visual,11,180,1681,0.006,0.007
a007134,living,frog,frog,97,animal,55,toad,visual,4,1,4,1.000,1.000
a007130,living,frog,frog,97,animal,55,tongue,visual,6,8,42,0.125,0.143
a007131,living,frog,frog,97,animal,55,wart,visual,5,1,5,1.000,1.000
a007127,living,frog,frog,97,animal,55,water,visual,8,45,322,0.022,0.025
a007129,living,frog,frog,97,animal,55,webbed,visual,6,8,49,0.125,0.122
a007126,living,frog,frog,97,animal,55,wet,haptic,9,33,97,0.030,0.093
a007199,nonliving,frying_pan,pan,86,cookware,22,black,visual,3,58,247,0.017,0.012
a007185,nonliving,frying_pan,pan,86,cookware,22,cook,olfactory,31,17,123,0.059,0.252
a007192,nonliving,frying_pan,pan,86,cookware,22,flat,visual,8,67,308,0.015,0.026
a007190,nonliving,frying_pan,pan,86,cookware,22,food,gustatory,10,57,212,0.018,0.047
a007188,nonliving,frying_pan,pan,86,cookware,22,fry,visual,16,9,34,0.111,0.471
a007184,nonliving,frying_pan,pan,86,cookware,22,handle,haptic,37,65,1126,0.015,0.033
a007194,nonliving,frying_pan,pan,86,cookware,22,hard,haptic,6,139,560,0.007,0.011
a007191,nonliving,frying_pan,pan,86,cookware,22,heat,haptic,8,14,103,0.071,0.078
a007189,nonliving,frying_pan,pan,86,cookware,22,heavy,haptic,15,109,772,0.009,0.019
a007186,nonliving,frying_pan,pan,86,cookware,22,hot,haptic,22,28,319,0.036,0.069
a007193,nonliving,frying_pan,pan,86,cookware,22,iron,visual,7,19,65,0.053,0.108
a007196,nonliving,frying_pan,pan,86,cookware,22,kitchen,visual,4,17,31,0.059,0.129
a007183,nonliving,frying_pan,pan,86,cookware,22,metal,visual,47,100,2252,0.010,0.021
a007187,nonliving,frying_pan,pan,86,cookware,22,round,visual,20,120,1208,0.008,0.017
a007198,nonliving,frying_pan,pan,86,cookware,22,sizzle,auditory,3,2,4,0.500,0.750
a007195,nonliving,frying_pan,pan,86,cookware,22,sturdy,visual,4,84,242,0.012,0.017
a007197,nonliving,frying_pan,pan,86,cookware,22,useful,visual,3,164,392,0.006,0.008
a007269,nonliving,garbage_can,trashcan,42,container,21,bag,visual,4,4,14,0.250,0.286
a007277,nonliving,garbage_can,trashcan,42,container,21,big,visual,3,116,414,0.009,0.007
a007276,nonliving,garbage_can,trashcan,42,container,21,can,visual,3,2,5,0.500,0.600
a007262,nonliving,garbage_can,trashcan,42,container,21,container,visual,5,27,91,0.037,0.055
a007275,nonliving,garbage_can,trashcan,42,container,21,cover,visual,3,37,138,0.027,0.022
a007268,nonliving,garbage_can,trashcan,42,container,21,cylinder,visual,4,34,97,0.029,0.041
a007261,nonliving,garbage_can,trashcan,42,container,21,dirt,visual,6,35,117,0.029,0.051
a007267,nonliving,garbage_can,trashcan,42,container,21,dispose,visual,4,1,4,1.000,1.000
a007255,nonliving,garbage_can,trashcan,42,container,21,garbage,visual,14,5,23,0.200,0.609
a007274,nonliving,garbage_can,trashcan,42,container,21,gross,visual,3,20,35,0.050,0.086
a007254,nonliving,garbage_can,trashcan,42,container,21,handle,haptic,16,65,1126,0.015,0.014
a007273,nonliving,garbage_can,trashcan,42,container,21,hard,haptic,3,139,560,0.007,0.005
a007272,nonliving,garbage_can,trashcan,42,container,21,heavy,haptic,3,109,772,0.009,0.004
a007271,nonliving,garbage_can,trashcan,42,container,21,hold,haptic,3,56,176,0.018,0.017
a007258,nonliving,garbage_can,trashcan,42,container,21,hollow,visual,8,48,161,0.021,0.050
a007266,nonliving,garbage_can,trashcan,42,container,21,large,visual,4,122,864,0.008,0.005
a007252,nonliving,garbage_can,trashcan,42,container,21,lid,visual,28,10,88,0.100,0.318
a007251,nonliving,garbage_can,trashcan,42,container,21,metal,visual,64,100,2252,0.010,0.028
a007257,nonliving,garbage_can,trashcan,42,container,21,round,visual,12,120,1208,0.008,0.010
a007253,nonliving,garbage_can,trashcan,42,container,21,smell,olfactory,19,44,248,0.023,0.077
a007260,nonliving,garbage_can,trashcan,42,container,21,stink,olfactory,6,17,83,0.059,0.072
a007265,nonliving,garbage_can,trashcan,42,container,21,storage,visual,4,22,122,0.045,0.033
a007270,nonliving,garbage_can,trashcan,42,container,21,sturdy,visual,3,84,242,0.012,0.012
a007264,nonliving,garbage_can,trashcan,42,container,21,tin,visual,4,3,6,0.333,0.667
a007256,nonliving,garbage_can,trashcan,42,container,21,trash,visual,12,5,22,0.200,0.545
a007263,nonliving,garbage_can,trashcan,42,container,21,useful,visual,4,164,392,0.006,0.010
a007259,nonliving,garbage_can,trashcan,42,container,21,waste,visual,6,4,9,0.250,0.667
a007328,living,giraffe,giraffe,98,animal,89,africa,NA,9,10,41,0.111,0.220
a007342,living,giraffe,giraffe,98,animal,89,brown,visual,3,93,455,0.011,0.007
a007341,living,giraffe,giraffe,98,animal,89,fur,visual,3,40,580,0.025,0.005
a007330,living,giraffe,giraffe,98,animal,89,hoof,visual,7,10,175,0.100,0.040
a007340,living,giraffe,giraffe,98,animal,89,horn,auditory,3,15,207,0.067,0.014
a007333,living,giraffe,giraffe,98,animal,89,large,visual,5,122,864,0.008,0.006
a007339,living,giraffe,giraffe,98,animal,89,leaf,visual,3,17,173,0.059,0.017
a007329,living,giraffe,giraffe,98,animal,89,leg,visual,7,65,662,0.015,0.011
a007327,living,giraffe,giraffe,98,animal,89,long,visual,20,128,1235,0.008,0.016
a007338,living,giraffe,giraffe,98,animal,89,makeup,visual,3,27,105,0.037,0.029
a007326,living,giraffe,giraffe,98,animal,89,neck,visual,37,14,109,0.071,0.339
a007337,living,giraffe,giraffe,98,animal,89,pattern,visual,3,10,20,0.100,0.150
a007325,living,giraffe,giraffe,98,animal,89,spot,visual,50,12,129,0.083,0.388
a007332,living,giraffe,giraffe,98,animal,89,tail,visual,6,41,643,0.024,0.009
a007324,living,giraffe,giraffe,98,animal,89,tall,visual,75,52,402,0.019,0.187
a007336,living,giraffe,giraffe,98,animal,89,tongue,visual,3,8,42,0.125,0.071
a007335,living,giraffe,giraffe,98,animal,89,wild,visual,4,23,67,0.043,0.060
a007331,living,giraffe,giraffe,98,animal,89,yellow,visual,6,42,475,0.024,0.013
a007334,living,giraffe,giraffe,98,animal,89,zoo,visual,4,10,27,0.100,0.148
a007394,nonliving,glass,glass,76,glassware,14,break,visual,11,25,77,0.040,0.143
a007387,nonliving,glass,glass,76,glassware,14,clear,visual,29,23,133,0.043,0.218
a007398,nonliving,glass,glass,76,glassware,14,container,visual,7,27,91,0.037,0.077
a007410,nonliving,glass,glass,76,glassware,14,cup,visual,3,8,11,0.125,0.273
a007396,nonliving,glass,glass,76,glassware,14,cylinder,visual,9,34,97,0.029,0.093
a007388,nonliving,glass,glass,76,glassware,14,drink,gustatory,23,17,102,0.059,0.225
a007400,nonliving,glass,glass,76,glassware,14,empty,visual,6,18,37,0.056,0.162
a007391,nonliving,glass,glass,76,glassware,14,fragile,haptic,13,38,143,0.026,0.091
a007386,nonliving,glass,glass,76,glassware,14,glass,visual,41,22,473,0.045,0.087
a007402,nonliving,glass,glass,76,glassware,14,hard,haptic,5,139,560,0.007,0.009
a007401,nonliving,glass,glass,76,glassware,14,hold,haptic,5,56,176,0.018,0.028
a007399,nonliving,glass,glass,76,glassware,14,hollow,visual,6,48,161,0.021,0.037
a007409,nonliving,glass,glass,76,glassware,14,juice,gustatory,3,14,32,0.071,0.094
a007393,nonliving,glass,glass,76,glassware,14,liquid,visual,11,10,54,0.100,0.204
a007408,nonliving,glass,glass,76,glassware,14,long,visual,3,128,1235,0.008,0.002
a007404,nonliving,glass,glass,76,glassware,14,milk,gustatory,4,11,81,0.091,0.049
a007390,nonliving,glass,glass,76,glassware,14,round,visual,14,120,1208,0.008,0.012
a007403,nonliving,glass,glass,76,glassware,14,small,visual,4,180,1681,0.006,0.002
a007395,nonliving,glass,glass,76,glassware,14,smooth,haptic,9,166,381,0.006,0.024
a007397,nonliving,glass,glass,76,glassware,14,tall,visual,8,52,402,0.019,0.020
a007407,nonliving,glass,glass,76,glassware,14,thirst,interoceptive,3,2,4,0.500,0.750
a007392,nonliving,glass,glass,76,glassware,14,transparent,visual,12,8,44,0.125,0.273
a007406,nonliving,glass,glass,76,glassware,14,useful,visual,3,164,392,0.006,0.008
a007405,nonliving,glass,glass,76,glassware,14,vessel,visual,3,8,12,0.125,0.250
a007389,nonliving,glass,glass,76,glassware,14,water,visual,16,45,322,0.022,0.050
a007460,nonliving,glasses,glasses,98,accessory,37,clear,visual,9,23,133,0.043,0.068
a007465,nonliving,glasses,glasses,98,accessory,37,correct,visual,6,2,7,0.500,0.857
a007459,nonliving,glasses,glasses,98,accessory,37,eye,visual,9,51,201,0.020,0.045
a007473,nonliving,glasses,glasses,98,accessory,37,focus,visual,3,2,4,0.500,0.750
a007463,nonliving,glasses,glasses,98,accessory,37,fragile,haptic,7,38,143,0.026,0.049
a007453,nonliving,glasses,glasses,98,accessory,37,frame,visual,28,12,68,0.083,0.412
a007452,nonliving,glasses,glasses,98,accessory,37,glass,visual,33,22,473,0.045,0.070
a007467,nonliving,glasses,glasses,98,accessory,37,help,visual,5,42,57,0.024,0.088
a007451,nonliving,glasses,glasses,98,accessory,37,lens,visual,37,2,39,0.500,0.949
a007458,nonliving,glasses,glasses,98,accessory,37,light,visual,9,114,518,0.009,0.017
a007464,nonliving,glasses,glasses,98,accessory,37,magnify,visual,6,1,6,1.000,1.000
a007457,nonliving,glasses,glasses,98,accessory,37,metal,visual,10,100,2252,0.010,0.004
a007472,nonliving,glasses,glasses,98,accessory,37,necessary,visual,3,23,30,0.043,0.100
a007461,nonliving,glasses,glasses,98,accessory,37,plastic,visual,8,52,306,0.019,0.026
a007471,nonliving,glasses,glasses,98,accessory,37,prescription,visual,3,1,3,1.000,1.000
a007470,nonliving,glasses,glasses,98,accessory,37,rim,visual,3,10,16,0.100,0.188
a007456,nonliving,glasses,glasses,98,accessory,37,see,visual,10,5,32,0.200,0.313
a007454,nonliving,glasses,glasses,98,accessory,37,sight,visual,13,8,39,0.125,0.333
a007462,nonliving,glasses,glasses,98,accessory,37,small,visual,7,180,1681,0.006,0.004
a007469,nonliving,glasses,glasses,98,accessory,37,transparent,visual,3,8,44,0.125,0.068
a007468,nonliving,glasses,glasses,98,accessory,37,useful,visual,3,164,392,0.006,0.008
a007455,nonliving,glasses,glasses,98,accessory,37,vision,visual,12,5,31,0.200,0.387
a007466,nonliving,glasses,glasses,98,accessory,37,wear,haptic,5,32,145,0.031,0.034
a007532,nonliving,glove,glove,100,clothing,66,cloth,visual,8,30,165,0.033,0.048
a007539,nonliving,glove,glove,100,clothing,66,cotton,haptic,4,23,117,0.043,0.034
a007538,nonliving,glove,glove,100,clothing,66,cover,visual,4,37,138,0.027,0.029
a007537,nonliving,glove,glove,100,clothing,66,fabric,haptic,5,27,168,0.037,0.030
a007529,nonliving,glove,glove,100,clothing,66,finger,haptic,30,15,163,0.067,0.184
a007535,nonliving,glove,glove,100,clothing,66,fit,visual,7,29,50,0.034,0.140
a007534,nonliving,glove,glove,100,clothing,66,flex,visual,7,37,89,0.027,0.079
a007547,nonliving,glove,glove,100,clothing,66,garden,visual,3,15,34,0.067,0.088
a007530,nonliving,glove,glove,100,clothing,66,hand,visual,19,21,173,0.048,0.110
a007527,nonliving,glove,glove,100,clothing,66,leather,visual,33,27,336,0.037,0.098
a007546,nonliving,glove,glove,100,clothing,66,pair,visual,3,17,23,0.059,0.130
a007528,nonliving,glove,glove,100,clothing,66,protect,visual,31,39,284,0.026,0.109
a007545,nonliving,glove,glove,100,clothing,66,safe,visual,3,52,129,0.019,0.023
a007533,nonliving,glove,glove,100,clothing,66,small,visual,7,180,1681,0.006,0.004
a007544,nonliving,glove,glove,100,clothing,66,smooth,haptic,3,166,381,0.006,0.008
a007543,nonliving,glove,glove,100,clothing,66,snug,haptic,3,8,11,0.125,0.273
a007531,nonliving,glove,glove,100,clothing,66,soft,haptic,15,112,774,0.009,0.019
a007542,nonliving,glove,glove,100,clothing,66,tight,haptic,3,29,100,0.034,0.030
a007541,nonliving,glove,glove,100,clothing,66,useful,visual,3,164,392,0.006,0.008
a007526,nonliving,glove,glove,100,clothing,66,warm,haptic,53,53,600,0.019,0.088
a007540,nonliving,glove,glove,100,clothing,66,wear,haptic,3,32,145,0.031,0.021
a007536,nonliving,glove,glove,100,clothing,66,winter,visual,6,14,54,0.071,0.111
a007610,living,goat,goat,97,animal,86,aggressive,interoceptive,3,25,42,0.040,0.071
a007593,living,goat,goat,97,animal,86,beard,visual,12,2,13,0.500,0.923
a007603,living,goat,goat,97,animal,86,billy,NA,4,1,4,1.000,1.000
a007609,living,goat,goat,97,animal,86,bleat,auditory,3,2,4,0.500,0.750
a007608,living,goat,goat,97,animal,86,cute,visual,3,39,140,0.026,0.021
a007601,living,goat,goat,97,animal,86,ear,visual,5,28,168,0.036,0.030
a007600,living,goat,goat,97,animal,86,farm,visual,5,14,82,0.071,0.061
a007607,living,goat,goat,97,animal,86,fast,visual,3,86,614,0.012,0.005
a007606,living,goat,goat,97,animal,86,food,gustatory,3,57,212,0.018,0.014
a007590,living,goat,goat,97,animal,86,fur,visual,21,40,580,0.025,0.036
a007599,living,goat,goat,97,animal,86,goatee,visual,5,1,5,1.000,1.000
a007597,living,goat,goat,97,animal,86,hair,visual,6,44,238,0.023,0.025
a007589,living,goat,goat,97,animal,86,hoof,visual,25,10,175,0.100,0.143
a007588,living,goat,goat,97,animal,86,horn,auditory,50,15,207,0.067,0.242
a007594,living,goat,goat,97,animal,86,leg,visual,9,65,662,0.015,0.014
a007598,living,goat,goat,97,animal,86,loud,auditory,5,62,595,0.016,0.008
a007592,living,goat,goat,97,animal,86,milk,gustatory,14,11,81,0.091,0.173
a007602,living,goat,goat,97,animal,86,noise,auditory,4,53,121,0.019,0.033
a007605,living,goat,goat,97,animal,86,play,visual,3,34,138,0.029,0.022
a007596,living,goat,goat,97,animal,86,small,visual,6,180,1681,0.006,0.004
a007595,living,goat,goat,97,animal,86,stubborn,visual,6,4,32,0.250,0.188
a007591,living,goat,goat,97,animal,86,tail,visual,15,41,643,0.024,0.023
a007604,living,goat,goat,97,animal,86,white,visual,3,74,534,0.014,0.006
a007707,living,gorilla,gorilla,77,animal,80,africa,NA,3,10,41,0.111,0.073
a007706,living,gorilla,gorilla,77,animal,80,ape,visual,3,3,8,0.333,0.375
a007692,living,gorilla,gorilla,77,animal,80,arm,haptic,7,17,49,0.059,0.143
a007688,living,gorilla,gorilla,77,animal,80,big,visual,14,116,414,0.009,0.034
a007685,living,gorilla,gorilla,77,animal,80,black,visual,22,58,247,0.017,0.089
a007705,living,gorilla,gorilla,77,animal,80,chest,visual,3,4,6,0.250,0.500
a007704,living,gorilla,gorilla,77,animal,80,climb,visual,3,13,68,0.077,0.044
a007690,living,gorilla,gorilla,77,animal,80,danger,interoceptive,9,53,274,0.019,0.033
a007687,living,gorilla,gorilla,77,animal,80,fur,visual,20,40,580,0.025,0.034
a007686,living,gorilla,gorilla,77,animal,80,hair,visual,21,44,238,0.023,0.088
a007695,living,gorilla,gorilla,77,animal,80,hand,visual,5,21,173,0.048,0.029
a007703,living,gorilla,gorilla,77,animal,80,heavy,haptic,3,109,772,0.009,0.004
a007698,living,gorilla,gorilla,77,animal,80,human,visual,4,18,46,0.056,0.087
a007691,living,gorilla,gorilla,77,animal,80,intelligent,auditory,8,11,29,0.091,0.276
a007694,living,gorilla,gorilla,77,animal,80,jungle,visual,6,6,27,0.167,0.222
a007684,living,gorilla,gorilla,77,animal,80,large,visual,27,122,864,0.008,0.031
a007702,living,gorilla,gorilla,77,animal,80,makeup,visual,3,27,105,0.037,0.029
a007701,living,gorilla,gorilla,77,animal,80,monkey,visual,3,2,8,0.500,0.375
a007693,living,gorilla,gorilla,77,animal,80,muscle,visual,6,12,49,0.083,0.122
a007697,living,gorilla,gorilla,77,animal,80,power,visual,4,35,110,0.029,0.036
a007696,living,gorilla,gorilla,77,animal,80,primate,visual,4,2,7,0.500,0.571
a007689,living,gorilla,gorilla,77,animal,80,smart,auditory,9,33,78,0.030,0.115
a007683,living,gorilla,gorilla,77,animal,80,strong,visual,44,72,310,0.014,0.142
a007700,living,gorilla,gorilla,77,animal,80,wild,visual,3,23,67,0.043,0.045
a007699,living,gorilla,gorilla,77,animal,80,zoo,visual,3,10,27,0.100,0.111
a007773,living,grapes,grapes,100,fruit,91,bunch,visual,9,4,12,0.250,0.750
a007780,living,grapes,grapes,100,fruit,91,crisp,haptic,3,16,70,0.063,0.043
a007779,living,grapes,grapes,100,fruit,91,fruit,gustatory,3,15,51,0.067,0.059
a007765,living,grapes,grapes,100,fruit,91,green,visual,21,37,826,0.027,0.025
a007776,living,grapes,grapes,100,fruit,91,juice,gustatory,4,14,32,0.071,0.125
a007764,living,grapes,grapes,100,fruit,91,juicy,gustatory,25,21,370,0.048,0.068
a007772,living,grapes,grapes,100,fruit,91,leaf,visual,9,17,173,0.059,0.052
a007762,living,grapes,grapes,100,fruit,91,purple,visual,32,10,43,0.100,0.744
a007774,living,grapes,grapes,100,fruit,91,red,visual,8,43,709,0.023,0.011
a007778,living,grapes,grapes,100,fruit,91,ripe,visual,3,13,20,0.077,0.150
a007763,living,grapes,grapes,100,fruit,91,round,visual,31,120,1208,0.008,0.026
a007770,living,grapes,grapes,100,fruit,91,seed,visual,10,16,188,0.063,0.053
a007771,living,grapes,grapes,100,fruit,91,small,visual,9,180,1681,0.006,0.005
a007777,living,grapes,grapes,100,fruit,91,smooth,haptic,3,166,381,0.006,0.008
a007775,living,grapes,grapes,100,fruit,91,sour,gustatory,5,13,103,0.077,0.049
a007769,living,grapes,grapes,100,fruit,91,stem,visual,10,31,270,0.032,0.037
a007761,living,grapes,grapes,100,fruit,91,sweet,gustatory,39,31,568,0.032,0.069
a007768,living,grapes,grapes,100,fruit,91,taste,gustatory,11,43,319,0.023,0.034
a007767,living,grapes,grapes,100,fruit,91,vine,visual,11,6,19,0.167,0.579
a007766,living,grapes,grapes,100,fruit,91,wine,gustatory,11,7,60,0.143,0.183
a007827,living,grasshopper,grasshopper,78,insect,84,annoy,auditory,5,20,55,0.050,0.091
a007820,living,grasshopper,grasshopper,78,insect,84,antenna,visual,14,12,130,0.083,0.108
a007830,living,grasshopper,grasshopper,78,insect,84,bug,visual,3,11,23,0.091,0.130
a007823,living,grasshopper,grasshopper,78,insect,84,chirp,auditory,12,4,26,0.250,0.462
a007829,living,grasshopper,grasshopper,78,insect,84,destruct,visual,3,5,10,0.200,0.300
a007825,living,grasshopper,grasshopper,78,insect,84,eye,visual,8,51,201,0.020,0.040
a007826,living,grasshopper,grasshopper,78,insect,84,fast,visual,5,86,614,0.012,0.008
a007824,living,grasshopper,grasshopper,78,insect,84,fly,visual,8,26,355,0.038,0.023
a007815,living,grasshopper,grasshopper,78,insect,84,green,visual,48,37,826,0.027,0.058
a007822,living,grasshopper,grasshopper,78,insect,84,hop,visual,13,5,77,0.200,0.169
a007816,living,grasshopper,grasshopper,78,insect,84,jump,visual,41,15,118,0.067,0.347
a007817,living,grasshopper,grasshopper,78,insect,84,leg,visual,25,65,662,0.015,0.038
a007821,living,grasshopper,grasshopper,78,insect,84,loud,auditory,13,62,595,0.016,0.022
a007828,living,grasshopper,grasshopper,78,insect,84,noise,auditory,4,53,121,0.019,0.033
a007819,living,grasshopper,grasshopper,78,insect,84,small,visual,22,180,1681,0.006,0.013
a007818,living,grasshopper,grasshopper,78,insect,84,wing,visual,24,20,403,0.050,0.060
a007884,nonliving,guitar,guitar,100,instrument,90,acoustic,auditory,10,1,10,1.000,1.000
a007886,nonliving,guitar,guitar,100,instrument,90,fret,interoceptive,8,2,11,0.500,0.727
a007888,nonliving,guitar,guitar,100,instrument,90,hollow,visual,6,48,161,0.021,0.037
a007895,nonliving,guitar,guitar,100,instrument,90,large,visual,3,122,864,0.008,0.003
a007891,nonliving,guitar,guitar,100,instrument,90,long,visual,4,128,1235,0.008,0.003
a007883,nonliving,guitar,guitar,100,instrument,90,loud,auditory,10,62,595,0.016,0.017
a007879,nonliving,guitar,guitar,100,instrument,90,music,auditory,33,15,301,0.067,0.110
a007890,nonliving,guitar,guitar,100,instrument,90,neck,visual,4,14,109,0.071,0.037
a007894,nonliving,guitar,guitar,100,instrument,90,pick,visual,3,13,16,0.077,0.188
a007889,nonliving,guitar,guitar,100,instrument,90,play,visual,5,34,138,0.029,0.036
a007893,nonliving,guitar,guitar,100,instrument,90,song,auditory,3,13,31,0.077,0.097
a007885,nonliving,guitar,guitar,100,instrument,90,sound,auditory,8,20,154,0.050,0.052
a007878,nonliving,guitar,guitar,100,instrument,90,string,visual,78,23,406,0.043,0.192
a007882,nonliving,guitar,guitar,100,instrument,90,strum,auditory,11,3,14,0.333,0.786
a007887,nonliving,guitar,guitar,100,instrument,90,tune,auditory,6,4,11,0.250,0.545
a007892,nonliving,guitar,guitar,100,instrument,90,tuner,auditory,3,2,5,0.500,0.600
a007880,nonliving,guitar,guitar,100,instrument,90,wood,visual,25,68,807,0.015,0.031
a007881,nonliving,guitar,guitar,100,instrument,90,wooden,visual,20,53,810,0.019,0.025
a007950,nonliving,gun,gun,71,weapon,69,barrel,visual,15,5,24,0.200,0.625
a007948,nonliving,gun,gun,71,weapon,69,bullet,visual,28,2,29,0.500,0.966
a007956,nonliving,gun,gun,71,weapon,69,chamber,visual,7,4,11,0.250,0.636
a007964,nonliving,gun,gun,71,weapon,69,cylinder,visual,3,34,97,0.029,0.031
a007949,nonliving,gun,gun,71,weapon,69,danger,interoceptive,23,53,274,0.019,0.084
a007954,nonliving,gun,gun,71,weapon,69,dead,visual,9,11,24,0.091,0.375
a007952,nonliving,gun,gun,71,weapon,69,handle,haptic,11,65,1126,0.015,0.010
a007958,nonliving,gun,gun,71,weapon,69,heavy,haptic,6,109,772,0.009,0.008
a007957,nonliving,gun,gun,71,weapon,69,kill,visual,6,8,20,0.125,0.300
a007951,nonliving,gun,gun,71,weapon,69,loud,auditory,12,62,595,0.016,0.020
a007946,nonliving,gun,gun,71,weapon,69,metal,visual,44,100,2252,0.010,0.020
a007963,nonliving,gun,gun,71,weapon,69,power,visual,3,35,110,0.029,0.027
a007962,nonliving,gun,gun,71,weapon,69,protect,visual,3,39,284,0.026,0.011
a007961,nonliving,gun,gun,71,weapon,69,revolver,visual,3,1,3,1.000,1.000
a007960,nonliving,gun,gun,71,weapon,69,shine,visual,3,65,197,0.015,0.015
a007955,nonliving,gun,gun,71,weapon,69,shoot,visual,7,5,24,0.200,0.292
a007953,nonliving,gun,gun,71,weapon,69,small,visual,10,180,1681,0.006,0.006
a007947,nonliving,gun,gun,71,weapon,69,trigger,interoceptive,34,2,35,0.500,0.971
a007959,nonliving,gun,gun,71,weapon,69,weapon,visual,3,16,28,0.063,0.107
a008042,living,hair,hair,84,body,46,blonde,visual,4,2,5,0.500,0.800
a008033,living,hair,hair,84,body,46,brown,visual,6,93,455,0.011,0.013
a008031,living,hair,hair,84,body,46,brush,haptic,7,7,53,0.143,0.132
a008022,living,hair,hair,84,body,46,color,visual,15,73,478,0.014,0.031
a008030,living,hair,hair,84,body,46,comb,haptic,8,5,26,0.200,0.308
a008038,living,hair,hair,84,body,46,curl,visual,5,3,12,0.333,0.417
a008037,living,hair,hair,84,body,46,cut,haptic,5,16,154,0.063,0.032
a008041,living,hair,hair,84,body,46,grow,visual,4,14,31,0.071,0.129
a008036,living,hair,hair,84,body,46,hair,visual,5,44,238,0.023,0.021
a008027,living,hair,hair,84,body,46,head,visual,9,43,166,0.023,0.054
a008021,living,hair,hair,84,body,46,long,visual,24,128,1235,0.008,0.019
a008040,living,hair,hair,84,body,46,protect,visual,4,39,284,0.026,0.014
a008032,living,hair,hair,84,body,46,round,visual,6,120,1208,0.008,0.005
a008045,living,hair,hair,84,body,46,scalp,haptic,3,2,4,0.500,0.750
a008029,living,hair,hair,84,body,46,shine,visual,8,65,197,0.015,0.041
a008024,living,hair,hair,84,body,46,short,visual,10,55,132,0.018,0.076
a008035,living,hair,hair,84,body,46,silk,haptic,5,17,64,0.059,0.078
a008039,living,hair,hair,84,body,46,smooth,haptic,4,166,381,0.006,0.010
a008020,living,hair,hair,84,body,46,soft,haptic,28,112,774,0.009,0.036
a008034,living,hair,hair,84,body,46,straight,visual,5,21,47,0.048,0.106
a008026,living,hair,hair,84,body,46,strand,visual,9,1,9,1.000,1.000
a008028,living,hair,hair,84,body,46,style,visual,8,27,95,0.037,0.084
a008044,living,hair,hair,84,body,46,texture,haptic,3,6,8,0.167,0.375
a008043,living,hair,hair,84,body,46,thick,haptic,3,28,63,0.036,0.048
a008025,living,hair,hair,84,body,46,thin,visual,9,71,281,0.014,0.032
a008023,living,hair,hair,84,body,46,warm,haptic,10,53,600,0.019,0.017
a008146,nonliving,hammer,hammer,99,tool,97,build,visual,3,9,14,0.111,0.214
a008134,nonliving,hammer,hammer,99,tool,97,claw,visual,10,20,142,0.050,0.070
a008145,nonliving,hammer,hammer,99,tool,97,danger,interoceptive,3,53,274,0.019,0.011
a008139,nonliving,hammer,hammer,99,tool,97,grip,haptic,6,19,80,0.053,0.075
a008128,nonliving,hammer,hammer,99,tool,97,handle,haptic,36,65,1126,0.015,0.032
a008131,nonliving,hammer,hammer,99,tool,97,hard,haptic,20,139,560,0.007,0.036
a008132,nonliving,hammer,hammer,99,tool,97,head,visual,12,43,166,0.023,0.072
a008129,nonliving,hammer,hammer,99,tool,97,heavy,haptic,29,109,772,0.009,0.038
a008133,nonliving,hammer,hammer,99,tool,97,hit,visual,10,8,44,0.125,0.227
a008144,nonliving,hammer,hammer,99,tool,97,long,visual,3,128,1235,0.008,0.002
a008127,nonliving,hammer,hammer,99,tool,97,metal,visual,47,100,2252,0.010,0.021
a008130,nonliving,hammer,hammer,99,tool,97,nail,haptic,20,14,247,0.071,0.081
a008136,nonliving,hammer,hammer,99,tool,97,pound,haptic,8,3,15,0.333,0.533
a008137,nonliving,hammer,hammer,99,tool,97,steel,visual,7,36,72,0.028,0.097
a008135,nonliving,hammer,hammer,99,tool,97,strong,visual,9,72,310,0.014,0.029
a008141,nonliving,hammer,hammer,99,tool,97,sturdy,visual,4,84,242,0.012,0.017
a008143,nonliving,hammer,hammer,99,tool,97,swing,visual,3,9,38,0.111,0.079
a008140,nonliving,hammer,hammer,99,tool,97,useful,visual,4,164,392,0.006,0.010
a008142,nonliving,hammer,hammer,99,tool,97,weapon,visual,3,16,28,0.063,0.107
a008138,nonliving,hammer,hammer,99,tool,97,wood,visual,6,68,807,0.015,0.007
a008213,living,hand,hand,99,body,64,bend,visual,4,14,83,0.071,0.048
a008209,living,hand,hand,99,body,64,bone,visual,5,12,45,0.083,0.111
a008217,living,hand,hand,99,body,64,dirt,visual,3,35,117,0.029,0.026
a008195,living,hand,hand,99,body,64,finger,haptic,62,15,163,0.067,0.380
a008201,living,hand,hand,99,body,64,flesh,haptic,9,32,117,0.031,0.077
a008200,living,hand,hand,99,body,64,flex,visual,9,37,89,0.027,0.101
a008212,living,hand,hand,99,body,64,grab,haptic,4,4,11,0.250,0.364
a008203,living,hand,hand,99,body,64,grasp,haptic,7,9,20,0.111,0.350
a008202,living,hand,hand,99,body,64,grip,haptic,7,19,80,0.053,0.088
a008208,living,hand,hand,99,body,64,hold,haptic,5,56,176,0.018,0.028
a008199,living,hand,hand,99,body,64,knuckle,visual,12,5,40,0.200,0.300
a008196,living,hand,hand,99,body,64,nail,haptic,34,14,247,0.071,0.138
a008205,living,hand,hand,99,body,64,palm,visual,6,1,6,1.000,1.000
a008197,living,hand,hand,99,body,64,skin,haptic,14,37,242,0.027,0.058
a008216,living,hand,hand,99,body,64,small,visual,3,180,1681,0.006,0.002
a008211,living,hand,hand,99,body,64,smooth,haptic,4,166,381,0.006,0.010
a008215,living,hand,hand,99,body,64,soft,haptic,3,112,774,0.009,0.004
a008207,living,hand,hand,99,body,64,strong,visual,5,72,310,0.014,0.016
a008198,living,hand,hand,99,body,64,thumb,visual,12,9,32,0.111,0.375
a008210,living,hand,hand,99,body,64,touch,haptic,4,3,7,0.333,0.571
a008204,living,hand,hand,99,body,64,useful,visual,6,164,392,0.006,0.015
a008214,living,hand,hand,99,body,64,wrinkle,visual,3,14,30,0.071,0.100
a008206,living,hand,hand,99,body,64,wrist,visual,5,4,31,0.250,0.161
a008293,nonliving,hanger,hanger,99,clothing,26,bend,visual,7,14,83,0.071,0.084
a008289,nonliving,hanger,hanger,99,clothing,26,closet,visual,11,1,11,1.000,1.000
a008288,nonliving,hanger,hanger,99,clothing,26,clothe,visual,17,27,143,0.037,0.119
a008292,nonliving,hanger,hanger,99,clothing,26,curve,visual,7,28,72,0.036,0.097
a008285,nonliving,hanger,hanger,99,clothing,26,hang,visual,18,10,46,0.100,0.391
a008296,nonliving,hanger,hanger,99,clothing,26,hard,haptic,6,139,560,0.007,0.011
a008291,nonliving,hanger,hanger,99,clothing,26,hold,haptic,7,56,176,0.018,0.040
a008287,nonliving,hanger,hanger,99,clothing,26,hook,visual,17,11,33,0.091,0.515
a008290,nonliving,hanger,hanger,99,clothing,26,light,visual,8,114,518,0.009,0.015
a008283,nonliving,hanger,hanger,99,clothing,26,metal,visual,64,100,2252,0.010,0.028
a008295,nonliving,hanger,hanger,99,clothing,26,plastic,visual,6,52,306,0.019,0.020
a008301,nonliving,hanger,hanger,99,clothing,26,shape,visual,3,43,69,0.023,0.043
a008298,nonliving,hanger,hanger,99,clothing,26,shirt,visual,5,6,22,0.167,0.227
a008300,nonliving,hanger,hanger,99,clothing,26,storage,visual,3,22,122,0.045,0.025
a008286,nonliving,hanger,hanger,99,clothing,26,thin,visual,17,71,281,0.014,0.060
a008299,nonliving,hanger,hanger,99,clothing,26,triangle,visual,3,8,21,0.125,0.143
a008297,nonliving,hanger,hanger,99,clothing,26,twist,visual,5,10,39,0.100,0.128
a008294,nonliving,hanger,hanger,99,clothing,26,useful,visual,6,164,392,0.006,0.015
a008284,nonliving,hanger,hanger,99,clothing,26,wire,visual,31,19,80,0.053,0.388
a008356,nonliving,harp,harp,96,instrument,87,angel,visual,9,2,10,0.500,0.900
a008355,nonliving,harp,harp,96,instrument,87,beautiful,visual,9,54,131,0.019,0.069
a008362,nonliving,harp,harp,96,instrument,87,big,visual,5,116,414,0.009,0.012
a008368,nonliving,harp,harp,96,instrument,87,classic,visual,4,32,66,0.031,0.061
a008371,nonliving,harp,harp,96,instrument,87,elegant,visual,3,22,32,0.045,0.094
a008370,nonliving,harp,harp,96,instrument,87,frame,visual,3,12,68,0.083,0.044
a008369,nonliving,harp,harp,96,instrument,87,gentle,haptic,3,16,25,0.063,0.120
a008361,nonliving,harp,harp,96,instrument,87,heaven,interoceptive,5,4,8,0.250,0.625
a008353,nonliving,harp,harp,96,instrument,87,heavy,haptic,17,109,772,0.009,0.022
a008367,nonliving,harp,harp,96,instrument,87,instrument,auditory,4,7,13,0.143,0.308
a008352,nonliving,harp,harp,96,instrument,87,large,visual,24,122,864,0.008,0.028
a008358,nonliving,harp,harp,96,instrument,87,loud,auditory,7,62,595,0.016,0.012
a008357,nonliving,harp,harp,96,instrument,87,melody,auditory,8,8,20,0.125,0.400
a008366,nonliving,harp,harp,96,instrument,87,metal,visual,4,100,2252,0.010,0.002
a008351,nonliving,harp,harp,96,instrument,87,music,auditory,29,15,301,0.067,0.096
a008365,nonliving,harp,harp,96,instrument,87,play,visual,4,34,138,0.029,0.029
a008364,nonliving,harp,harp,96,instrument,87,pluck,visual,4,4,9,0.250,0.444
a008363,nonliving,harp,harp,96,instrument,87,soft,haptic,4,112,774,0.009,0.005
a008354,nonliving,harp,harp,96,instrument,87,sound,auditory,10,20,154,0.050,0.065
a008350,nonliving,harp,harp,96,instrument,87,string,visual,65,23,406,0.043,0.160
a008360,nonliving,harp,harp,96,instrument,87,wood,visual,6,68,807,0.015,0.007
a008359,nonliving,harp,harp,96,instrument,87,wooden,visual,6,53,810,0.019,0.007
a008429,nonliving,hat,hat,88,clothing,65,band,auditory,14,15,78,0.067,0.179
a008444,nonliving,hat,hat,88,clothing,65,black,visual,5,58,247,0.017,0.020
a008425,nonliving,hat,hat,88,clothing,65,brim,visual,27,2,40,0.500,0.675
a008448,nonliving,hat,hat,88,clothing,65,brown,visual,4,93,455,0.011,0.009
a008443,nonliving,hat,hat,88,clothing,65,classic,visual,5,32,66,0.031,0.076
a008440,nonliving,hat,hat,88,clothing,65,cloth,visual,6,30,165,0.033,0.036
a008452,nonliving,hat,hat,88,clothing,65,cotton,haptic,3,23,117,0.043,0.026
a008433,nonliving,hat,hat,88,clothing,65,cover,visual,9,37,138,0.027,0.065
a008442,nonliving,hat,hat,88,clothing,65,fabric,haptic,5,27,168,0.037,0.030
a008447,nonliving,hat,hat,88,clothing,65,fancy,visual,4,27,60,0.037,0.067
a008430,nonliving,hat,hat,88,clothing,65,fashion,visual,12,21,81,0.048,0.148
a008431,nonliving,hat,hat,88,clothing,65,felt,haptic,11,2,12,0.500,0.917
a008446,nonliving,hat,hat,88,clothing,65,fit,visual,4,29,50,0.034,0.080
a008445,nonliving,hat,hat,88,clothing,65,formal,visual,4,16,53,0.063,0.075
a008426,nonliving,hat,hat,88,clothing,65,head,visual,20,43,166,0.023,0.120
a008439,nonliving,hat,hat,88,clothing,65,leather,visual,6,27,336,0.037,0.018
a008451,nonliving,hat,hat,88,clothing,65,light,visual,3,114,518,0.009,0.006
a008437,nonliving,hat,hat,88,clothing,65,man,visual,7,16,43,0.063,0.163
a008438,nonliving,hat,hat,88,clothing,65,old,visual,6,65,179,0.015,0.034
a008432,nonliving,hat,hat,88,clothing,65,protect,visual,10,39,284,0.026,0.035
a008434,nonliving,hat,hat,88,clothing,65,round,visual,8,120,1208,0.008,0.007
a008450,nonliving,hat,hat,88,clothing,65,shade,visual,3,10,64,0.100,0.047
a008449,nonliving,hat,hat,88,clothing,65,small,visual,3,180,1681,0.006,0.002
a008436,nonliving,hat,hat,88,clothing,65,soft,haptic,7,112,774,0.009,0.009
a008428,nonliving,hat,hat,88,clothing,65,style,visual,15,27,95,0.037,0.158
a008441,nonliving,hat,hat,88,clothing,65,top,visual,5,22,57,0.045,0.088
a008427,nonliving,hat,hat,88,clothing,65,warm,haptic,15,53,600,0.019,0.025
a008435,nonliving,hat,hat,88,clothing,65,wear,haptic,7,32,145,0.031,0.048
a008520,living,heart,heart,100,shape,48,beat,auditory,7,2,22,0.500,0.318
a008532,living,heart,heart,100,shape,48,blood,visual,3,13,18,0.077,0.167
a008523,living,heart,heart,100,shape,48,care,visual,4,4,7,0.250,0.571
a008519,living,heart,heart,100,shape,48,curve,visual,7,28,72,0.036,0.097
a008531,living,heart,heart,100,shape,48,cute,visual,3,39,140,0.026,0.021
a008530,living,heart,heart,100,shape,48,emotion,interoceptive,3,1,3,1.000,1.000
a008529,living,heart,heart,100,shape,48,friend,visual,3,28,71,0.036,0.042
a008528,living,heart,heart,100,shape,48,large,visual,3,122,864,0.008,0.003
a008511,living,heart,heart,100,shape,48,love,interoceptive,60,15,83,0.067,0.723
a008516,living,heart,heart,100,shape,48,pink,visual,9,23,104,0.043,0.087
a008521,living,heart,heart,100,shape,48,point,visual,5,38,307,0.026,0.016
a008527,living,heart,heart,100,shape,48,pretty,visual,3,39,130,0.026,0.023
a008526,living,heart,heart,100,shape,48,pump,visual,3,3,5,0.333,0.600
a008512,living,heart,heart,100,shape,48,red,visual,52,43,709,0.023,0.073
a008522,living,heart,heart,100,shape,48,romantic,interoceptive,4,3,6,0.333,0.667
a008513,living,heart,heart,100,shape,48,round,visual,15,120,1208,0.008,0.012
a008518,living,heart,heart,100,shape,48,shape,visual,7,43,69,0.023,0.101
a008525,living,heart,heart,100,shape,48,small,visual,3,180,1681,0.006,0.002
a008524,living,heart,heart,100,shape,48,soft,haptic,3,112,774,0.009,0.004
a008515,living,heart,heart,100,shape,48,symbol,visual,9,8,35,0.125,0.257
a008517,living,heart,heart,100,shape,48,symmetric,visual,7,11,25,0.091,0.280
a008514,living,heart,heart,100,shape,48,valentine,visual,13,1,13,1.000,1.000
a008616,nonliving,helicopter,helicopter,97,transportation,42,air,haptic,3,20,67,0.050,0.045
a008610,nonliving,helicopter,helicopter,97,transportation,42,big,visual,4,116,414,0.009,0.010
a008594,nonliving,helicopter,helicopter,97,transportation,42,blade,visual,30,11,129,0.091,0.233
a008605,nonliving,helicopter,helicopter,97,transportation,42,cockpit,visual,5,2,12,0.500,0.417
a008609,nonliving,helicopter,helicopter,97,transportation,42,danger,interoceptive,4,53,274,0.019,0.015
a008604,nonliving,helicopter,helicopter,97,transportation,42,engine,auditory,6,7,69,0.143,0.087
a008597,nonliving,helicopter,helicopter,97,transportation,42,fast,visual,12,86,614,0.012,0.020
a008593,nonliving,helicopter,helicopter,97,transportation,42,fly,visual,40,26,355,0.038,0.113
a008615,nonliving,helicopter,helicopter,97,transportation,42,heavy,haptic,3,109,772,0.009,0.004
a008601,nonliving,helicopter,helicopter,97,transportation,42,hover,visual,10,2,11,0.500,0.909
a008596,nonliving,helicopter,helicopter,97,transportation,42,large,visual,13,122,864,0.008,0.015
a008595,nonliving,helicopter,helicopter,97,transportation,42,loud,auditory,16,62,595,0.016,0.027
a008599,nonliving,helicopter,helicopter,97,transportation,42,metal,visual,11,100,2252,0.010,0.005
a008614,nonliving,helicopter,helicopter,97,transportation,42,noise,auditory,3,53,121,0.019,0.025
a008608,nonliving,helicopter,helicopter,97,transportation,42,pilot,visual,4,2,8,0.500,0.500
a008607,nonliving,helicopter,helicopter,97,transportation,42,power,visual,4,35,110,0.029,0.036
a008598,nonliving,helicopter,helicopter,97,transportation,42,propeller,visual,11,1,11,1.000,1.000
a008600,nonliving,helicopter,helicopter,97,transportation,42,rotor,visual,11,2,12,0.500,0.917
a008613,nonliving,helicopter,helicopter,97,transportation,42,skid,visual,3,1,3,1.000,1.000
a008606,nonliving,helicopter,helicopter,97,transportation,42,spin,visual,4,14,132,0.071,0.030
a008603,nonliving,helicopter,helicopter,97,transportation,42,tail,visual,9,41,643,0.024,0.014
a008612,nonliving,helicopter,helicopter,97,transportation,42,travel,visual,3,18,60,0.056,0.050
a008602,nonliving,helicopter,helicopter,97,transportation,42,window,visual,9,13,117,0.077,0.077
a008611,nonliving,helicopter,helicopter,97,transportation,42,wing,visual,3,20,403,0.050,0.007
a008704,living,horse,horse,99,animal,88,big,visual,3,116,414,0.009,0.007
a008693,living,horse,horse,99,animal,88,brown,visual,9,93,455,0.011,0.020
a008687,living,horse,horse,99,animal,88,fast,visual,21,86,614,0.012,0.034
a008703,living,horse,horse,99,animal,88,friend,visual,3,28,71,0.036,0.042
a008694,living,horse,horse,99,animal,88,fur,visual,7,40,580,0.025,0.012
a008698,living,horse,horse,99,animal,88,gentle,haptic,4,16,25,0.063,0.160
a008697,living,horse,horse,99,animal,88,hair,visual,5,44,238,0.023,0.021
a008696,living,horse,horse,99,animal,88,heavy,haptic,5,109,772,0.009,0.006
a008686,living,horse,horse,99,animal,88,hoof,visual,24,10,175,0.100,0.137
a008690,living,horse,horse,99,animal,88,large,visual,15,122,864,0.008,0.017
a008692,living,horse,horse,99,animal,88,leg,visual,10,65,662,0.015,0.015
a008702,living,horse,horse,99,animal,88,majestic,visual,3,17,50,0.059,0.060
a008684,living,horse,horse,99,animal,88,mane,visual,35,5,101,0.200,0.347
a008701,living,horse,horse,99,animal,88,neigh,auditory,3,2,4,0.500,0.750
a008689,living,horse,horse,99,animal,88,ride,visual,15,11,56,0.091,0.268
a008700,living,horse,horse,99,animal,88,run,visual,3,19,39,0.053,0.077
a008699,living,horse,horse,99,animal,88,smooth,haptic,3,166,381,0.006,0.008
a008695,living,horse,horse,99,animal,88,soft,haptic,5,112,774,0.009,0.006
a008691,living,horse,horse,99,animal,88,strong,visual,10,72,310,0.014,0.032
a008685,living,horse,horse,99,animal,88,tail,visual,30,41,643,0.024,0.047
a008688,living,horse,horse,99,animal,88,tall,visual,18,52,402,0.019,0.045
a008781,nonliving,house,house,89,building,59,big,visual,4,116,414,0.009,0.010
a008774,nonliving,house,house,89,building,59,brick,visual,6,4,26,0.250,0.231
a008765,nonliving,house,house,89,building,59,chimney,visual,22,1,22,1.000,1.000
a008776,nonliving,house,house,89,building,59,comfort,interoceptive,5,29,169,0.034,0.030
a008770,nonliving,house,house,89,building,59,cozy,interoceptive,8,12,31,0.083,0.258
a008763,nonliving,house,house,89,building,59,door,visual,36,13,135,0.077,0.267
a008775,nonliving,house,house,89,building,59,family,visual,5,6,10,0.167,0.500
a008766,nonliving,house,house,89,building,59,home,visual,15,12,27,0.083,0.556
a008783,nonliving,house,house,89,building,59,house,visual,3,33,48,0.030,0.063
a008767,nonliving,house,house,89,building,59,large,visual,14,122,864,0.008,0.016
a008773,nonliving,house,house,89,building,59,live,visual,6,1,6,1.000,1.000
a008782,nonliving,house,house,89,building,59,rectangle,visual,3,46,215,0.022,0.014
a008764,nonliving,house,house,89,building,59,roof,visual,23,5,46,0.200,0.500
a008780,nonliving,house,house,89,building,59,room,visual,4,10,15,0.100,0.267
a008769,nonliving,house,house,89,building,59,safe,visual,8,52,129,0.019,0.062
a008772,nonliving,house,house,89,building,59,shelter,visual,6,3,10,0.333,0.600
a008779,nonliving,house,house,89,building,59,small,visual,4,180,1681,0.006,0.002
a008778,nonliving,house,house,89,building,59,sturdy,visual,4,84,242,0.012,0.017
a008768,nonliving,house,house,89,building,59,warm,haptic,10,53,600,0.019,0.017
a008762,nonliving,house,house,89,building,59,window,visual,38,13,117,0.077,0.325
a008777,nonliving,house,house,89,building,59,wood,visual,4,68,807,0.015,0.005
a008771,nonliving,house,house,89,building,59,wooden,visual,6,53,810,0.019,0.007
a008842,nonliving,iron,iron,99,appliance,44,clothe,visual,17,27,143,0.037,0.119
a008848,nonliving,iron,iron,99,appliance,44,cord,visual,6,9,75,0.111,0.080
a008854,nonliving,iron,iron,99,appliance,44,danger,interoceptive,3,53,274,0.019,0.011
a008847,nonliving,iron,iron,99,appliance,44,electric,haptic,6,17,215,0.059,0.028
a008840,nonliving,iron,iron,99,appliance,44,flat,visual,20,67,308,0.015,0.065
a008844,nonliving,iron,iron,99,appliance,44,handle,haptic,10,65,1126,0.015,0.009
a008852,nonliving,iron,iron,99,appliance,44,hard,haptic,4,139,560,0.007,0.007
a008843,nonliving,iron,iron,99,appliance,44,heat,haptic,13,14,103,0.071,0.126
a008841,nonliving,iron,iron,99,appliance,44,heavy,haptic,17,109,772,0.009,0.022
a008837,nonliving,iron,iron,99,appliance,44,hot,haptic,66,28,319,0.036,0.207
a008839,nonliving,iron,iron,99,appliance,44,metal,visual,33,100,2252,0.010,0.015
a008845,nonliving,iron,iron,99,appliance,44,press,haptic,7,2,9,0.500,0.778
a008851,nonliving,iron,iron,99,appliance,44,small,visual,4,180,1681,0.006,0.002
a008846,nonliving,iron,iron,99,appliance,44,smooth,haptic,6,166,381,0.006,0.016
a008838,nonliving,iron,iron,99,appliance,44,steam,visual,39,6,70,0.167,0.557
a008850,nonliving,iron,iron,99,appliance,44,useful,visual,4,164,392,0.006,0.010
a008849,nonliving,iron,iron,99,appliance,44,water,visual,4,45,322,0.022,0.012
a008853,nonliving,iron,iron,99,appliance,44,wrinkle,visual,3,14,30,0.071,0.100
a008900,nonliving,ironing_board,board,45,tool,13,board,visual,6,8,16,0.125,0.375
a008893,nonliving,ironing_board,board,45,tool,13,clothe,visual,15,27,143,0.037,0.105
a008899,nonliving,ironing_board,board,45,tool,13,cover,visual,6,37,138,0.027,0.043
a008907,nonliving,ironing_board,board,45,tool,13,fabric,haptic,3,27,168,0.037,0.018
a008888,nonliving,ironing_board,board,45,tool,13,flat,visual,38,67,308,0.015,0.123
a008891,nonliving,ironing_board,board,45,tool,13,fold,visual,19,11,51,0.091,0.373
a008901,nonliving,ironing_board,board,45,tool,13,foot,visual,5,58,241,0.017,0.021
a008906,nonliving,ironing_board,board,45,tool,13,hard,haptic,3,139,560,0.007,0.005
a008898,nonliving,ironing_board,board,45,tool,13,hot,haptic,6,28,319,0.036,0.019
a008890,nonliving,ironing_board,board,45,tool,13,iron,visual,27,19,65,0.053,0.415
a008889,nonliving,ironing_board,board,45,tool,13,leg,visual,27,65,662,0.015,0.041
a008896,nonliving,ironing_board,board,45,tool,13,long,visual,8,128,1235,0.008,0.006
a008892,nonliving,ironing_board,board,45,tool,13,metal,visual,15,100,2252,0.010,0.007
a008903,nonliving,ironing_board,board,45,tool,13,smooth,haptic,4,166,381,0.006,0.010
a008905,nonliving,ironing_board,board,45,tool,13,soft,haptic,3,112,774,0.009,0.004
a008897,nonliving,ironing_board,board,45,tool,13,steam,visual,6,6,70,0.167,0.086
a008895,nonliving,ironing_board,board,45,tool,13,sturdy,visual,9,84,242,0.012,0.037
a008894,nonliving,ironing_board,board,45,tool,13,tall,visual,13,52,402,0.019,0.032
a008904,nonliving,ironing_board,board,45,tool,13,top,visual,3,22,57,0.045,0.053
a008902,nonliving,ironing_board,board,45,tool,13,useful,visual,4,164,392,0.006,0.010
a008977,nonliving,jacket,jacket,60,clothing,96,button,haptic,42,21,296,0.048,0.142
a008986,nonliving,jacket,jacket,60,clothing,96,cloth,visual,5,30,165,0.033,0.030
a008992,nonliving,jacket,jacket,60,clothing,96,cold,haptic,4,50,240,0.020,0.017
a008978,nonliving,jacket,jacket,60,clothing,96,collar,visual,17,9,97,0.111,0.175
a008991,nonliving,jacket,jacket,60,clothing,96,comfort,interoceptive,4,29,169,0.034,0.024
a008997,nonliving,jacket,jacket,60,clothing,96,cotton,haptic,3,23,117,0.043,0.026
a008996,nonliving,jacket,jacket,60,clothing,96,dress,visual,3,20,71,0.050,0.042
a008982,nonliving,jacket,jacket,60,clothing,96,fabric,haptic,6,27,168,0.037,0.036
a008990,nonliving,jacket,jacket,60,clothing,96,fashion,visual,4,21,81,0.048,0.049
a008989,nonliving,jacket,jacket,60,clothing,96,heavy,haptic,4,109,772,0.009,0.005
a008995,nonliving,jacket,jacket,60,clothing,96,leather,visual,3,27,336,0.037,0.009
a008994,nonliving,jacket,jacket,60,clothing,96,light,visual,3,114,518,0.009,0.006
a008985,nonliving,jacket,jacket,60,clothing,96,long,visual,5,128,1235,0.008,0.004
a008984,nonliving,jacket,jacket,60,clothing,96,longsleeve,NA,5,5,32,0.200,0.156
a008988,nonliving,jacket,jacket,60,clothing,96,outerwear,visual,4,2,7,0.500,0.571
a008975,nonliving,jacket,jacket,60,clothing,96,pocket,visual,47,8,142,0.125,0.331
a008987,nonliving,jacket,jacket,60,clothing,96,protect,visual,4,39,284,0.026,0.014
a008979,nonliving,jacket,jacket,60,clothing,96,sleeve,visual,16,7,122,0.143,0.131
a008981,nonliving,jacket,jacket,60,clothing,96,soft,haptic,6,112,774,0.009,0.008
a008983,nonliving,jacket,jacket,60,clothing,96,style,visual,5,27,95,0.037,0.053
a008976,nonliving,jacket,jacket,60,clothing,96,warm,haptic,44,53,600,0.019,0.073
a008980,nonliving,jacket,jacket,60,clothing,96,wear,haptic,8,32,145,0.031,0.055
a008993,nonliving,jacket,jacket,60,clothing,96,wool,haptic,3,17,142,0.059,0.021
a009053,living,kangaroo,kangaroo,100,animal,81,australia,NA,11,3,15,0.333,0.733
a009071,living,kangaroo,kangaroo,100,animal,81,australian,NA,3,1,3,1.000,1.000
a009063,living,kangaroo,kangaroo,100,animal,81,baby,visual,6,7,48,0.143,0.125
a009070,living,kangaroo,kangaroo,100,animal,81,big,visual,4,116,414,0.009,0.010
a009069,living,kangaroo,kangaroo,100,animal,81,bounce,visual,4,6,70,0.167,0.057
a009058,living,kangaroo,kangaroo,100,animal,81,brown,visual,7,93,455,0.011,0.015
a009068,living,kangaroo,kangaroo,100,animal,81,danger,interoceptive,4,53,274,0.019,0.015
a009055,living,kangaroo,kangaroo,100,animal,81,fast,visual,8,86,614,0.012,0.013
a009062,living,kangaroo,kangaroo,100,animal,81,foot,visual,6,58,241,0.017,0.025
a009052,living,kangaroo,kangaroo,100,animal,81,fur,visual,15,40,580,0.025,0.026
a009051,living,kangaroo,kangaroo,100,animal,81,hop,visual,21,5,77,0.200,0.273
a009054,living,kangaroo,kangaroo,100,animal,81,joey,NA,10,1,10,1.000,1.000
a009049,living,kangaroo,kangaroo,100,animal,81,jump,visual,30,15,118,0.067,0.254
a009067,living,kangaroo,kangaroo,100,animal,81,kick,visual,4,11,24,0.091,0.167
a009057,living,kangaroo,kangaroo,100,animal,81,large,visual,7,122,864,0.008,0.008
a009061,living,kangaroo,kangaroo,100,animal,81,leg,visual,6,65,662,0.015,0.009
a009060,living,kangaroo,kangaroo,100,animal,81,makeup,visual,6,27,105,0.037,0.057
a009065,living,kangaroo,kangaroo,100,animal,81,marsupial,visual,5,1,5,1.000,1.000
a009064,living,kangaroo,kangaroo,100,animal,81,pocket,visual,5,8,142,0.125,0.035
a009048,living,kangaroo,kangaroo,100,animal,81,pouch,visual,50,3,53,0.333,0.943
a009056,living,kangaroo,kangaroo,100,animal,81,strong,visual,7,72,310,0.014,0.023
a009050,living,kangaroo,kangaroo,100,animal,81,tail,visual,23,41,643,0.024,0.036
a009059,living,kangaroo,kangaroo,100,animal,81,tall,visual,6,52,402,0.019,0.015
a009066,living,kangaroo,kangaroo,100,animal,81,wild,visual,4,23,67,0.043,0.060
a009118,nonliving,kettle,kettle,67,kitchen,20,boil,visual,14,7,37,0.143,0.378
a009130,nonliving,kettle,kettle,67,kitchen,20,coffee,gustatory,3,5,25,0.200,0.120
a009112,nonliving,kettle,kettle,67,kitchen,20,handle,haptic,38,65,1126,0.015,0.034
a009127,nonliving,kettle,kettle,67,kitchen,20,hard,haptic,4,139,560,0.007,0.007
a009121,nonliving,kettle,kettle,67,kitchen,20,heat,haptic,8,14,103,0.071,0.078
a009126,nonliving,kettle,kettle,67,kitchen,20,heavy,haptic,4,109,772,0.009,0.005
a009125,nonliving,kettle,kettle,67,kitchen,20,hollow,visual,4,48,161,0.021,0.025
a009114,nonliving,kettle,kettle,67,kitchen,20,hot,haptic,24,28,319,0.036,0.075
a009122,nonliving,kettle,kettle,67,kitchen,20,lid,visual,7,10,88,0.100,0.080
a009124,nonliving,kettle,kettle,67,kitchen,20,loud,auditory,4,62,595,0.016,0.007
a009111,nonliving,kettle,kettle,67,kitchen,20,metal,visual,42,100,2252,0.010,0.019
a009129,nonliving,kettle,kettle,67,kitchen,20,pour,visual,3,7,43,0.143,0.070
a009120,nonliving,kettle,kettle,67,kitchen,20,round,visual,8,120,1208,0.008,0.007
a009128,nonliving,kettle,kettle,67,kitchen,20,small,visual,3,180,1681,0.006,0.002
a009113,nonliving,kettle,kettle,67,kitchen,20,spout,visual,29,6,81,0.167,0.358
a009117,nonliving,kettle,kettle,67,kitchen,20,steam,visual,15,6,70,0.167,0.214
a009123,nonliving,kettle,kettle,67,kitchen,20,stove,visual,4,5,14,0.200,0.286
a009115,nonliving,kettle,kettle,67,kitchen,20,tea,gustatory,21,7,38,0.143,0.553
a009116,nonliving,kettle,kettle,67,kitchen,20,water,visual,15,45,322,0.022,0.047
a009119,nonliving,kettle,kettle,67,kitchen,20,whistle,auditory,11,4,15,0.250,0.733
a009183,nonliving,key,key,100,tool,34,brass,visual,4,11,117,0.091,0.034
a009187,nonliving,key,key,100,tool,34,cut,haptic,3,16,154,0.063,0.019
a009171,nonliving,key,key,100,tool,34,door,visual,8,13,135,0.077,0.059
a009182,nonliving,key,key,100,tool,34,gold,visual,4,20,111,0.050,0.036
a009170,nonliving,key,key,100,tool,34,groove,visual,9,8,22,0.125,0.409
a009175,nonliving,key,key,100,tool,34,hard,haptic,6,139,560,0.007,0.011
a009178,nonliving,key,key,100,tool,34,hole,visual,5,29,163,0.034,0.031
a009172,nonliving,key,key,100,tool,34,jagged,visual,7,5,17,0.200,0.412
a009186,nonliving,key,key,100,tool,34,lightweight,haptic,3,64,94,0.016,0.032
a009166,nonliving,key,key,100,tool,34,lock,visual,26,13,94,0.077,0.277
a009181,nonliving,key,key,100,tool,34,long,visual,4,128,1235,0.008,0.003
a009164,nonliving,key,key,100,tool,34,metal,visual,60,100,2252,0.010,0.027
a009185,nonliving,key,key,100,tool,34,notch,visual,3,7,15,0.143,0.200
a009169,nonliving,key,key,100,tool,34,open,visual,10,55,181,0.018,0.055
a009174,nonliving,key,key,100,tool,34,ridge,visual,6,12,25,0.083,0.240
a009173,nonliving,key,key,100,tool,34,safe,visual,6,52,129,0.019,0.047
a009180,nonliving,key,key,100,tool,34,secure,visual,4,23,60,0.043,0.067
a009177,nonliving,key,key,100,tool,34,sharp,haptic,5,50,599,0.020,0.008
a009184,nonliving,key,key,100,tool,34,shine,visual,3,65,197,0.015,0.015
a009165,nonliving,key,key,100,tool,34,small,visual,39,180,1681,0.006,0.023
a009168,nonliving,key,key,100,tool,34,tooth,haptic,10,25,179,0.040,0.056
a009179,nonliving,key,key,100,tool,34,unique,visual,4,22,28,0.045,0.143
a009167,nonliving,key,key,100,tool,34,unlock,visual,11,3,14,0.333,0.786
a009176,nonliving,key,key,100,tool,34,useful,visual,5,164,392,0.006,0.013
a009239,nonliving,kite,kite,100,toy,72,color,visual,12,73,478,0.014,0.025
a009253,nonliving,kite,kite,100,toy,72,delicate,haptic,3,39,85,0.026,0.035
a009249,nonliving,kite,kite,100,toy,72,diamond,visual,4,4,20,0.250,0.200
a009242,nonliving,kite,kite,100,toy,72,fabric,haptic,8,27,168,0.037,0.048
a009245,nonliving,kite,kite,100,toy,72,float,visual,5,9,76,0.111,0.066
a009235,nonliving,kite,kite,100,toy,72,fly,visual,41,26,355,0.038,0.115
a009252,nonliving,kite,kite,100,toy,72,frame,visual,3,12,68,0.083,0.044
a009241,nonliving,kite,kite,100,toy,72,fun,interoceptive,8,52,219,0.019,0.037
a009248,nonliving,kite,kite,100,toy,72,high,visual,4,20,59,0.050,0.068
a009237,nonliving,kite,kite,100,toy,72,light,visual,17,114,518,0.009,0.033
a009247,nonliving,kite,kite,100,toy,72,lightweight,haptic,4,64,94,0.016,0.043
a009246,nonliving,kite,kite,100,toy,72,long,visual,4,128,1235,0.008,0.003
a009240,nonliving,kite,kite,100,toy,72,paper,visual,8,22,155,0.045,0.052
a009244,nonliving,kite,kite,100,toy,72,plastic,visual,5,52,306,0.019,0.016
a009243,nonliving,kite,kite,100,toy,72,sky,visual,5,10,53,0.100,0.094
a009251,nonliving,kite,kite,100,toy,72,soar,visual,3,2,5,0.500,0.600
a009234,nonliving,kite,kite,100,toy,72,string,visual,57,23,406,0.043,0.140
a009236,nonliving,kite,kite,100,toy,72,tail,visual,32,41,643,0.024,0.050
a009250,nonliving,kite,kite,100,toy,72,triangle,visual,3,8,21,0.125,0.143
a009238,nonliving,kite,kite,100,toy,72,wind,haptic,15,17,99,0.059,0.152
a009311,nonliving,knife,knife,98,utensil,43,blade,visual,10,11,129,0.091,0.078
a009310,nonliving,knife,knife,98,utensil,43,butter,gustatory,14,8,42,0.125,0.333
a009305,nonliving,knife,knife,98,utensil,43,cut,haptic,25,16,154,0.063,0.162
a009309,nonliving,knife,knife,98,utensil,43,dull,visual,14,2,15,0.500,0.933
a009315,nonliving,knife,knife,98,utensil,43,eat,gustatory,5,41,122,0.024,0.041
a009320,nonliving,knife,knife,98,utensil,43,flat,visual,4,67,308,0.015,0.013
a009319,nonliving,knife,knife,98,utensil,43,food,gustatory,4,57,212,0.018,0.019
a009308,nonliving,knife,knife,98,utensil,43,handle,haptic,14,65,1126,0.015,0.012
a009306,nonliving,knife,knife,98,utensil,43,long,visual,15,128,1235,0.008,0.012
a009303,nonliving,knife,knife,98,utensil,43,metal,visual,48,100,2252,0.010,0.021
a009304,nonliving,knife,knife,98,utensil,43,sharp,haptic,39,50,599,0.020,0.065
a009322,nonliving,knife,knife,98,utensil,43,shine,visual,3,65,197,0.015,0.015
a009307,nonliving,knife,knife,98,utensil,43,silver,visual,14,38,128,0.026,0.109
a009321,nonliving,knife,knife,98,utensil,43,silverware,visual,3,3,7,0.333,0.429
a009318,nonliving,knife,knife,98,utensil,43,small,visual,4,180,1681,0.006,0.002
a009313,nonliving,knife,knife,98,utensil,43,smooth,haptic,7,166,381,0.006,0.018
a009312,nonliving,knife,knife,98,utensil,43,spread,visual,8,6,14,0.167,0.571
a009317,nonliving,knife,knife,98,utensil,43,steel,visual,4,36,72,0.028,0.056
a009314,nonliving,knife,knife,98,utensil,43,thin,visual,5,71,281,0.014,0.018
a009316,nonliving,knife,knife,98,utensil,43,useful,visual,4,164,392,0.006,0.010
a009383,nonliving,ladder,ladder,98,tool,76,adjust,visual,4,13,28,0.077,0.143
a009372,nonliving,ladder,ladder,98,tool,76,climb,visual,30,13,68,0.077,0.441
a009381,nonliving,ladder,ladder,98,tool,76,danger,interoceptive,5,53,274,0.019,0.018
a009380,nonliving,ladder,ladder,98,tool,76,extend,visual,5,7,13,0.143,0.385
a009382,nonliving,ladder,ladder,98,tool,76,heavy,haptic,4,109,772,0.009,0.005
a009379,nonliving,ladder,ladder,98,tool,76,height,visual,7,7,15,0.143,0.467
a009389,nonliving,ladder,ladder,98,tool,76,high,visual,3,20,59,0.050,0.051
a009388,nonliving,ladder,ladder,98,tool,76,lean,visual,3,1,3,1.000,1.000
a009375,nonliving,ladder,ladder,98,tool,76,long,visual,16,128,1235,0.008,0.013
a009373,nonliving,ladder,ladder,98,tool,76,metal,visual,27,100,2252,0.010,0.012
a009387,nonliving,ladder,ladder,98,tool,76,rail,visual,3,3,17,0.333,0.176
a009386,nonliving,ladder,ladder,98,tool,76,roof,visual,3,5,46,0.200,0.065
a009371,nonliving,ladder,ladder,98,tool,76,rung,visual,30,2,31,0.500,0.968
a009374,nonliving,ladder,ladder,98,tool,76,step,visual,23,4,35,0.250,0.657
a009385,nonliving,ladder,ladder,98,tool,76,strong,visual,3,72,310,0.014,0.010
a009377,nonliving,ladder,ladder,98,tool,76,sturdy,visual,9,84,242,0.012,0.037
a009370,nonliving,ladder,ladder,98,tool,76,tall,visual,38,52,402,0.019,0.095
a009384,nonliving,ladder,ladder,98,tool,76,useful,visual,3,164,392,0.006,0.008
a009376,nonliving,ladder,ladder,98,tool,76,wood,visual,9,68,807,0.015,0.011
a009378,nonliving,ladder,ladder,98,tool,76,wooden,visual,8,53,810,0.019,0.010
a009454,nonliving,lamp,lamp,99,furniture,38,base,visual,7,24,40,0.042,0.175
a009461,nonliving,lamp,lamp,99,furniture,38,break,visual,4,25,77,0.040,0.052
a009449,nonliving,lamp,lamp,99,furniture,38,bright,visual,36,31,268,0.032,0.134
a009451,nonliving,lamp,lamp,99,furniture,38,bulb,visual,17,11,31,0.091,0.548
a009457,nonliving,lamp,lamp,99,furniture,38,ceramic,visual,6,7,75,0.143,0.080
a009452,nonliving,lamp,lamp,99,furniture,38,decor,visual,15,32,92,0.031,0.163
a009450,nonliving,lamp,lamp,99,furniture,38,electric,haptic,21,17,215,0.059,0.098
a009456,nonliving,lamp,lamp,99,furniture,38,fragile,haptic,6,38,143,0.026,0.042
a009453,nonliving,lamp,lamp,99,furniture,38,glass,visual,7,22,473,0.045,0.015
a009466,nonliving,lamp,lamp,99,furniture,38,hard,haptic,3,139,560,0.007,0.005
a009458,nonliving,lamp,lamp,99,furniture,38,heavy,haptic,5,109,772,0.009,0.006
a009460,nonliving,lamp,lamp,99,furniture,38,illuminate,visual,4,8,18,0.125,0.222
a009447,nonliving,lamp,lamp,99,furniture,38,light,visual,51,114,518,0.009,0.098
a009455,nonliving,lamp,lamp,99,furniture,38,round,visual,6,120,1208,0.008,0.005
a009448,nonliving,lamp,lamp,99,furniture,38,shade,visual,42,10,64,0.100,0.656
a009465,nonliving,lamp,lamp,99,furniture,38,smooth,haptic,3,166,381,0.006,0.008
a009464,nonliving,lamp,lamp,99,furniture,38,switch,visual,3,5,20,0.200,0.150
a009463,nonliving,lamp,lamp,99,furniture,38,table,visual,3,9,20,0.111,0.150
a009462,nonliving,lamp,lamp,99,furniture,38,vase,visual,3,1,3,1.000,1.000
a009459,nonliving,lamp,lamp,99,furniture,38,warm,haptic,4,53,600,0.019,0.007
a009529,living,leaf,leaf,99,plant,45,autumn,visual,4,4,8,0.250,0.500
a009522,living,leaf,leaf,99,plant,45,brown,visual,8,93,455,0.011,0.018
a009519,living,leaf,leaf,99,plant,45,color,visual,13,73,478,0.014,0.027
a009535,living,leaf,leaf,99,plant,45,crisp,haptic,3,16,70,0.063,0.043
a009528,living,leaf,leaf,99,plant,45,crunch,auditory,4,19,123,0.053,0.033
a009527,living,leaf,leaf,99,plant,45,delicate,haptic,4,39,85,0.026,0.047
a009515,living,leaf,leaf,99,plant,45,fall,visual,21,9,32,0.111,0.656
a009525,living,leaf,leaf,99,plant,45,flat,visual,6,67,308,0.015,0.019
a009526,living,leaf,leaf,99,plant,45,foliage,visual,4,2,5,0.500,0.800
a009524,living,leaf,leaf,99,plant,45,fragile,haptic,6,38,143,0.026,0.042
a009513,living,leaf,leaf,99,plant,45,green,visual,45,37,826,0.027,0.054
a009534,living,leaf,leaf,99,plant,45,life,visual,3,19,35,0.053,0.086
a009518,living,leaf,leaf,99,plant,45,light,visual,15,114,518,0.009,0.029
a009533,living,leaf,leaf,99,plant,45,lightweight,haptic,3,64,94,0.016,0.032
a009523,living,leaf,leaf,99,plant,45,maple,visual,6,1,6,1.000,1.000
a009532,living,leaf,leaf,99,plant,45,photosynthesis,visual,3,1,3,1.000,1.000
a009531,living,leaf,leaf,99,plant,45,red,visual,3,43,709,0.023,0.004
a009521,living,leaf,leaf,99,plant,45,small,visual,9,180,1681,0.006,0.005
a009530,living,leaf,leaf,99,plant,45,soft,haptic,3,112,774,0.009,0.004
a009514,living,leaf,leaf,99,plant,45,stem,visual,21,31,270,0.032,0.078
a009520,living,leaf,leaf,99,plant,45,thin,visual,12,71,281,0.014,0.043
a009516,living,leaf,leaf,99,plant,45,tree,visual,18,21,68,0.048,0.265
a009517,living,leaf,leaf,99,plant,45,vein,visual,15,3,17,0.333,0.882
a009611,living,leg,leg,96,body,61,ankle,visual,6,4,36,0.250,0.167
a009602,living,leg,leg,96,body,61,bend,visual,10,14,83,0.071,0.120
a009610,living,leg,leg,96,body,61,bone,visual,6,12,45,0.083,0.133
a009609,living,leg,leg,96,body,61,calf,visual,6,2,7,0.500,0.857
a009603,living,leg,leg,96,body,61,flesh,haptic,9,32,117,0.031,0.077
a009618,living,leg,leg,96,body,61,flex,visual,3,37,89,0.027,0.034
a009594,living,leg,leg,96,body,61,foot,visual,35,58,241,0.017,0.145
a009601,living,leg,leg,96,body,61,hair,visual,10,44,238,0.023,0.042
a009617,living,leg,leg,96,body,61,human,visual,3,18,46,0.056,0.065
a009608,living,leg,leg,96,body,61,joint,visual,6,9,41,0.111,0.146
a009596,living,leg,leg,96,body,61,knee,visual,27,1,27,1.000,1.000
a009616,living,leg,leg,96,body,61,leg,visual,3,65,662,0.015,0.005
a009595,living,leg,leg,96,body,61,long,visual,28,128,1235,0.008,0.023
a009615,living,leg,leg,96,body,61,move,visual,3,54,121,0.019,0.025
a009597,living,leg,leg,96,body,61,muscle,visual,15,12,49,0.083,0.306
a009614,living,leg,leg,96,body,61,run,visual,3,19,39,0.053,0.077
a009607,living,leg,leg,96,body,61,shin,haptic,6,1,6,1.000,1.000
a009604,living,leg,leg,96,body,61,skin,haptic,8,37,242,0.027,0.033
a009613,living,leg,leg,96,body,61,smooth,haptic,4,166,381,0.006,0.010
a009612,living,leg,leg,96,body,61,soft,haptic,5,112,774,0.009,0.006
a009606,living,leg,leg,96,body,61,stand,visual,6,22,39,0.045,0.154
a009600,living,leg,leg,96,body,61,strong,visual,10,72,310,0.014,0.032
a009605,living,leg,leg,96,body,61,thigh,haptic,6,1,6,1.000,1.000
a009598,living,leg,leg,96,body,61,toe,visual,12,8,82,0.125,0.146
a009599,living,leg,leg,96,body,61,walk,visual,11,20,62,0.050,0.177
a009677,living,lemon,lemon,95,fruit,89,bitter,gustatory,8,10,30,0.100,0.267
a009675,living,lemon,lemon,95,fruit,89,citrus,gustatory,13,3,25,0.333,0.520
a009682,living,lemon,lemon,95,fruit,89,juice,gustatory,4,14,32,0.071,0.125
a009672,living,lemon,lemon,95,fruit,89,juicy,gustatory,20,21,370,0.048,0.054
a016749,living,tiger,tiger,98,animal,86,orange,visual,14,21,269,0.048,0.052
a009688,living,lemon,lemon,95,fruit,89,peel,visual,3,11,82,0.091,0.037
a009687,living,lemon,lemon,95,fruit,89,rind,visual,3,5,13,0.200,0.231
a009673,living,lemon,lemon,95,fruit,89,round,visual,14,120,1208,0.008,0.012
a009680,living,lemon,lemon,95,fruit,89,seed,visual,5,16,188,0.063,0.027
a009678,living,lemon,lemon,95,fruit,89,skin,haptic,7,37,242,0.027,0.029
a009676,living,lemon,lemon,95,fruit,89,small,visual,8,180,1681,0.006,0.005
a009686,living,lemon,lemon,95,fruit,89,smooth,haptic,3,166,381,0.006,0.008
a009685,living,lemon,lemon,95,fruit,89,soft,haptic,3,112,774,0.009,0.004
a009671,living,lemon,lemon,95,fruit,89,sour,gustatory,66,13,103,0.077,0.641
a009681,living,lemon,lemon,95,fruit,89,sweet,gustatory,4,31,568,0.032,0.007
a009684,living,lemon,lemon,95,fruit,89,tangy,gustatory,3,7,18,0.143,0.167
a009674,living,lemon,lemon,95,fruit,89,tart,gustatory,13,12,52,0.083,0.250
a009679,living,lemon,lemon,95,fruit,89,taste,gustatory,5,43,319,0.023,0.016
a009670,living,lemon,lemon,95,fruit,89,yellow,visual,77,42,475,0.024,0.162
a009683,living,lemon,lemon,95,fruit,89,zest,visual,3,2,6,0.500,0.500
a009740,living,leopard,leopard,45,animal,86,africa,NA,3,10,41,0.111,0.073
a009724,living,leopard,leopard,45,animal,86,cat,visual,18,6,47,0.167,0.383
a009728,living,leopard,leopard,45,animal,86,claw,visual,8,20,142,0.050,0.056
a009727,living,leopard,leopard,45,animal,86,danger,interoceptive,9,53,274,0.019,0.033
a009722,living,leopard,leopard,45,animal,86,fast,visual,45,86,614,0.012,0.073
a009730,living,leopard,leopard,45,animal,86,feline,visual,5,4,17,0.250,0.294
a009725,living,leopard,leopard,45,animal,86,fur,visual,12,40,580,0.025,0.021
a009734,living,leopard,leopard,45,animal,86,jungle,visual,4,6,27,0.167,0.148
a009739,living,leopard,leopard,45,animal,86,kill,visual,3,8,20,0.125,0.150
a009733,living,leopard,leopard,45,animal,86,large,visual,4,122,864,0.008,0.005
a009738,living,leopard,leopard,45,animal,86,leg,visual,3,65,662,0.015,0.005
a009726,living,leopard,leopard,45,animal,86,predator,visual,10,9,51,0.111,0.196
a009736,living,leopard,leopard,45,animal,86,quick,visual,3,32,56,0.031,0.054
a009732,living,leopard,leopard,45,animal,86,run,visual,4,19,39,0.053,0.103
a009721,living,leopard,leopard,45,animal,86,spot,visual,65,12,129,0.083,0.504
a009731,living,leopard,leopard,45,animal,86,strong,visual,4,72,310,0.014,0.013
a009723,living,leopard,leopard,45,animal,86,tail,visual,26,41,643,0.024,0.040
a009735,living,leopard,leopard,45,animal,86,whisker,visual,3,13,147,0.077,0.020
a009729,living,leopard,leopard,45,animal,86,wild,visual,5,23,67,0.043,0.075
a009795,living,lettuce,lettuce,67,vegetable,70,crisp,haptic,14,16,70,0.063,0.200
a009798,living,lettuce,lettuce,67,vegetable,70,crunch,auditory,12,19,123,0.053,0.098
a009812,living,lettuce,lettuce,67,vegetable,70,dirt,visual,3,35,117,0.029,0.026
a009811,living,lettuce,lettuce,67,vegetable,70,fiber,visual,3,11,16,0.091,0.188
a009801,living,lettuce,lettuce,67,vegetable,70,food,gustatory,6,57,212,0.018,0.028
a009805,living,lettuce,lettuce,67,vegetable,70,fresh,gustatory,4,28,51,0.036,0.078
a009804,living,lettuce,lettuce,67,vegetable,70,garden,visual,4,15,34,0.067,0.118
a009792,living,lettuce,lettuce,67,vegetable,70,green,visual,82,37,826,0.027,0.099
a009803,living,lettuce,lettuce,67,vegetable,70,head,visual,4,43,166,0.023,0.024
a009796,living,lettuce,lettuce,67,vegetable,70,health,interoceptive,13,33,155,0.030,0.084
a009810,living,lettuce,lettuce,67,vegetable,70,layer,visual,3,10,55,0.100,0.055
a009794,living,lettuce,lettuce,67,vegetable,70,leaf,visual,22,17,173,0.059,0.127
a009793,living,lettuce,lettuce,67,vegetable,70,leafy,visual,34,10,84,0.100,0.405
a009800,living,lettuce,lettuce,67,vegetable,70,nutritious,gustatory,7,19,51,0.053,0.137
a009797,living,lettuce,lettuce,67,vegetable,70,round,visual,12,120,1208,0.008,0.010
a009799,living,lettuce,lettuce,67,vegetable,70,salad,gustatory,11,9,31,0.111,0.355
a009809,living,lettuce,lettuce,67,vegetable,70,small,visual,3,180,1681,0.006,0.002
a009808,living,lettuce,lettuce,67,vegetable,70,soft,haptic,3,112,774,0.009,0.004
a009802,living,lettuce,lettuce,67,vegetable,70,taste,gustatory,5,43,319,0.023,0.016
a009807,living,lettuce,lettuce,67,vegetable,70,vegetable,gustatory,3,19,57,0.053,0.053
a009806,living,lettuce,lettuce,67,vegetable,70,water,visual,3,45,322,0.022,0.009
a009858,nonliving,light_bulb,lightbulb,61,light,27,bright,visual,39,31,268,0.032,0.146
a009866,nonliving,light_bulb,lightbulb,61,light,27,clear,visual,7,23,133,0.043,0.053
a009877,nonliving,light_bulb,lightbulb,61,light,27,dark,visual,3,18,28,0.056,0.107
a009859,nonliving,light_bulb,lightbulb,61,light,27,electric,haptic,29,17,215,0.059,0.135
a009861,nonliving,light_bulb,lightbulb,61,light,27,filament,visual,17,2,18,0.500,0.944
a009862,nonliving,light_bulb,lightbulb,61,light,27,fragile,haptic,12,38,143,0.026,0.084
a009857,nonliving,light_bulb,lightbulb,61,light,27,glass,visual,44,22,473,0.045,0.093
a009869,nonliving,light_bulb,lightbulb,61,light,27,glow,visual,6,6,13,0.167,0.462
a009876,nonliving,light_bulb,lightbulb,61,light,27,heat,haptic,3,14,103,0.071,0.029
a009868,nonliving,light_bulb,lightbulb,61,light,27,hot,haptic,6,28,319,0.036,0.019
a009873,nonliving,light_bulb,lightbulb,61,light,27,illuminate,visual,4,8,18,0.125,0.222
a009872,nonliving,light_bulb,lightbulb,61,light,27,lamp,visual,4,3,6,0.333,0.667
a009860,nonliving,light_bulb,lightbulb,61,light,27,light,visual,26,114,518,0.009,0.050
a009865,nonliving,light_bulb,lightbulb,61,light,27,metal,visual,9,100,2252,0.010,0.004
a009875,nonliving,light_bulb,lightbulb,61,light,27,power,visual,3,35,110,0.029,0.027
a009867,nonliving,light_bulb,lightbulb,61,light,27,round,visual,6,120,1208,0.008,0.005
a009864,nonliving,light_bulb,lightbulb,61,light,27,screw,visual,10,17,101,0.059,0.099
a009871,nonliving,light_bulb,lightbulb,61,light,27,shine,visual,5,65,197,0.015,0.025
a009863,nonliving,light_bulb,lightbulb,61,light,27,small,visual,10,180,1681,0.006,0.006
a009874,nonliving,light_bulb,lightbulb,61,light,27,thread,haptic,3,14,112,0.071,0.027
a009870,nonliving,light_bulb,lightbulb,61,light,27,wire,visual,5,19,80,0.053,0.063
a009934,nonliving,light_switch,switch,96,electric,32,binary,visual,3,1,3,1.000,1.000
a009935,nonliving,light_switch,switch,96,electric,32,bright,visual,3,31,268,0.032,0.011
a009936,nonliving,light_switch,switch,96,electric,32,connect,visual,3,20,42,0.050,0.071
a009937,nonliving,light_switch,switch,96,electric,32,control,visual,3,8,11,0.125,0.273
a009938,nonliving,light_switch,switch,96,electric,32,cover,visual,3,37,138,0.027,0.022
a009917,nonliving,light_switch,switch,96,electric,32,electric,haptic,24,17,215,0.059,0.112
a009931,nonliving,light_switch,switch,96,electric,32,flick,haptic,4,2,6,0.500,0.667
a009930,nonliving,light_switch,switch,96,electric,32,flip,visual,5,2,6,0.500,0.833
a009932,nonliving,light_switch,switch,96,electric,32,hard,haptic,4,139,560,0.007,0.007
a009916,nonliving,light_switch,switch,96,electric,32,light,visual,31,114,518,0.009,0.060
a009939,nonliving,light_switch,switch,96,electric,32,metal,visual,3,100,2252,0.010,0.001
a009920,nonliving,light_switch,switch,96,electric,32,off,visual,19,2,20,0.500,0.950
a009918,nonliving,light_switch,switch,96,electric,32,on,visual,22,3,24,0.333,0.917
a009919,nonliving,light_switch,switch,96,electric,32,plastic,visual,22,52,306,0.019,0.072
a009923,nonliving,light_switch,switch,96,electric,32,plate,visual,9,7,16,0.143,0.563
a009926,nonliving,light_switch,switch,96,electric,32,power,visual,8,35,110,0.029,0.073
a009924,nonliving,light_switch,switch,96,electric,32,rectangle,visual,9,46,215,0.022,0.042
a009940,nonliving,light_switch,switch,96,electric,32,room,visual,3,10,15,0.100,0.200
a009921,nonliving,light_switch,switch,96,electric,32,screw,visual,17,17,101,0.059,0.168
a009927,nonliving,light_switch,switch,96,electric,32,small,visual,7,180,1681,0.006,0.004
a009941,nonliving,light_switch,switch,96,electric,32,square,visual,3,29,127,0.034,0.024
a009922,nonliving,light_switch,switch,96,electric,32,switch,visual,13,5,20,0.200,0.650
a009942,nonliving,light_switch,switch,96,electric,32,toggle,visual,3,1,3,1.000,1.000
a009928,nonliving,light_switch,switch,96,electric,32,useful,visual,7,164,392,0.006,0.018
a009929,nonliving,light_switch,switch,96,electric,32,wall,visual,6,11,18,0.091,0.333
a009925,nonliving,light_switch,switch,96,electric,32,white,visual,9,74,534,0.014,0.017
a009933,nonliving,light_switch,switch,96,electric,32,wire,visual,4,19,80,0.053,0.050
a010005,living,lion,lion,99,animal,86,africa,NA,5,10,41,0.111,0.122
a010017,living,lion,lion,99,animal,86,big,visual,3,116,414,0.009,0.007
a010016,living,lion,lion,99,animal,86,brown,visual,3,93,455,0.011,0.007
a009998,living,lion,lion,99,animal,86,carnivore,visual,8,10,24,0.100,0.333
a009994,living,lion,lion,99,animal,86,cat,visual,10,6,47,0.167,0.213
a009997,living,lion,lion,99,animal,86,claw,visual,9,20,142,0.050,0.063
a009991,living,lion,lion,99,animal,86,danger,interoceptive,11,53,274,0.019,0.040
a009993,living,lion,lion,99,animal,86,fast,visual,10,86,614,0.012,0.016
a010008,living,lion,lion,99,animal,86,feline,visual,4,4,17,0.250,0.235
a010015,living,lion,lion,99,animal,86,ferocious,visual,3,4,14,0.250,0.214
a010004,living,lion,lion,99,animal,86,fierce,interoceptive,5,7,18,0.143,0.278
a009988,living,lion,lion,99,animal,86,fur,visual,20,40,580,0.025,0.034
a010014,living,lion,lion,99,animal,86,hair,visual,3,44,238,0.023,0.013
a010007,living,lion,lion,99,animal,86,jungle,visual,4,6,27,0.167,0.148
a009996,living,lion,lion,99,animal,86,king,visual,9,4,31,0.250,0.290
a009992,living,lion,lion,99,animal,86,large,visual,10,122,864,0.008,0.012
a010006,living,lion,lion,99,animal,86,loud,auditory,4,62,595,0.016,0.007
a010002,living,lion,lion,99,animal,86,majestic,visual,6,17,50,0.059,0.120
a010013,living,lion,lion,99,animal,86,makeup,visual,3,27,105,0.037,0.029
a009987,living,lion,lion,99,animal,86,mane,visual,45,5,101,0.200,0.446
a011344,living,orange,orange,87,fruit,88,orange,visual,49,21,269,0.048,0.182
a010001,living,lion,lion,99,animal,86,power,visual,6,35,110,0.029,0.055
a010000,living,lion,lion,99,animal,86,predator,visual,6,9,51,0.111,0.118
a009990,living,lion,lion,99,animal,86,roar,auditory,13,5,18,0.200,0.722
a009999,living,lion,lion,99,animal,86,scare,interoceptive,6,25,84,0.040,0.071
a009995,living,lion,lion,99,animal,86,strong,visual,9,72,310,0.014,0.029
a009989,living,lion,lion,99,animal,86,tail,visual,19,41,643,0.024,0.030
a010012,living,lion,lion,99,animal,86,tan,visual,3,14,17,0.071,0.176
a010011,living,lion,lion,99,animal,86,tooth,haptic,3,25,179,0.040,0.017
a010010,living,lion,lion,99,animal,86,whisker,visual,3,13,147,0.077,0.020
a010009,living,lion,lion,99,animal,86,wild,visual,3,23,67,0.043,0.045
a010003,living,lion,lion,99,animal,86,zoo,visual,5,10,27,0.100,0.185
a010080,living,lips,lips,85,body,51,chap,visual,3,1,3,1.000,1.000
a010079,living,lips,lips,85,body,51,curve,visual,3,28,72,0.036,0.042
a010070,living,lips,lips,85,body,51,eat,gustatory,6,41,122,0.024,0.049
a010065,living,lips,lips,85,body,51,face,visual,9,13,57,0.077,0.158
a010078,living,lips,lips,85,body,51,female,visual,3,11,61,0.091,0.049
a010075,living,lips,lips,85,body,51,flesh,haptic,4,32,117,0.031,0.034
a010059,living,lips,lips,85,body,51,kiss,haptic,22,2,23,0.500,0.957
a010066,living,lips,lips,85,body,51,lip,haptic,8,8,16,0.125,0.500
a010069,living,lips,lips,85,body,51,lipstick,visual,6,1,6,1.000,1.000
a010062,living,lips,lips,85,body,51,mouth,visual,12,18,37,0.056,0.324
a010074,living,lips,lips,85,body,51,move,visual,4,54,121,0.019,0.033
a010077,living,lips,lips,85,body,51,part,visual,3,7,13,0.143,0.231
a010061,living,lips,lips,85,body,51,pink,visual,14,23,104,0.043,0.135
a010068,living,lips,lips,85,body,51,plump,visual,6,12,27,0.083,0.222
a010058,living,lips,lips,85,body,51,red,visual,24,43,709,0.023,0.034
a010076,living,lips,lips,85,body,51,round,visual,3,120,1208,0.008,0.002
a010064,living,lips,lips,85,body,51,skin,haptic,9,37,242,0.027,0.037
a010060,living,lips,lips,85,body,51,smile,visual,15,3,32,0.333,0.469
a010067,living,lips,lips,85,body,51,smooth,haptic,6,166,381,0.006,0.016
a010057,living,lips,lips,85,body,51,soft,haptic,38,112,774,0.009,0.049
a010073,living,lips,lips,85,body,51,speak,auditory,4,3,8,0.333,0.500
a010063,living,lips,lips,85,body,51,talk,auditory,9,4,22,0.250,0.409
a010072,living,lips,lips,85,body,51,tooth,haptic,4,25,179,0.040,0.022
a010071,living,lips,lips,85,body,51,wet,haptic,5,33,97,0.030,0.052
a010155,living,lobster,lobster,93,animal,43,antenna,visual,5,12,130,0.083,0.038
a010168,living,lobster,lobster,93,animal,43,aquatic,visual,3,11,43,0.091,0.070
a010167,living,lobster,lobster,93,animal,43,boil,visual,3,7,37,0.143,0.081
a010154,living,lobster,lobster,93,animal,43,butter,gustatory,5,8,42,0.125,0.119
a010143,living,lobster,lobster,93,animal,43,claw,visual,47,20,142,0.050,0.331
a010166,living,lobster,lobster,93,animal,43,danger,interoceptive,3,53,274,0.019,0.011
a010159,living,lobster,lobster,93,animal,43,delicious,gustatory,4,24,54,0.042,0.074
a010165,living,lobster,lobster,93,animal,43,edible,gustatory,3,33,109,0.030,0.028
a010164,living,lobster,lobster,93,animal,43,exoskeleton,visual,3,5,9,0.200,0.333
a010153,living,lobster,lobster,93,animal,43,expensive,visual,5,37,114,0.027,0.044
a010163,living,lobster,lobster,93,animal,43,eye,visual,3,51,201,0.020,0.015
a010158,living,lobster,lobster,93,animal,43,fish,visual,4,8,18,0.125,0.222
a010149,living,lobster,lobster,93,animal,43,food,gustatory,7,57,212,0.018,0.033
a010148,living,lobster,lobster,93,animal,43,hard,haptic,7,139,560,0.007,0.013
a010157,living,lobster,lobster,93,animal,43,leg,visual,4,65,662,0.015,0.006
a010162,living,lobster,lobster,93,animal,43,living,interoceptive,3,70,102,0.014,0.029
a010156,living,lobster,lobster,93,animal,43,long,visual,4,128,1235,0.008,0.003
a010147,living,lobster,lobster,93,animal,43,ocean,visual,7,6,38,0.167,0.184
a011700,living,peach,peach,84,fruit,86,orange,visual,11,21,269,0.048,0.041
a010152,living,lobster,lobster,93,animal,43,pincers,visual,5,3,10,0.333,0.500
a010150,living,lobster,lobster,93,animal,43,pinch,haptic,6,4,26,0.250,0.231
a010142,living,lobster,lobster,93,animal,43,red,visual,49,43,709,0.023,0.069
a010151,living,lobster,lobster,93,animal,43,sea,visual,5,12,42,0.083,0.119
a010145,living,lobster,lobster,93,animal,43,shell,visual,16,11,201,0.091,0.080
a010161,living,lobster,lobster,93,animal,43,swim,haptic,3,11,114,0.091,0.026
a010144,living,lobster,lobster,93,animal,43,tail,visual,15,41,643,0.024,0.023
a010146,living,lobster,lobster,93,animal,43,taste,gustatory,12,43,319,0.023,0.038
a010160,living,lobster,lobster,93,animal,43,wet,haptic,3,33,97,0.030,0.031
a010234,nonliving,lock,lock,100,tool,29,close,visual,7,31,83,0.032,0.084
a010231,nonliving,lock,lock,100,tool,29,hard,haptic,11,139,560,0.007,0.020
a010233,nonliving,lock,lock,100,tool,29,heavy,haptic,8,109,772,0.009,0.010
a010225,nonliving,lock,lock,100,tool,29,key,visual,35,10,161,0.100,0.217
a010229,nonliving,lock,lock,100,tool,29,keyhole,visual,13,4,16,0.250,0.813
a010232,nonliving,lock,lock,100,tool,29,lock,visual,8,13,94,0.077,0.085
a010224,nonliving,lock,lock,100,tool,29,metal,visual,55,100,2252,0.010,0.024
a010237,nonliving,lock,lock,100,tool,29,open,visual,5,55,181,0.018,0.028
a010230,nonliving,lock,lock,100,tool,29,protect,visual,11,39,284,0.026,0.039
a010227,nonliving,lock,lock,100,tool,29,safe,visual,18,52,129,0.019,0.140
a010226,nonliving,lock,lock,100,tool,29,secure,visual,24,23,60,0.043,0.400
a010241,nonliving,lock,lock,100,tool,29,security,visual,3,5,8,0.200,0.375
a010228,nonliving,lock,lock,100,tool,29,small,visual,17,180,1681,0.006,0.010
a010240,nonliving,lock,lock,100,tool,29,solid,haptic,3,47,59,0.021,0.051
a010236,nonliving,lock,lock,100,tool,29,steel,visual,5,36,72,0.028,0.069
a010235,nonliving,lock,lock,100,tool,29,strong,visual,5,72,310,0.014,0.016
a010239,nonliving,lock,lock,100,tool,29,sturdy,visual,3,84,242,0.012,0.012
a010238,nonliving,lock,lock,100,tool,29,tough,haptic,4,26,47,0.038,0.085
a010306,nonliving,mitten,mitt,81,clothing,68,cloth,visual,8,30,165,0.033,0.048
a010311,nonliving,mitten,mitt,81,clothing,68,cold,haptic,6,50,240,0.020,0.025
a010320,nonliving,mitten,mitt,81,clothing,68,comfort,interoceptive,3,29,169,0.034,0.018
a010310,nonliving,mitten,mitt,81,clothing,68,cotton,haptic,6,23,117,0.043,0.051
a010315,nonliving,mitten,mitt,81,clothing,68,cover,visual,5,37,138,0.027,0.036
a010309,nonliving,mitten,mitt,81,clothing,68,cozy,interoceptive,6,12,31,0.083,0.194
a010316,nonliving,mitten,mitt,81,clothing,68,fabric,haptic,4,27,168,0.037,0.024
a010319,nonliving,mitten,mitt,81,clothing,68,finger,haptic,3,15,163,0.067,0.018
a010318,nonliving,mitten,mitt,81,clothing,68,fuzzy,haptic,3,31,129,0.032,0.023
a010303,nonliving,mitten,mitt,81,clothing,68,hand,visual,16,21,173,0.048,0.092
a010307,nonliving,mitten,mitt,81,clothing,68,knit,visual,7,5,24,0.200,0.292
a010301,nonliving,mitten,mitt,81,clothing,68,protect,visual,18,39,284,0.026,0.063
a010314,nonliving,mitten,mitt,81,clothing,68,safe,visual,5,52,129,0.019,0.039
a010313,nonliving,mitten,mitt,81,clothing,68,small,visual,5,180,1681,0.006,0.003
a010308,nonliving,mitten,mitt,81,clothing,68,snow,visual,6,8,108,0.125,0.056
a010300,nonliving,mitten,mitt,81,clothing,68,soft,haptic,27,112,774,0.009,0.035
a010305,nonliving,mitten,mitt,81,clothing,68,thick,haptic,8,28,63,0.036,0.127
a010312,nonliving,mitten,mitt,81,clothing,68,thumb,visual,5,9,32,0.111,0.156
a010299,nonliving,mitten,mitt,81,clothing,68,warm,haptic,83,53,600,0.019,0.138
a010317,nonliving,mitten,mitt,81,clothing,68,wear,haptic,3,32,145,0.031,0.021
a010304,nonliving,mitten,mitt,81,clothing,68,winter,visual,12,14,54,0.071,0.222
a010302,nonliving,mitten,mitt,81,clothing,68,wool,haptic,16,17,142,0.059,0.113
a010383,living,monkey,monkey,91,animal,79,active,visual,4,2,5,0.500,0.800
a010392,living,monkey,monkey,91,animal,79,africa,NA,3,10,41,0.111,0.073
a010382,living,monkey,monkey,91,animal,79,ape,visual,4,3,8,0.333,0.500
a010391,living,monkey,monkey,91,animal,79,arm,haptic,3,17,49,0.059,0.061
a010372,living,monkey,monkey,91,animal,79,banana,gustatory,6,1,6,1.000,1.000
a010365,living,monkey,monkey,91,animal,79,brown,visual,13,93,455,0.011,0.029
a010381,living,monkey,monkey,91,animal,79,clever,visual,4,2,7,0.500,0.571
a010376,living,monkey,monkey,91,animal,79,climb,visual,5,13,68,0.077,0.074
a010375,living,monkey,monkey,91,animal,79,curious,interoceptive,5,6,12,0.167,0.417
a010390,living,monkey,monkey,91,animal,79,ear,visual,3,28,168,0.036,0.018
a010374,living,monkey,monkey,91,animal,79,fast,visual,5,86,614,0.012,0.008
a010389,living,monkey,monkey,91,animal,79,friend,visual,3,28,71,0.036,0.042
a010388,living,monkey,monkey,91,animal,79,fun,interoceptive,3,52,219,0.019,0.014
a010380,living,monkey,monkey,91,animal,79,funny,auditory,4,17,58,0.059,0.069
a010363,living,monkey,monkey,91,animal,79,fur,visual,40,40,580,0.025,0.069
a010366,living,monkey,monkey,91,animal,79,hair,visual,12,44,238,0.023,0.050
a010368,living,monkey,monkey,91,animal,79,hand,visual,8,21,173,0.048,0.046
a010379,living,monkey,monkey,91,animal,79,human,visual,4,18,46,0.056,0.087
a010369,living,monkey,monkey,91,animal,79,intelligent,auditory,7,11,29,0.091,0.241
a010387,living,monkey,monkey,91,animal,79,jump,visual,3,15,118,0.067,0.025
a010378,living,monkey,monkey,91,animal,79,jungle,visual,4,6,27,0.167,0.148
a010386,living,monkey,monkey,91,animal,79,loud,auditory,3,62,595,0.016,0.005
a010371,living,monkey,monkey,91,animal,79,makeup,visual,6,27,105,0.037,0.057
a010385,living,monkey,monkey,91,animal,79,play,visual,3,34,138,0.029,0.022
a010384,living,monkey,monkey,91,animal,79,primate,visual,3,2,7,0.500,0.429
a010367,living,monkey,monkey,91,animal,79,small,visual,11,180,1681,0.006,0.007
a010364,living,monkey,monkey,91,animal,79,smart,auditory,15,33,78,0.030,0.192
a010377,living,monkey,monkey,91,animal,79,swing,visual,4,9,38,0.111,0.105
a010362,living,monkey,monkey,91,animal,79,tail,visual,44,41,643,0.024,0.068
a010370,living,monkey,monkey,91,animal,79,tree,visual,6,21,68,0.048,0.088
a010373,living,monkey,monkey,91,animal,79,zoo,visual,5,10,27,0.100,0.185
a010449,nonliving,moon,moon,95,astronomy,15,big,visual,6,116,414,0.009,0.014
a010437,nonliving,moon,moon,95,astronomy,15,bright,visual,34,31,268,0.032,0.127
a010462,nonliving,moon,moon,95,astronomy,15,change,visual,3,5,12,0.200,0.250
a010443,nonliving,moon,moon,95,astronomy,15,crater,visual,10,1,10,1.000,1.000
a010438,nonliving,moon,moon,95,astronomy,15,crescent,visual,28,3,31,0.333,0.903
a010455,nonliving,moon,moon,95,astronomy,15,curve,visual,4,28,72,0.036,0.056
a010461,nonliving,moon,moon,95,astronomy,15,far,visual,3,1,3,1.000,1.000
a010460,nonliving,moon,moon,95,astronomy,15,full,interoceptive,3,11,14,0.091,0.214
a010454,nonliving,moon,moon,95,astronomy,15,high,visual,4,20,59,0.050,0.068
a010453,nonliving,moon,moon,95,astronomy,15,huge,visual,4,18,53,0.056,0.075
a010447,nonliving,moon,moon,95,astronomy,15,large,visual,7,122,864,0.008,0.008
a010442,nonliving,moon,moon,95,astronomy,15,light,visual,10,114,518,0.009,0.019
a010459,nonliving,moon,moon,95,astronomy,15,lunar,visual,3,1,3,1.000,1.000
a010458,nonliving,moon,moon,95,astronomy,15,moon,visual,3,4,6,0.250,0.500
a010439,nonliving,moon,moon,95,astronomy,15,night,visual,20,8,52,0.125,0.385
a010448,nonliving,moon,moon,95,astronomy,15,orbit,visual,6,1,6,1.000,1.000
a010457,nonliving,moon,moon,95,astronomy,15,phase,visual,3,1,3,1.000,1.000
a010456,nonliving,moon,moon,95,astronomy,15,point,visual,3,38,307,0.026,0.010
a010452,nonliving,moon,moon,95,astronomy,15,rock,visual,5,6,78,0.167,0.064
a010451,nonliving,moon,moon,95,astronomy,15,rocky,visual,5,3,27,0.333,0.185
a010441,nonliving,moon,moon,95,astronomy,15,round,visual,12,120,1208,0.008,0.010
a010446,nonliving,moon,moon,95,astronomy,15,shine,visual,7,65,197,0.015,0.036
a010444,nonliving,moon,moon,95,astronomy,15,sky,visual,9,10,53,0.100,0.170
a010450,nonliving,moon,moon,95,astronomy,15,space,visual,5,10,23,0.100,0.217
a010440,nonliving,moon,moon,95,astronomy,15,white,visual,18,74,534,0.014,0.034
a010445,nonliving,moon,moon,95,astronomy,15,yellow,visual,8,42,475,0.024,0.017
a010530,nonliving,motorcycle,motorcycle,93,vehicle,51,danger,interoceptive,18,53,274,0.019,0.066
a010531,nonliving,motorcycle,motorcycle,93,vehicle,51,engine,auditory,13,7,69,0.143,0.188
a010528,nonliving,motorcycle,motorcycle,93,vehicle,51,fast,visual,44,86,614,0.012,0.072
a010541,nonliving,motorcycle,motorcycle,93,vehicle,51,fun,interoceptive,4,52,219,0.019,0.018
a010546,nonliving,motorcycle,motorcycle,93,vehicle,51,gang,visual,3,1,3,1.000,1.000
a010545,nonliving,motorcycle,motorcycle,93,vehicle,51,gas,olfactory,3,11,24,0.091,0.125
a010536,nonliving,motorcycle,motorcycle,93,vehicle,51,handle,haptic,8,65,1126,0.015,0.007
a010533,nonliving,motorcycle,motorcycle,93,vehicle,51,handlebar,haptic,10,3,20,0.333,0.500
a010540,nonliving,motorcycle,motorcycle,93,vehicle,51,heavy,haptic,4,109,772,0.009,0.005
a010544,nonliving,motorcycle,motorcycle,93,vehicle,51,helmet,visual,3,3,7,0.333,0.429
a010529,nonliving,motorcycle,motorcycle,93,vehicle,51,loud,auditory,27,62,595,0.016,0.045
a010532,nonliving,motorcycle,motorcycle,93,vehicle,51,metal,visual,11,100,2252,0.010,0.005
a010537,nonliving,motorcycle,motorcycle,93,vehicle,51,motor,auditory,7,8,20,0.125,0.350
a010535,nonliving,motorcycle,motorcycle,93,vehicle,51,ride,visual,8,11,56,0.091,0.143
a010534,nonliving,motorcycle,motorcycle,93,vehicle,51,seat,haptic,8,15,187,0.067,0.043
a010539,nonliving,motorcycle,motorcycle,93,vehicle,51,small,visual,4,180,1681,0.006,0.002
a010538,nonliving,motorcycle,motorcycle,93,vehicle,51,speed,interoceptive,4,12,20,0.083,0.200
a010543,nonliving,motorcycle,motorcycle,93,vehicle,51,tire,visual,3,6,21,0.167,0.143
a010542,nonliving,motorcycle,motorcycle,93,vehicle,51,travel,visual,3,18,60,0.056,0.050
a010527,nonliving,motorcycle,motorcycle,93,vehicle,51,wheel,visual,46,17,485,0.059,0.095
a010613,living,mountain,mountain,93,nature,21,big,visual,6,116,414,0.009,0.014
a010610,living,mountain,mountain,93,nature,21,climb,visual,13,13,68,0.077,0.191
a010606,living,mountain,mountain,93,nature,21,cold,haptic,22,50,240,0.020,0.092
a010617,living,mountain,mountain,93,nature,21,danger,interoceptive,4,53,274,0.019,0.015
a010616,living,mountain,mountain,93,nature,21,hard,haptic,5,139,560,0.007,0.009
a010609,living,mountain,mountain,93,nature,21,high,visual,14,20,59,0.050,0.237
a010620,living,mountain,mountain,93,nature,21,huge,visual,3,18,53,0.056,0.057
a010612,living,mountain,mountain,93,nature,21,large,visual,12,122,864,0.008,0.014
a010619,living,mountain,mountain,93,nature,21,massive,visual,3,7,9,0.143,0.333
a010605,living,mountain,mountain,93,nature,21,peak,visual,22,3,24,0.333,0.917
a010615,living,mountain,mountain,93,nature,21,point,visual,5,38,307,0.026,0.016
a010614,living,mountain,mountain,93,nature,21,pointy,haptic,5,44,210,0.023,0.024
a010608,living,mountain,mountain,93,nature,21,rock,visual,15,6,78,0.167,0.192
a010607,living,mountain,mountain,93,nature,21,rocky,visual,21,3,27,0.333,0.778
a010604,living,mountain,mountain,93,nature,21,snow,visual,27,8,108,0.125,0.250
a010611,living,mountain,mountain,93,nature,21,steep,visual,12,1,12,1.000,1.000
a010603,living,mountain,mountain,93,nature,21,tall,visual,50,52,402,0.019,0.124
a010618,living,mountain,mountain,93,nature,21,top,visual,3,22,57,0.045,0.053
a010678,living,mouse,mouse,70,animal,69,cheese,gustatory,9,6,17,0.167,0.529
a010681,living,mouse,mouse,70,animal,69,dirt,visual,7,35,117,0.029,0.060
a010692,living,mouse,mouse,70,animal,69,disease,interoceptive,3,4,7,0.250,0.429
a010677,living,mouse,mouse,70,animal,69,ear,visual,10,28,168,0.036,0.060
a010691,living,mouse,mouse,70,animal,69,eye,visual,3,51,201,0.020,0.015
a010676,living,mouse,mouse,70,animal,69,fast,visual,14,86,614,0.012,0.023
a010675,living,mouse,mouse,70,animal,69,fur,visual,19,40,580,0.025,0.033
a010685,living,mouse,mouse,70,animal,69,gray,visual,5,39,149,0.026,0.034
a010690,living,mouse,mouse,70,animal,69,leg,visual,3,65,662,0.015,0.005
a010684,living,mouse,mouse,70,animal,69,pest,visual,5,11,25,0.091,0.200
a010686,living,mouse,mouse,70,animal,69,rat,visual,4,2,5,0.500,0.800
a010680,living,mouse,mouse,70,animal,69,rodent,visual,7,4,14,0.250,0.500
a010672,living,mouse,mouse,70,animal,69,small,visual,49,180,1681,0.006,0.029
a010689,living,mouse,mouse,70,animal,69,smart,auditory,3,33,78,0.030,0.038
a010683,living,mouse,mouse,70,animal,69,sneak,visual,5,9,35,0.111,0.143
a010682,living,mouse,mouse,70,animal,69,squeak,auditory,6,6,11,0.167,0.545
a010673,living,mouse,mouse,70,animal,69,tail,visual,40,41,643,0.024,0.062
a010688,living,mouse,mouse,70,animal,69,tooth,haptic,3,25,179,0.040,0.017
a010687,living,mouse,mouse,70,animal,69,trap,visual,3,1,3,1.000,1.000
a010674,living,mouse,mouse,70,animal,69,whisker,visual,32,13,147,0.077,0.218
a010679,living,mouse,mouse,70,animal,69,white,visual,7,74,534,0.014,0.013
a010760,living,mushroom,mushroom,100,fungus,39,brown,visual,7,93,455,0.011,0.015
a010755,living,mushroom,mushroom,100,fungus,39,cap,visual,14,5,21,0.200,0.667
a010763,living,mushroom,mushroom,100,fungus,39,cook,olfactory,5,17,123,0.059,0.041
a010759,living,mushroom,mushroom,100,fungus,39,dirt,visual,7,35,117,0.029,0.060
a010767,living,mushroom,mushroom,100,fungus,39,earth,visual,4,7,12,0.143,0.333
a010754,living,mushroom,mushroom,100,fungus,39,edible,gustatory,14,33,109,0.030,0.128
a010773,living,mushroom,mushroom,100,fungus,39,food,gustatory,3,57,212,0.018,0.014
a010766,living,mushroom,mushroom,100,fungus,39,forest,visual,4,12,24,0.083,0.167
a010752,living,mushroom,mushroom,100,fungus,39,fungus,visual,16,4,20,0.250,0.800
a010765,living,mushroom,mushroom,100,fungus,39,gill,visual,4,3,39,0.333,0.103
a010772,living,mushroom,mushroom,100,fungus,39,gray,visual,3,39,149,0.026,0.020
a010762,living,mushroom,mushroom,100,fungus,39,grow,visual,5,14,31,0.071,0.161
a010771,living,mushroom,mushroom,100,fungus,39,mold,visual,3,4,7,0.250,0.429
a010770,living,mushroom,mushroom,100,fungus,39,natural,visual,3,21,28,0.048,0.107
a010751,living,mushroom,mushroom,100,fungus,39,poison,interoceptive,17,5,48,0.200,0.354
a010769,living,mushroom,mushroom,100,fungus,39,rubber,haptic,3,15,97,0.067,0.031
a010749,living,mushroom,mushroom,100,fungus,39,small,visual,22,180,1681,0.006,0.013
a010761,living,mushroom,mushroom,100,fungus,39,smooth,haptic,5,166,381,0.006,0.013
a010756,living,mushroom,mushroom,100,fungus,39,soft,haptic,13,112,774,0.009,0.017
a010768,living,mushroom,mushroom,100,fungus,39,sponge,haptic,3,3,10,0.333,0.300
a010758,living,mushroom,mushroom,100,fungus,39,spore,visual,7,1,7,1.000,1.000
a010750,living,mushroom,mushroom,100,fungus,39,stem,visual,17,31,270,0.032,0.063
a010753,living,mushroom,mushroom,100,fungus,39,taste,gustatory,14,43,319,0.023,0.044
a010757,living,mushroom,mushroom,100,fungus,39,white,visual,12,74,534,0.014,0.022
a010764,living,mushroom,mushroom,100,fungus,39,wood,visual,4,68,807,0.015,0.005
a010864,nonliving,nail,nail,98,tool,55,fasten,visual,4,14,44,0.071,0.091
a010852,nonliving,nail,nail,98,tool,55,hammer,visual,20,7,32,0.143,0.625
a010859,nonliving,nail,nail,98,tool,55,hard,haptic,6,139,560,0.007,0.011
a010854,nonliving,nail,nail,98,tool,55,head,visual,11,43,166,0.023,0.066
a010863,nonliving,nail,nail,98,tool,55,hit,visual,4,8,44,0.125,0.091
a010858,nonliving,nail,nail,98,tool,55,hold,haptic,6,56,176,0.018,0.034
a010855,nonliving,nail,nail,98,tool,55,long,visual,10,128,1235,0.008,0.008
a010849,nonliving,nail,nail,98,tool,55,metal,visual,60,100,2252,0.010,0.027
a010853,nonliving,nail,nail,98,tool,55,point,visual,13,38,307,0.026,0.042
a010857,nonliving,nail,nail,98,tool,55,pointy,haptic,9,44,210,0.023,0.043
a010866,nonliving,nail,nail,98,tool,55,screw,visual,3,17,101,0.059,0.030
a010862,nonliving,nail,nail,98,tool,55,secure,visual,4,23,60,0.043,0.067
a010850,nonliving,nail,nail,98,tool,55,sharp,haptic,51,50,599,0.020,0.085
a010865,nonliving,nail,nail,98,tool,55,silver,visual,3,38,128,0.026,0.023
a010851,nonliving,nail,nail,98,tool,55,small,visual,22,180,1681,0.006,0.013
a010860,nonliving,nail,nail,98,tool,55,steel,visual,5,36,72,0.028,0.069
a010856,nonliving,nail,nail,98,tool,55,thin,visual,9,71,281,0.014,0.032
a010861,nonliving,nail,nail,98,tool,55,wood,visual,4,68,807,0.015,0.005
a010933,nonliving,nail_file,file,49,tool,36,abrasive,haptic,3,2,4,0.500,0.750
a010925,nonliving,nail_file,file,49,tool,36,blade,visual,6,11,129,0.091,0.047
a010916,nonliving,nail_file,file,49,tool,36,cut,haptic,16,16,154,0.063,0.104
a010923,nonliving,nail_file,file,49,tool,36,danger,interoceptive,7,53,274,0.019,0.026
a010928,nonliving,nail_file,file,49,tool,36,file,visual,4,4,7,0.250,0.571
a010932,nonliving,nail_file,file,49,tool,36,fingernail,visual,3,4,9,0.250,0.333
a010927,nonliving,nail_file,file,49,tool,36,flat,visual,5,67,308,0.015,0.016
a010919,nonliving,nail_file,file,49,tool,36,handle,haptic,11,65,1126,0.015,0.010
a010924,nonliving,nail_file,file,49,tool,36,long,visual,6,128,1235,0.008,0.005
a010914,nonliving,nail_file,file,49,tool,36,metal,visual,40,100,2252,0.010,0.018
a010918,nonliving,nail_file,file,49,tool,36,nail,haptic,12,14,247,0.071,0.049
a010931,nonliving,nail_file,file,49,tool,36,plastic,visual,3,52,306,0.019,0.010
a010917,nonliving,nail_file,file,49,tool,36,point,visual,14,38,307,0.026,0.046
a010920,nonliving,nail_file,file,49,tool,36,pointy,haptic,10,44,210,0.023,0.048
a010915,nonliving,nail_file,file,49,tool,36,rough,haptic,16,33,83,0.030,0.193
a010913,nonliving,nail_file,file,49,tool,36,sharp,haptic,57,50,599,0.020,0.095
a010930,nonliving,nail_file,file,49,tool,36,short,visual,3,55,132,0.018,0.023
a010922,nonliving,nail_file,file,49,tool,36,small,visual,8,180,1681,0.006,0.005
a010926,nonliving,nail_file,file,49,tool,36,smooth,haptic,5,166,381,0.006,0.013
a010921,nonliving,nail_file,file,49,tool,36,thin,visual,9,71,281,0.014,0.032
a010929,nonliving,nail_file,file,49,tool,36,useful,visual,3,164,392,0.006,0.008
a010987,nonliving,necklace,necklace,91,jewelry,73,bead,visual,19,1,19,1.000,1.000
a010991,nonliving,necklace,necklace,91,jewelry,73,chain,visual,3,6,48,0.167,0.063
a010993,nonliving,necklace,necklace,91,jewelry,73,circular,visual,5,29,57,0.034,0.088
a010994,nonliving,necklace,necklace,91,jewelry,73,clasp,visual,12,13,47,0.077,0.255
a010995,nonliving,necklace,necklace,91,jewelry,73,classic,visual,5,32,66,0.031,0.076
a010998,nonliving,necklace,necklace,91,jewelry,73,decor,visual,8,32,92,0.031,0.087
a011005,nonliving,necklace,necklace,91,jewelry,73,expensive,visual,20,37,114,0.027,0.175
a011006,nonliving,necklace,necklace,91,jewelry,73,fancy,visual,5,27,60,0.037,0.083
a011007,nonliving,necklace,necklace,91,jewelry,73,female,visual,3,11,61,0.091,0.049
a011013,nonliving,necklace,necklace,91,jewelry,73,gold,visual,3,20,111,0.050,0.027
a011016,nonliving,necklace,necklace,91,jewelry,73,jewel,visual,5,6,68,0.167,0.074
a011019,nonliving,necklace,necklace,91,jewelry,73,light,visual,3,114,518,0.009,0.006
a011021,nonliving,necklace,necklace,91,jewelry,73,long,visual,13,128,1235,0.008,0.011
a011024,nonliving,necklace,necklace,91,jewelry,73,metal,visual,3,100,2252,0.010,0.001
a011026,nonliving,necklace,necklace,91,jewelry,73,neck,visual,7,14,109,0.071,0.064
a011032,nonliving,necklace,necklace,91,jewelry,73,pearl,visual,42,2,52,0.500,0.808
a011033,nonliving,necklace,necklace,91,jewelry,73,precious,visual,3,3,9,0.333,0.333
a011034,nonliving,necklace,necklace,91,jewelry,73,pretty,visual,15,39,130,0.026,0.115
a011037,nonliving,necklace,necklace,91,jewelry,73,round,visual,17,120,1208,0.008,0.014
a011038,nonliving,necklace,necklace,91,jewelry,73,shine,visual,11,65,197,0.015,0.056
a011041,nonliving,necklace,necklace,91,jewelry,73,small,visual,8,180,1681,0.006,0.005
a011047,nonliving,necklace,necklace,91,jewelry,73,string,visual,6,23,406,0.043,0.015
a011050,nonliving,necklace,necklace,91,jewelry,73,valuable,visual,5,9,20,0.111,0.250
a011052,nonliving,necklace,necklace,91,jewelry,73,wear,haptic,4,32,145,0.031,0.028
a011053,nonliving,necklace,necklace,91,jewelry,73,white,visual,9,74,534,0.014,0.017
a011054,nonliving,necklace,necklace,91,jewelry,73,woman,visual,5,9,56,0.111,0.089
a011066,nonliving,needle,needle,92,sewing,38,clothe,visual,5,27,143,0.037,0.035
a011063,nonliving,needle,needle,92,sewing,38,eye,visual,14,51,201,0.020,0.070
a011069,nonliving,needle,needle,92,sewing,38,hole,visual,3,29,163,0.034,0.018
a011064,nonliving,needle,needle,92,sewing,38,long,visual,9,128,1235,0.008,0.007
a011056,nonliving,needle,needle,92,sewing,38,metal,visual,32,100,2252,0.010,0.014
a011062,nonliving,needle,needle,92,sewing,38,point,visual,15,38,307,0.026,0.049
a011059,nonliving,needle,needle,92,sewing,38,pointy,haptic,20,44,210,0.023,0.095
a011058,nonliving,needle,needle,92,sewing,38,sew,visual,21,12,88,0.083,0.239
a011055,nonliving,needle,needle,92,sewing,38,sharp,haptic,64,50,599,0.020,0.107
a011068,nonliving,needle,needle,92,sewing,38,skinny,visual,3,28,48,0.036,0.063
a011057,nonliving,needle,needle,92,sewing,38,small,visual,23,180,1681,0.006,0.014
a011067,nonliving,needle,needle,92,sewing,38,stitch,visual,3,9,24,0.111,0.125
a011061,nonliving,needle,needle,92,sewing,38,thin,visual,17,71,281,0.014,0.060
a011060,nonliving,needle,needle,92,sewing,38,thread,haptic,19,14,112,0.071,0.170
a011065,nonliving,needle,needle,92,sewing,38,tiny,visual,6,24,71,0.042,0.085
a011135,living,nose,nose,100,body,55,air,haptic,3,20,67,0.050,0.045
a011134,living,nose,nose,100,body,55,big,visual,3,116,414,0.009,0.007
a011111,living,nose,nose,100,body,55,breath,interoceptive,16,7,23,0.143,0.696
a011120,living,nose,nose,100,body,55,bridge,visual,6,4,12,0.250,0.500
a011122,living,nose,nose,100,body,55,cartilage,visual,5,2,18,0.500,0.278
a011113,living,nose,nose,100,body,55,face,visual,13,13,57,0.077,0.228
a011117,living,nose,nose,100,body,55,flesh,haptic,8,32,117,0.031,0.068
a011133,living,nose,nose,100,body,55,function,visual,3,26,31,0.038,0.097
a011115,living,nose,nose,100,body,55,hair,visual,11,44,238,0.023,0.046
a011119,living,nose,nose,100,body,55,hole,visual,6,29,163,0.034,0.037
a011132,living,nose,nose,100,body,55,large,visual,3,122,864,0.008,0.003
a011110,living,nose,nose,100,body,55,nostril,visual,36,2,37,0.500,0.973
a011124,living,nose,nose,100,body,55,open,visual,4,55,181,0.018,0.022
a011121,living,nose,nose,100,body,55,point,visual,5,38,307,0.026,0.016
a011114,living,nose,nose,100,body,55,pointy,haptic,11,44,210,0.023,0.052
a011131,living,nose,nose,100,body,55,protrude,visual,3,2,4,0.500,0.750
a011130,living,nose,nose,100,body,55,scent,olfactory,3,9,15,0.111,0.200
a011123,living,nose,nose,100,body,55,sensitive,interoceptive,4,10,23,0.100,0.174
a011129,living,nose,nose,100,body,55,sensory,visual,3,2,4,0.500,0.750
a011116,living,nose,nose,100,body,55,skin,haptic,8,37,242,0.027,0.033
a011112,living,nose,nose,100,body,55,small,visual,14,180,1681,0.006,0.008
a011109,living,nose,nose,100,body,55,smell,olfactory,52,44,248,0.023,0.210
a011128,living,nose,nose,100,body,55,smooth,haptic,3,166,381,0.006,0.008
a011127,living,nose,nose,100,body,55,sneeze,auditory,3,1,3,1.000,1.000
a011118,living,nose,nose,100,body,55,sniff,olfactory,6,2,7,0.500,0.857
a011126,living,nose,nose,100,body,55,snot,visual,3,2,4,0.500,0.750
a011125,living,nose,nose,100,body,55,soft,haptic,3,112,774,0.009,0.004
a011196,nonliving,nut,nut,71,tool,55,bolt,visual,11,3,23,0.333,0.478
a011199,nonliving,nut,nut,71,tool,55,fasten,visual,7,14,44,0.071,0.159
a011198,nonliving,nut,nut,71,tool,55,hard,haptic,7,139,560,0.007,0.013
a011193,nonliving,nut,nut,71,tool,55,hexagon,visual,15,1,15,1.000,1.000
a011205,nonliving,nut,nut,71,tool,55,hold,haptic,4,56,176,0.018,0.023
a011201,nonliving,nut,nut,71,tool,55,hole,visual,5,29,163,0.034,0.031
a011189,nonliving,nut,nut,71,tool,55,metal,visual,62,100,2252,0.010,0.028
a011204,nonliving,nut,nut,71,tool,55,octagon,visual,4,1,4,1.000,1.000
a011207,nonliving,nut,nut,71,tool,55,ridge,visual,3,12,25,0.083,0.120
a011195,nonliving,nut,nut,71,tool,55,round,visual,12,120,1208,0.008,0.010
a011192,nonliving,nut,nut,71,tool,55,screw,visual,22,17,101,0.059,0.218
a011203,nonliving,nut,nut,71,tool,55,shine,visual,4,65,197,0.015,0.020
a011200,nonliving,nut,nut,71,tool,55,silver,visual,6,38,128,0.026,0.047
a011190,nonliving,nut,nut,71,tool,55,small,visual,26,180,1681,0.006,0.015
a011202,nonliving,nut,nut,71,tool,55,strong,visual,4,72,310,0.014,0.013
a011191,nonliving,nut,nut,71,tool,55,thread,haptic,22,14,112,0.071,0.196
a011194,nonliving,nut,nut,71,tool,55,tight,haptic,12,29,100,0.034,0.120
a011206,nonliving,nut,nut,71,tool,55,tiny,visual,3,24,71,0.042,0.042
a011274,living,onion,onion,99,vegetable,80,bitter,gustatory,6,10,30,0.100,0.200
a011281,living,onion,onion,99,vegetable,80,bulb,visual,4,11,31,0.091,0.129
a011286,living,onion,onion,99,vegetable,80,crunch,auditory,3,19,123,0.053,0.024
a011265,living,onion,onion,99,vegetable,80,cry,visual,16,1,16,1.000,1.000
a011280,living,onion,onion,99,vegetable,80,flavor,gustatory,5,9,18,0.111,0.278
a011279,living,onion,onion,99,vegetable,80,food,gustatory,5,57,212,0.018,0.024
a011273,living,onion,onion,99,vegetable,80,health,interoceptive,6,33,155,0.030,0.039
a011262,living,onion,onion,99,vegetable,80,layer,visual,19,10,55,0.100,0.345
a011285,living,onion,onion,99,vegetable,80,odor,olfactory,3,6,12,0.167,0.250
a011269,living,onion,onion,99,vegetable,80,peel,visual,10,11,82,0.091,0.122
a011272,living,onion,onion,99,vegetable,80,pungent,olfactory,6,4,10,0.250,0.600
a011278,living,onion,onion,99,vegetable,80,red,visual,5,43,709,0.023,0.007
a011284,living,onion,onion,99,vegetable,80,ring,visual,3,19,85,0.053,0.035
a011267,living,onion,onion,99,vegetable,80,root,visual,10,7,49,0.143,0.204
a011260,living,onion,onion,99,vegetable,80,round,visual,24,120,1208,0.008,0.020
a011283,living,onion,onion,99,vegetable,80,savory,gustatory,3,5,9,0.200,0.333
a011264,living,onion,onion,99,vegetable,80,skin,haptic,16,37,242,0.027,0.066
a011282,living,onion,onion,99,vegetable,80,slice,visual,3,14,60,0.071,0.050
a011271,living,onion,onion,99,vegetable,80,small,visual,7,180,1681,0.006,0.004
a011261,living,onion,onion,99,vegetable,80,smell,olfactory,21,44,248,0.023,0.085
a011277,living,onion,onion,99,vegetable,80,spicy,gustatory,5,10,26,0.100,0.192
a011266,living,onion,onion,99,vegetable,80,strong,visual,10,72,310,0.014,0.032
a011276,living,onion,onion,99,vegetable,80,sweet,gustatory,5,31,568,0.032,0.009
a011270,living,onion,onion,99,vegetable,80,taste,gustatory,7,43,319,0.023,0.022
a011268,living,onion,onion,99,vegetable,80,tear,visual,9,1,9,1.000,1.000
a011263,living,onion,onion,99,vegetable,80,white,visual,18,74,534,0.014,0.034
a011275,living,onion,onion,99,vegetable,80,yellow,visual,5,42,475,0.024,0.011
a011350,living,orange,orange,87,fruit,88,citrus,gustatory,11,3,25,0.333,0.440
a011356,living,orange,orange,87,fruit,88,color,visual,6,73,478,0.014,0.013
a011360,living,orange,orange,87,fruit,88,fruit,gustatory,4,15,51,0.067,0.078
a011355,living,orange,orange,87,fruit,88,juice,gustatory,6,14,32,0.071,0.188
a011346,living,orange,orange,87,fruit,88,juicy,gustatory,34,21,370,0.048,0.092
a011364,living,orange,orange,87,fruit,88,nutritious,gustatory,3,19,51,0.053,0.059
a011348,living,orange,orange,87,fruit,88,peel,visual,15,11,82,0.091,0.183
a011363,living,orange,orange,87,fruit,88,rind,visual,3,5,13,0.200,0.231
a011347,living,orange,orange,87,fruit,88,round,visual,32,120,1208,0.008,0.026
a011349,living,orange,orange,87,fruit,88,seed,visual,13,16,188,0.063,0.069
a011351,living,orange,orange,87,fruit,88,skin,haptic,8,37,242,0.027,0.033
a011359,living,orange,orange,87,fruit,88,small,visual,4,180,1681,0.006,0.002
a011358,living,orange,orange,87,fruit,88,smooth,haptic,4,166,381,0.006,0.010
a011357,living,orange,orange,87,fruit,88,sour,gustatory,4,13,103,0.077,0.039
a011345,living,orange,orange,87,fruit,88,sweet,gustatory,35,31,568,0.032,0.062
a011354,living,orange,orange,87,fruit,88,tangy,gustatory,6,7,18,0.143,0.333
a011353,living,orange,orange,87,fruit,88,tart,gustatory,7,12,52,0.083,0.135
a011352,living,orange,orange,87,fruit,88,taste,gustatory,7,43,319,0.023,0.022
a011362,living,orange,orange,87,fruit,88,vitamin,visual,3,17,22,0.059,0.136
a011361,living,orange,orange,87,fruit,88,zest,visual,3,2,6,0.500,0.500
a011421,living,ostrich,ostrich,90,bird,61,australia,NA,3,3,15,0.333,0.200
a011406,living,ostrich,ostrich,90,bird,61,beak,visual,20,13,244,0.077,0.082
a011410,living,ostrich,ostrich,90,bird,61,big,visual,11,116,414,0.009,0.027
a011412,living,ostrich,ostrich,90,bird,61,bird,visual,9,12,55,0.083,0.164
a011420,living,ostrich,ostrich,90,bird,61,black,visual,3,58,247,0.017,0.012
a011415,living,ostrich,ostrich,90,bird,61,danger,interoceptive,6,53,274,0.019,0.022
a011417,living,ostrich,ostrich,90,bird,61,egg,gustatory,4,13,49,0.077,0.082
a011404,living,ostrich,ostrich,90,bird,61,fast,visual,29,86,614,0.012,0.047
a011402,living,ostrich,ostrich,90,bird,61,feather,visual,46,11,452,0.091,0.102
a011409,living,ostrich,ostrich,90,bird,61,flightless,visual,11,4,30,0.250,0.367
a011419,living,ostrich,ostrich,90,bird,61,heavy,haptic,3,109,772,0.009,0.004
a011418,living,ostrich,ostrich,90,bird,61,huge,visual,3,18,53,0.056,0.057
a011405,living,ostrich,ostrich,90,bird,61,large,visual,20,122,864,0.008,0.023
a011407,living,ostrich,ostrich,90,bird,61,leg,visual,18,65,662,0.015,0.027
a011414,living,ostrich,ostrich,90,bird,61,long,visual,6,128,1235,0.008,0.005
a011413,living,ostrich,ostrich,90,bird,61,neck,visual,6,14,109,0.071,0.055
a011416,living,ostrich,ostrich,90,bird,61,pink,visual,4,23,104,0.043,0.038
a011411,living,ostrich,ostrich,90,bird,61,run,visual,9,19,39,0.053,0.231
a011403,living,ostrich,ostrich,90,bird,61,tall,visual,33,52,402,0.019,0.082
a011408,living,ostrich,ostrich,90,bird,61,wing,visual,12,20,403,0.050,0.030
a011462,living,owl,owl,100,bird,61,beak,visual,22,13,244,0.077,0.090
a011473,living,owl,owl,100,bird,61,bird,visual,5,12,55,0.083,0.091
a011472,living,owl,owl,100,bird,61,brown,visual,5,93,455,0.011,0.011
a011476,living,owl,owl,100,bird,61,claw,visual,4,20,142,0.050,0.028
a011479,living,owl,owl,100,bird,61,ear,visual,3,28,168,0.036,0.018
a011464,living,owl,owl,100,bird,61,eye,visual,17,51,201,0.020,0.085
a011478,living,owl,owl,100,bird,61,fast,visual,3,86,614,0.012,0.005
a011460,living,owl,owl,100,bird,61,feather,visual,46,11,452,0.091,0.102
a011468,living,owl,owl,100,bird,61,fly,visual,12,26,355,0.038,0.034
a011475,living,owl,owl,100,bird,61,fur,visual,4,40,580,0.025,0.007
a011466,living,owl,owl,100,bird,61,hoot,auditory,16,2,17,0.500,0.941
a011469,living,owl,owl,100,bird,61,large,visual,7,122,864,0.008,0.008
a011477,living,owl,owl,100,bird,61,loud,auditory,3,62,595,0.016,0.005
a011474,living,owl,owl,100,bird,61,majestic,visual,4,17,50,0.059,0.080
a011463,living,owl,owl,100,bird,61,night,visual,18,8,52,0.125,0.346
a011461,living,owl,owl,100,bird,61,nocturnal,visual,28,5,43,0.200,0.651
a011471,living,owl,owl,100,bird,61,predator,visual,5,9,51,0.111,0.098
a011470,living,owl,owl,100,bird,61,talon,visual,5,2,21,0.500,0.238
a011467,living,owl,owl,100,bird,61,wing,visual,15,20,403,0.050,0.037
a011465,living,owl,owl,100,bird,61,wise,auditory,16,4,19,0.250,0.842
a011537,nonliving,paintbrush,brush,100,tool,36,art,visual,11,8,21,0.125,0.524
a011532,nonliving,paintbrush,brush,100,tool,36,bristle,visual,31,5,217,0.200,0.143
a011544,nonliving,paintbrush,brush,100,tool,36,brush,haptic,6,7,53,0.143,0.113
a011536,nonliving,paintbrush,brush,100,tool,36,color,visual,14,73,478,0.014,0.029
a011545,nonliving,paintbrush,brush,100,tool,36,hair,visual,5,44,238,0.023,0.021
a011535,nonliving,paintbrush,brush,100,tool,36,handle,haptic,17,65,1126,0.015,0.015
a011541,nonliving,paintbrush,brush,100,tool,36,light,visual,8,114,518,0.009,0.015
a011533,nonliving,paintbrush,brush,100,tool,36,long,visual,23,128,1235,0.008,0.019
a011553,nonliving,paintbrush,brush,100,tool,36,oil,visual,3,9,12,0.111,0.250
a011531,nonliving,paintbrush,brush,100,tool,36,paint,visual,36,8,62,0.125,0.581
a011552,nonliving,paintbrush,brush,100,tool,36,plastic,visual,3,52,306,0.019,0.010
a011547,nonliving,paintbrush,brush,100,tool,36,point,visual,4,38,307,0.026,0.013
a011551,nonliving,paintbrush,brush,100,tool,36,precise,visual,3,5,9,0.200,0.333
a011546,nonliving,paintbrush,brush,100,tool,36,skinny,visual,4,28,48,0.036,0.083
a011540,nonliving,paintbrush,brush,100,tool,36,small,visual,8,180,1681,0.006,0.005
a011538,nonliving,paintbrush,brush,100,tool,36,soft,haptic,9,112,774,0.009,0.012
a011550,nonliving,paintbrush,brush,100,tool,36,stroke,interoceptive,3,1,3,1.000,1.000
a011534,nonliving,paintbrush,brush,100,tool,36,thin,visual,17,71,281,0.014,0.060
a011543,nonliving,paintbrush,brush,100,tool,36,tip,visual,7,13,24,0.077,0.292
a011549,nonliving,paintbrush,brush,100,tool,36,watercolor,visual,3,1,3,1.000,1.000
a011542,nonliving,paintbrush,brush,100,tool,36,wood,visual,7,68,807,0.015,0.009
a011539,nonliving,paintbrush,brush,100,tool,36,wooden,visual,8,53,810,0.019,0.010
a011548,nonliving,paintbrush,brush,100,tool,36,write,visual,3,9,80,0.111,0.038
a011623,nonliving,pants,pants,98,clothing,98,blue,visual,6,20,38,0.050,0.158
a011622,nonliving,pants,pants,98,clothing,98,bottom,visual,6,10,17,0.100,0.353
a011621,nonliving,pants,pants,98,clothing,98,button,haptic,6,21,296,0.048,0.020
a011618,nonliving,pants,pants,98,clothing,98,cloth,visual,7,30,165,0.033,0.042
a011614,nonliving,pants,pants,98,clothing,98,comfort,interoceptive,9,29,169,0.034,0.053
a011613,nonliving,pants,pants,98,clothing,98,cotton,haptic,9,23,117,0.043,0.077
a011620,nonliving,pants,pants,98,clothing,98,cover,visual,6,37,138,0.027,0.043
a011628,nonliving,pants,pants,98,clothing,98,denim,visual,4,2,5,0.500,0.800
a011627,nonliving,pants,pants,98,clothing,98,dress,visual,4,20,71,0.050,0.056
a011612,nonliving,pants,pants,98,clothing,98,fabric,haptic,9,27,168,0.037,0.054
a011631,nonliving,pants,pants,98,clothing,98,hem,visual,3,7,10,0.143,0.300
a011624,nonliving,pants,pants,98,clothing,98,jeans,visual,5,2,6,0.500,0.833
a011608,nonliving,pants,pants,98,clothing,98,leg,visual,18,65,662,0.015,0.027
a011607,nonliving,pants,pants,98,clothing,98,long,visual,47,128,1235,0.008,0.038
a011626,nonliving,pants,pants,98,clothing,98,loose,haptic,4,14,26,0.071,0.154
a011616,nonliving,pants,pants,98,clothing,98,pleat,visual,8,5,12,0.200,0.667
a011610,nonliving,pants,pants,98,clothing,98,pocket,visual,13,8,142,0.125,0.092
a011630,nonliving,pants,pants,98,clothing,98,seam,visual,3,5,7,0.200,0.429
a011611,nonliving,pants,pants,98,clothing,98,soft,haptic,12,112,774,0.009,0.016
a011625,nonliving,pants,pants,98,clothing,98,trousers,visual,4,1,4,1.000,1.000
a011617,nonliving,pants,pants,98,clothing,98,waist,visual,7,4,22,0.250,0.318
a011619,nonliving,pants,pants,98,clothing,98,waistband,visual,6,3,14,0.333,0.429
a011609,nonliving,pants,pants,98,clothing,98,warm,haptic,17,53,600,0.019,0.028
a011615,nonliving,pants,pants,98,clothing,98,wear,haptic,8,32,145,0.031,0.055
a011629,nonliving,pants,pants,98,clothing,98,zipper,visual,3,5,66,0.200,0.045
a011708,living,peach,peach,84,fruit,86,flesh,haptic,4,32,117,0.031,0.034
a011707,living,peach,peach,84,fruit,86,fruit,gustatory,5,15,51,0.067,0.098
a011712,living,peach,peach,84,fruit,86,fuzz,visual,3,1,3,1.000,1.000
a011697,living,peach,peach,84,fruit,86,fuzzy,haptic,35,31,129,0.032,0.271
a011696,living,peach,peach,84,fruit,86,juicy,gustatory,41,21,370,0.048,0.111
a016969,living,tomato,tomato,100,fruit,54,orange,visual,3,21,269,0.048,0.011
a011699,living,peach,peach,84,fruit,86,pink,visual,12,23,104,0.043,0.115
a011702,living,peach,peach,84,fruit,86,pit,visual,10,7,33,0.143,0.303
a011706,living,peach,peach,84,fruit,86,red,visual,5,43,709,0.023,0.007
a011698,living,peach,peach,84,fruit,86,round,visual,23,120,1208,0.008,0.019
a011711,living,peach,peach,84,fruit,86,seed,visual,3,16,188,0.063,0.016
a011710,living,peach,peach,84,fruit,86,skin,haptic,3,37,242,0.027,0.012
a011704,living,peach,peach,84,fruit,86,small,visual,6,180,1681,0.006,0.004
a011709,living,peach,peach,84,fruit,86,smooth,haptic,3,166,381,0.006,0.008
a011701,living,peach,peach,84,fruit,86,soft,haptic,10,112,774,0.009,0.013
a011695,living,peach,peach,84,fruit,86,sweet,gustatory,53,31,568,0.032,0.093
a011703,living,peach,peach,84,fruit,86,taste,gustatory,9,43,319,0.023,0.028
a011705,living,peach,peach,84,fruit,86,yellow,visual,5,42,475,0.024,0.011
a011780,living,peacock,peacock,96,bird,62,angry,interoceptive,3,7,10,0.143,0.300
a011769,living,peacock,peacock,96,bird,62,beak,visual,7,13,244,0.077,0.029
a011762,living,peacock,peacock,96,bird,62,beautiful,visual,17,54,131,0.019,0.130
a011768,living,peacock,peacock,96,bird,62,big,visual,7,116,414,0.009,0.017
a011767,living,peacock,peacock,96,bird,62,bird,visual,7,12,55,0.083,0.127
a011766,living,peacock,peacock,96,bird,62,blue,visual,7,20,38,0.050,0.184
a011771,living,peacock,peacock,96,bird,62,bright,visual,6,31,268,0.032,0.022
a011760,living,peacock,peacock,96,bird,62,color,visual,65,73,478,0.014,0.136
a011775,living,peacock,peacock,96,bird,62,fancy,visual,4,27,60,0.037,0.067
a011761,living,peacock,peacock,96,bird,62,feather,visual,54,11,452,0.091,0.119
a011779,living,peacock,peacock,96,bird,62,fly,visual,3,26,355,0.038,0.008
a011778,living,peacock,peacock,96,bird,62,foot,visual,3,58,241,0.017,0.012
a011774,living,peacock,peacock,96,bird,62,green,visual,4,37,826,0.027,0.005
a011773,living,peacock,peacock,96,bird,62,large,visual,5,122,864,0.008,0.006
a011765,living,peacock,peacock,96,bird,62,plume,visual,8,3,10,0.333,0.800
a011770,living,peacock,peacock,96,bird,62,pretty,visual,6,39,130,0.026,0.046
a011777,living,peacock,peacock,96,bird,62,proud,interoceptive,3,6,13,0.167,0.231
a011772,living,peacock,peacock,96,bird,62,show,visual,5,3,15,0.333,0.333
a011776,living,peacock,peacock,96,bird,62,strut,visual,3,2,5,0.500,0.600
a011764,living,peacock,peacock,96,bird,62,tail,visual,12,41,643,0.024,0.019
a011763,living,peacock,peacock,96,bird,62,wing,visual,14,20,403,0.050,0.035
a011845,living,peanut,peanut,99,food,50,allergy,interoceptive,4,2,5,0.500,0.800
a011831,living,peanut,peanut,99,food,50,brown,visual,29,93,455,0.011,0.064
a011838,living,peanut,peanut,99,food,50,butter,gustatory,10,8,42,0.125,0.238
a011842,living,peanut,peanut,99,food,50,crack,visual,5,2,6,0.500,0.833
a011836,living,peanut,peanut,99,food,50,crunch,auditory,16,19,123,0.053,0.130
a011844,living,peanut,peanut,99,food,50,eat,gustatory,4,41,122,0.024,0.033
a011839,living,peanut,peanut,99,food,50,edible,gustatory,6,33,109,0.030,0.055
a011834,living,peanut,peanut,99,food,50,hard,haptic,19,139,560,0.007,0.034
a011841,living,peanut,peanut,99,food,50,health,interoceptive,5,33,155,0.030,0.032
a011837,living,peanut,peanut,99,food,50,nut,gustatory,15,6,45,0.167,0.333
a011840,living,peanut,peanut,99,food,50,protein,gustatory,5,2,6,0.500,0.833
a011843,living,peanut,peanut,99,food,50,rough,haptic,4,33,83,0.030,0.048
a011846,living,peanut,peanut,99,food,50,round,visual,3,120,1208,0.008,0.002
a011833,living,peanut,peanut,99,food,50,salt,gustatory,21,11,67,0.091,0.313
a011830,living,peanut,peanut,99,food,50,shell,visual,45,11,201,0.091,0.224
a011832,living,peanut,peanut,99,food,50,small,visual,24,180,1681,0.006,0.014
a011835,living,peanut,peanut,99,food,50,taste,gustatory,17,43,319,0.023,0.053
a011919,living,pear,pear,97,fruit,86,crisp,haptic,4,16,70,0.063,0.057
a011918,living,pear,pear,97,fruit,86,crunch,auditory,4,19,123,0.053,0.033
a011917,living,pear,pear,97,fruit,86,edible,gustatory,4,33,109,0.030,0.037
a011916,living,pear,pear,97,fruit,86,fruit,gustatory,4,15,51,0.067,0.078
a011925,living,pear,pear,97,fruit,86,grain,visual,3,6,14,0.167,0.214
a011904,living,pear,pear,97,fruit,86,green,visual,52,37,826,0.027,0.063
a011912,living,pear,pear,97,fruit,86,health,interoceptive,7,33,155,0.030,0.045
a011906,living,pear,pear,97,fruit,86,juicy,gustatory,31,21,370,0.048,0.084
a011924,living,pear,pear,97,fruit,86,light,visual,3,114,518,0.009,0.006
a011923,living,pear,pear,97,fruit,86,long,visual,3,128,1235,0.008,0.002
a011915,living,pear,pear,97,fruit,86,round,visual,4,120,1208,0.008,0.003
a011922,living,pear,pear,97,fruit,86,sandy,haptic,3,2,4,0.500,0.750
a011913,living,pear,pear,97,fruit,86,seed,visual,5,16,188,0.063,0.027
a011921,living,pear,pear,97,fruit,86,skin,haptic,3,37,242,0.027,0.012
a011911,living,pear,pear,97,fruit,86,small,visual,7,180,1681,0.006,0.004
a011909,living,pear,pear,97,fruit,86,soft,haptic,12,112,774,0.009,0.016
a011920,living,pear,pear,97,fruit,86,sour,gustatory,3,13,103,0.077,0.029
a011907,living,pear,pear,97,fruit,86,stem,visual,14,31,270,0.032,0.052
a011905,living,pear,pear,97,fruit,86,sweet,gustatory,51,31,568,0.032,0.090
a011914,living,pear,pear,97,fruit,86,tart,gustatory,4,12,52,0.083,0.077
a011908,living,pear,pear,97,fruit,86,taste,gustatory,13,43,319,0.023,0.041
a011910,living,pear,pear,97,fruit,86,yellow,visual,10,42,475,0.024,0.021
a011997,nonliving,pen,pen,99,writing,23,ballpoint,visual,3,1,3,1.000,1.000
a011989,nonliving,pen,pen,99,writing,23,button,haptic,4,21,296,0.048,0.014
a011980,nonliving,pen,pen,99,writing,23,click,auditory,10,4,15,0.250,0.667
a011983,nonliving,pen,pen,99,writing,23,clip,visual,5,6,25,0.167,0.200
a011988,nonliving,pen,pen,99,writing,23,cylinder,visual,4,34,97,0.029,0.041
a011996,nonliving,pen,pen,99,writing,23,draw,visual,3,7,17,0.143,0.176
a011995,nonliving,pen,pen,99,writing,23,handheld,visual,3,21,32,0.048,0.094
a011973,nonliving,pen,pen,99,writing,23,ink,visual,68,6,78,0.167,0.872
a011979,nonliving,pen,pen,99,writing,23,long,visual,10,128,1235,0.008,0.008
a011981,nonliving,pen,pen,99,writing,23,metal,visual,7,100,2252,0.010,0.003
a011987,nonliving,pen,pen,99,writing,23,paper,visual,4,22,155,0.045,0.026
a011986,nonliving,pen,pen,99,writing,23,permanent,visual,4,1,4,1.000,1.000
a011978,nonliving,pen,pen,99,writing,23,plastic,visual,10,52,306,0.019,0.033
a011977,nonliving,pen,pen,99,writing,23,point,visual,10,38,307,0.026,0.033
a011994,nonliving,pen,pen,99,writing,23,pointy,haptic,3,44,210,0.023,0.014
a011993,nonliving,pen,pen,99,writing,23,retract,visual,3,4,6,0.250,0.500
a011992,nonliving,pen,pen,99,writing,23,round,visual,3,120,1208,0.008,0.002
a011985,nonliving,pen,pen,99,writing,23,sharp,haptic,4,50,599,0.020,0.007
a011991,nonliving,pen,pen,99,writing,23,slender,visual,3,27,32,0.037,0.094
a011990,nonliving,pen,pen,99,writing,23,slim,visual,3,11,15,0.091,0.200
a011975,nonliving,pen,pen,99,writing,23,small,visual,16,180,1681,0.006,0.010
a011982,nonliving,pen,pen,99,writing,23,smooth,haptic,5,166,381,0.006,0.013
a011976,nonliving,pen,pen,99,writing,23,thin,visual,10,71,281,0.014,0.036
a011984,nonliving,pen,pen,99,writing,23,useful,visual,4,164,392,0.006,0.010
a011974,nonliving,pen,pen,99,writing,23,write,visual,32,9,80,0.111,0.400
a012074,nonliving,pencil,pencil,100,writing,27,draw,visual,3,7,17,0.143,0.176
a012060,nonliving,pencil,pencil,100,writing,27,erase,visual,44,2,45,0.500,0.978
a012067,nonliving,pencil,pencil,100,writing,27,graphite,haptic,9,1,9,1.000,1.000
a012059,nonliving,pencil,pencil,100,writing,27,lead,visual,54,2,55,0.500,0.982
a012073,nonliving,pencil,pencil,100,writing,27,letter,visual,3,5,20,0.200,0.150
a012065,nonliving,pencil,pencil,100,writing,27,long,visual,12,128,1235,0.008,0.010
a012066,nonliving,pencil,pencil,100,writing,27,point,visual,11,38,307,0.026,0.036
a012070,nonliving,pencil,pencil,100,writing,27,pointy,haptic,5,44,210,0.023,0.024
a012072,nonliving,pencil,pencil,100,writing,27,school,visual,3,6,17,0.167,0.176
a012064,nonliving,pencil,pencil,100,writing,27,sharp,haptic,22,50,599,0.020,0.037
a012071,nonliving,pencil,pencil,100,writing,27,small,visual,3,180,1681,0.006,0.002
a012069,nonliving,pencil,pencil,100,writing,27,thin,visual,6,71,281,0.014,0.021
a012063,nonliving,pencil,pencil,100,writing,27,wood,visual,26,68,807,0.015,0.032
a012062,nonliving,pencil,pencil,100,writing,27,wooden,visual,29,53,810,0.019,0.036
a012061,nonliving,pencil,pencil,100,writing,27,write,visual,29,9,80,0.111,0.363
a012068,nonliving,pencil,pencil,100,writing,27,yellow,visual,7,42,475,0.024,0.015
a012120,living,penguin,penguin,100,animal,57,antarctica,NA,4,2,5,0.500,0.800
a012121,living,penguin,penguin,100,animal,57,arctic,visual,6,1,6,1.000,1.000
a012106,living,penguin,penguin,100,animal,57,beak,visual,28,13,244,0.077,0.115
a012112,living,penguin,penguin,100,animal,57,bird,visual,9,12,55,0.083,0.164
a012105,living,penguin,penguin,100,animal,57,black,visual,32,58,247,0.017,0.130
a012107,living,penguin,penguin,100,animal,57,cold,haptic,21,50,240,0.020,0.088
a012117,living,penguin,penguin,100,animal,57,cute,visual,6,39,140,0.026,0.043
a012116,living,penguin,penguin,100,animal,57,feather,visual,7,11,452,0.091,0.015
a012125,living,penguin,penguin,100,animal,57,fish,visual,3,8,18,0.125,0.167
a012109,living,penguin,penguin,100,animal,57,flightless,visual,16,4,30,0.250,0.533
a012122,living,penguin,penguin,100,animal,57,flipper,visual,4,5,32,0.200,0.125
a012113,living,penguin,penguin,100,animal,57,foot,visual,9,58,241,0.017,0.037
a012126,living,penguin,penguin,100,animal,57,fur,visual,3,40,580,0.025,0.005
a012127,living,penguin,penguin,100,animal,57,ice,visual,3,9,17,0.111,0.176
a012128,living,penguin,penguin,100,animal,57,short,visual,3,55,132,0.018,0.023
a012129,living,penguin,penguin,100,animal,57,slip,visual,3,11,20,0.091,0.150
a012130,living,penguin,penguin,100,animal,57,small,visual,3,180,1681,0.006,0.002
a012118,living,penguin,penguin,100,animal,57,smooth,haptic,6,166,381,0.006,0.016
a012131,living,penguin,penguin,100,animal,57,soft,haptic,3,112,774,0.009,0.004
a012132,living,penguin,penguin,100,animal,57,stand,visual,3,22,39,0.045,0.077
a012115,living,penguin,penguin,100,animal,57,swim,haptic,8,11,114,0.091,0.070
a012119,living,penguin,penguin,100,animal,57,tall,visual,5,52,402,0.019,0.012
a012123,living,penguin,penguin,100,animal,57,tuxedo,visual,4,2,5,0.500,0.800
a012124,living,penguin,penguin,100,animal,57,upright,visual,4,4,7,0.250,0.571
a012110,living,penguin,penguin,100,animal,57,waddle,visual,14,3,20,0.333,0.700
a012133,living,penguin,penguin,100,animal,57,walk,visual,3,20,62,0.050,0.048
a012111,living,penguin,penguin,100,animal,57,webbed,visual,10,8,49,0.125,0.204
a012108,living,penguin,penguin,100,animal,57,white,visual,17,74,534,0.014,0.032
a012114,living,penguin,penguin,100,animal,57,wing,visual,9,20,403,0.050,0.022
a012134,living,penguin,penguin,100,animal,57,wobble,visual,3,7,9,0.143,0.333
a012210,living,pepper,pepper,94,vegetable,72,bell,auditory,3,4,21,0.250,0.143
a012209,living,pepper,pepper,94,vegetable,72,bitter,gustatory,3,10,30,0.100,0.100
a012208,living,pepper,pepper,94,vegetable,72,bump,haptic,3,20,36,0.050,0.083
a012189,living,pepper,pepper,94,vegetable,72,color,visual,9,73,478,0.014,0.019
a012202,living,pepper,pepper,94,vegetable,72,cook,olfactory,4,17,123,0.059,0.033
a012188,living,pepper,pepper,94,vegetable,72,crisp,haptic,9,16,70,0.063,0.129
a012193,living,pepper,pepper,94,vegetable,72,crunch,auditory,8,19,123,0.053,0.065
a012196,living,pepper,pepper,94,vegetable,72,edible,gustatory,6,33,109,0.030,0.055
a012207,living,pepper,pepper,94,vegetable,72,flavor,gustatory,3,9,18,0.111,0.167
a012180,living,pepper,pepper,94,vegetable,72,green,visual,49,37,826,0.027,0.059
a012195,living,pepper,pepper,94,vegetable,72,health,interoceptive,6,33,155,0.030,0.039
a012198,living,pepper,pepper,94,vegetable,72,hollow,visual,5,48,161,0.021,0.031
a012187,living,pepper,pepper,94,vegetable,72,hot,haptic,9,28,319,0.036,0.028
a012194,living,pepper,pepper,94,vegetable,72,juicy,gustatory,7,21,370,0.048,0.019
a012206,living,pepper,pepper,94,vegetable,72,mild,gustatory,3,2,4,0.500,0.750
a012201,living,pepper,pepper,94,vegetable,72,nutritious,gustatory,4,19,51,0.053,0.078
a012181,living,pepper,pepper,94,vegetable,72,red,visual,21,43,709,0.023,0.030
a012192,living,pepper,pepper,94,vegetable,72,round,visual,8,120,1208,0.008,0.007
a012200,living,pepper,pepper,94,vegetable,72,salad,gustatory,4,9,31,0.111,0.129
a012182,living,pepper,pepper,94,vegetable,72,seed,visual,17,16,188,0.063,0.090
a012204,living,pepper,pepper,94,vegetable,72,skin,haptic,3,37,242,0.027,0.012
a012191,living,pepper,pepper,94,vegetable,72,small,visual,8,180,1681,0.006,0.005
a012199,living,pepper,pepper,94,vegetable,72,smooth,haptic,4,166,381,0.006,0.010
a012203,living,pepper,pepper,94,vegetable,72,spice,gustatory,3,4,8,0.250,0.375
a012183,living,pepper,pepper,94,vegetable,72,spicy,gustatory,13,10,26,0.100,0.500
a012184,living,pepper,pepper,94,vegetable,72,stem,visual,12,31,270,0.032,0.044
a012186,living,pepper,pepper,94,vegetable,72,sweet,gustatory,9,31,568,0.032,0.016
a012190,living,pepper,pepper,94,vegetable,72,taste,gustatory,8,43,319,0.023,0.025
a012197,living,pepper,pepper,94,vegetable,72,vegetable,gustatory,5,19,57,0.053,0.088
a012185,living,pepper,pepper,94,vegetable,72,yellow,visual,10,42,475,0.024,0.021
a012264,nonliving,piano,piano,100,instrument,87,beautiful,visual,5,54,131,0.019,0.038
a012261,nonliving,piano,piano,100,instrument,87,big,visual,7,116,414,0.009,0.017
a012263,nonliving,piano,piano,100,instrument,87,black,visual,6,58,247,0.017,0.024
a012268,nonliving,piano,piano,100,instrument,87,classic,visual,3,32,66,0.031,0.045
a012265,nonliving,piano,piano,100,instrument,87,expensive,visual,4,37,114,0.027,0.035
a012267,nonliving,piano,piano,100,instrument,87,grand,visual,3,1,3,1.000,1.000
a012255,nonliving,piano,piano,100,instrument,87,heavy,haptic,15,109,772,0.009,0.019
a012260,nonliving,piano,piano,100,instrument,87,ivory,visual,7,3,14,0.333,0.500
a012249,nonliving,piano,piano,100,instrument,87,key,visual,55,10,161,0.100,0.342
a012252,nonliving,piano,piano,100,instrument,87,large,visual,21,122,864,0.008,0.024
a012256,nonliving,piano,piano,100,instrument,87,leg,visual,9,65,662,0.015,0.014
a012254,nonliving,piano,piano,100,instrument,87,loud,auditory,16,62,595,0.016,0.027
a012250,nonliving,piano,piano,100,instrument,87,music,auditory,28,15,301,0.067,0.093
a012253,nonliving,piano,piano,100,instrument,87,pedal,visual,18,5,46,0.200,0.391
a012262,nonliving,piano,piano,100,instrument,87,play,visual,6,34,138,0.029,0.043
a012266,nonliving,piano,piano,100,instrument,87,song,auditory,3,13,31,0.077,0.097
a012258,nonliving,piano,piano,100,instrument,87,sound,auditory,8,20,154,0.050,0.052
a012251,nonliving,piano,piano,100,instrument,87,string,visual,25,23,406,0.043,0.062
a012257,nonliving,piano,piano,100,instrument,87,wood,visual,8,68,807,0.015,0.010
a012259,nonliving,piano,piano,100,instrument,87,wooden,visual,7,53,810,0.019,0.009
a012317,living,pig,pig,96,animal,88,bacon,gustatory,11,1,11,1.000,1.000
a012325,living,pig,pig,96,animal,88,big,visual,6,116,414,0.009,0.014
a012313,living,pig,pig,96,animal,88,dirt,visual,19,35,117,0.029,0.162
a012324,living,pig,pig,96,animal,88,ear,visual,6,28,168,0.036,0.036
a012320,living,pig,pig,96,animal,88,farm,visual,9,14,82,0.071,0.110
a012311,living,pig,pig,96,animal,88,fat,visual,30,17,67,0.059,0.448
a012327,living,pig,pig,96,animal,88,food,gustatory,5,57,212,0.018,0.024
a012330,living,pig,pig,96,animal,88,foot,visual,4,58,241,0.017,0.017
a012315,living,pig,pig,96,animal,88,heavy,haptic,12,109,772,0.009,0.016
a012318,living,pig,pig,96,animal,88,hoof,visual,10,10,175,0.100,0.057
a012332,living,pig,pig,96,animal,88,intelligent,auditory,3,11,29,0.091,0.103
a012319,living,pig,pig,96,animal,88,large,visual,9,122,864,0.008,0.010
a012329,living,pig,pig,96,animal,88,leg,visual,4,65,662,0.015,0.006
a012316,living,pig,pig,96,animal,88,mud,visual,11,2,13,0.500,0.846
a012323,living,pig,pig,96,animal,88,oink,auditory,6,1,6,1.000,1.000
a012310,living,pig,pig,96,animal,88,pink,visual,34,23,104,0.043,0.327
a012321,living,pig,pig,96,animal,88,pork,gustatory,8,1,8,1.000,1.000
a012322,living,pig,pig,96,animal,88,smart,auditory,6,33,78,0.030,0.077
a012331,living,pig,pig,96,animal,88,smell,olfactory,3,44,248,0.023,0.012
a012312,living,pig,pig,96,animal,88,snout,visual,20,13,43,0.077,0.465
a012326,living,pig,pig,96,animal,88,stink,olfactory,5,17,83,0.059,0.060
a012314,living,pig,pig,96,animal,88,tail,visual,18,41,643,0.024,0.028
a012328,living,pig,pig,96,animal,88,taste,gustatory,4,43,319,0.023,0.013
a012404,living,pineapple,pineapple,100,fruit,89,brown,visual,4,93,455,0.011,0.009
a012391,living,pineapple,pineapple,100,fruit,89,delicious,gustatory,6,24,54,0.042,0.111
a012399,living,pineapple,pineapple,100,fruit,89,exotic,visual,5,5,10,0.200,0.500
a012398,living,pineapple,pineapple,100,fruit,89,fruit,gustatory,5,15,51,0.067,0.098
a012383,living,pineapple,pineapple,100,fruit,89,hard,haptic,10,139,560,0.007,0.018
a012403,living,pineapple,pineapple,100,fruit,89,hawaii,NA,4,1,4,1.000,1.000
a012397,living,pineapple,pineapple,100,fruit,89,health,interoceptive,5,33,155,0.030,0.032
a012410,living,pineapple,pineapple,100,fruit,89,heavy,haptic,3,109,772,0.009,0.004
a012396,living,pineapple,pineapple,100,fruit,89,juice,gustatory,5,14,32,0.071,0.156
a012382,living,pineapple,pineapple,100,fruit,89,juicy,gustatory,25,21,370,0.048,0.068
a012409,living,pineapple,pineapple,100,fruit,89,large,visual,3,122,864,0.008,0.003
a012386,living,pineapple,pineapple,100,fruit,89,leaf,visual,7,17,173,0.059,0.040
a012408,living,pineapple,pineapple,100,fruit,89,leafy,visual,3,10,84,0.100,0.036
a012407,living,pineapple,pineapple,100,fruit,89,pizza,gustatory,3,4,6,0.250,0.500
a012402,living,pineapple,pineapple,100,fruit,89,pointy,haptic,4,44,210,0.023,0.019
a012395,living,pineapple,pineapple,100,fruit,89,prickly,haptic,5,4,8,0.250,0.625
a012406,living,pineapple,pineapple,100,fruit,89,rough,haptic,3,33,83,0.030,0.036
a012401,living,pineapple,pineapple,100,fruit,89,round,visual,4,120,1208,0.008,0.003
a012400,living,pineapple,pineapple,100,fruit,89,scale,visual,4,14,134,0.071,0.030
a012394,living,pineapple,pineapple,100,fruit,89,skin,haptic,5,37,242,0.027,0.021
a012393,living,pineapple,pineapple,100,fruit,89,sour,gustatory,5,13,103,0.077,0.049
a012390,living,pineapple,pineapple,100,fruit,89,spike,visual,6,7,14,0.143,0.429
a012389,living,pineapple,pineapple,100,fruit,89,spiky,haptic,6,4,11,0.250,0.545
a012385,living,pineapple,pineapple,100,fruit,89,spine,visual,8,9,44,0.111,0.182
a012392,living,pineapple,pineapple,100,fruit,89,stem,visual,5,31,270,0.032,0.019
a012380,living,pineapple,pineapple,100,fruit,89,sweet,gustatory,51,31,568,0.032,0.090
a012405,living,pineapple,pineapple,100,fruit,89,tangy,gustatory,3,7,18,0.143,0.167
a012388,living,pineapple,pineapple,100,fruit,89,tart,gustatory,6,12,52,0.083,0.115
a012387,living,pineapple,pineapple,100,fruit,89,taste,gustatory,6,43,319,0.023,0.019
a012384,living,pineapple,pineapple,100,fruit,89,tropical,visual,9,6,16,0.167,0.563
a012381,living,pineapple,pineapple,100,fruit,89,yellow,visual,37,42,475,0.024,0.078
a012462,nonliving,pipe,pipe,99,smoke,28,ash,visual,4,4,39,0.250,0.103
a012468,nonliving,pipe,pipe,99,smoke,28,bad,visual,3,12,24,0.083,0.125
a012451,nonliving,pipe,pipe,99,smoke,28,bowl,visual,13,5,19,0.200,0.684
a012455,nonliving,pipe,pipe,99,smoke,28,hollow,visual,7,48,161,0.021,0.043
a012461,nonliving,pipe,pipe,99,smoke,28,light,visual,4,114,518,0.009,0.008
a012453,nonliving,pipe,pipe,99,smoke,28,long,visual,11,128,1235,0.008,0.009
a012456,nonliving,pipe,pipe,99,smoke,28,mouthpiece,visual,6,9,37,0.111,0.162
a012460,nonliving,pipe,pipe,99,smoke,28,old,visual,4,65,179,0.015,0.022
a012467,nonliving,pipe,pipe,99,smoke,28,plastic,visual,3,52,306,0.019,0.010
a012466,nonliving,pipe,pipe,99,smoke,28,puff,visual,3,5,7,0.200,0.429
a012465,nonliving,pipe,pipe,99,smoke,28,relax,interoceptive,3,20,41,0.050,0.073
a012459,nonliving,pipe,pipe,99,smoke,28,round,visual,4,120,1208,0.008,0.003
a012452,nonliving,pipe,pipe,99,smoke,28,small,visual,12,180,1681,0.006,0.007
a012458,nonliving,pipe,pipe,99,smoke,28,smell,olfactory,5,44,248,0.023,0.020
a012447,nonliving,pipe,pipe,99,smoke,28,smoke,olfactory,48,9,169,0.111,0.284
a012464,nonliving,pipe,pipe,99,smoke,28,smooth,haptic,3,166,381,0.006,0.008
a012454,nonliving,pipe,pipe,99,smoke,28,stem,visual,10,31,270,0.032,0.037
a012457,nonliving,pipe,pipe,99,smoke,28,stink,olfactory,5,17,83,0.059,0.060
a012448,nonliving,pipe,pipe,99,smoke,28,tobacco,visual,31,3,69,0.333,0.449
a012463,nonliving,pipe,pipe,99,smoke,28,unhealthy,visual,3,5,24,0.200,0.125
a012450,nonliving,pipe,pipe,99,smoke,28,wood,visual,19,68,807,0.015,0.024
a012449,nonliving,pipe,pipe,99,smoke,28,wooden,visual,24,53,810,0.019,0.030
a012552,nonliving,pitcher,pitcher,80,container,21,big,visual,3,116,414,0.009,0.007
a012551,nonliving,pitcher,pitcher,80,container,21,break,visual,3,25,77,0.040,0.039
a012544,nonliving,pitcher,pitcher,80,container,21,ceramic,visual,5,7,75,0.143,0.067
a012548,nonliving,pitcher,pitcher,80,container,21,clear,visual,4,23,133,0.043,0.030
a012539,nonliving,pitcher,pitcher,80,container,21,container,visual,8,27,91,0.037,0.088
a012537,nonliving,pitcher,pitcher,80,container,21,drink,gustatory,12,17,102,0.059,0.118
a012547,nonliving,pitcher,pitcher,80,container,21,fragile,haptic,4,38,143,0.026,0.028
a012533,nonliving,pitcher,pitcher,80,container,21,glass,visual,24,22,473,0.045,0.051
a012531,nonliving,pitcher,pitcher,80,container,21,handle,haptic,42,65,1126,0.015,0.037
a012550,nonliving,pitcher,pitcher,80,container,21,heavy,haptic,3,109,772,0.009,0.004
a012546,nonliving,pitcher,pitcher,80,container,21,hold,haptic,4,56,176,0.018,0.023
a012542,nonliving,pitcher,pitcher,80,container,21,hollow,visual,6,48,161,0.021,0.037
a012538,nonliving,pitcher,pitcher,80,container,21,large,visual,9,122,864,0.008,0.010
a012541,nonliving,pitcher,pitcher,80,container,21,lemonade,gustatory,6,2,8,0.500,0.750
a012536,nonliving,pitcher,pitcher,80,container,21,liquid,visual,13,10,54,0.100,0.241
a012545,nonliving,pitcher,pitcher,80,container,21,open,visual,4,55,181,0.018,0.022
a012543,nonliving,pitcher,pitcher,80,container,21,plastic,visual,5,52,306,0.019,0.016
a012532,nonliving,pitcher,pitcher,80,container,21,pour,visual,28,7,43,0.143,0.651
a012540,nonliving,pitcher,pitcher,80,container,21,round,visual,6,120,1208,0.008,0.005
a012534,nonliving,pitcher,pitcher,80,container,21,spout,visual,20,6,81,0.167,0.247
a012549,nonliving,pitcher,pitcher,80,container,21,useful,visual,3,164,392,0.006,0.008
a012535,nonliving,pitcher,pitcher,80,container,21,water,visual,14,45,322,0.022,0.043
a012626,nonliving,pliers,pliers,83,tool,98,adjust,visual,5,13,28,0.077,0.179
a012631,nonliving,pliers,pliers,83,tool,98,clamp,visual,4,3,13,0.333,0.308
a012638,nonliving,pliers,pliers,83,tool,98,cold,haptic,3,50,240,0.020,0.013
a012637,nonliving,pliers,pliers,83,tool,98,grab,haptic,3,4,11,0.250,0.273
a012630,nonliving,pliers,pliers,83,tool,98,grasp,haptic,4,9,20,0.111,0.200
a012615,nonliving,pliers,pliers,83,tool,98,grip,haptic,27,19,80,0.053,0.338
a012616,nonliving,pliers,pliers,83,tool,98,handle,haptic,24,65,1126,0.015,0.021
a012636,nonliving,pliers,pliers,83,tool,98,handy,visual,3,25,37,0.040,0.081
a012618,nonliving,pliers,pliers,83,tool,98,hard,haptic,10,139,560,0.007,0.018
a012623,nonliving,pliers,pliers,83,tool,98,heavy,haptic,6,109,772,0.009,0.008
a012635,nonliving,pliers,pliers,83,tool,98,hinge,visual,3,9,26,0.111,0.115
a012634,nonliving,pliers,pliers,83,tool,98,hold,haptic,3,56,176,0.018,0.017
a012633,nonliving,pliers,pliers,83,tool,98,jaw,visual,3,4,8,0.250,0.375
a012614,nonliving,pliers,pliers,83,tool,98,metal,visual,70,100,2252,0.010,0.031
a012629,nonliving,pliers,pliers,83,tool,98,open,visual,4,55,181,0.018,0.022
a012622,nonliving,pliers,pliers,83,tool,98,pinch,haptic,6,4,26,0.250,0.231
a012621,nonliving,pliers,pliers,83,tool,98,screw,visual,6,17,101,0.059,0.059
a012632,nonliving,pliers,pliers,83,tool,98,silver,visual,3,38,128,0.026,0.023
a012620,nonliving,pliers,pliers,83,tool,98,small,visual,6,180,1681,0.006,0.004
a012628,nonliving,pliers,pliers,83,tool,98,squeeze,haptic,4,4,14,0.250,0.286
a012617,nonliving,pliers,pliers,83,tool,98,strong,visual,11,72,310,0.014,0.035
a012627,nonliving,pliers,pliers,83,tool,98,tight,haptic,4,29,100,0.034,0.040
a012625,nonliving,pliers,pliers,83,tool,98,tooth,haptic,5,25,179,0.040,0.028
a012624,nonliving,pliers,pliers,83,tool,98,twist,visual,5,10,39,0.100,0.128
a012619,nonliving,pliers,pliers,83,tool,98,useful,visual,9,164,392,0.006,0.023
a012709,nonliving,plug,plug,92,electric,58,appliance,visual,4,1,4,1.000,1.000
a012706,nonliving,plug,plug,92,electric,58,cable,visual,5,2,6,0.500,0.833
a012705,nonliving,plug,plug,92,electric,58,connect,visual,5,20,42,0.050,0.119
a012697,nonliving,plug,plug,92,electric,58,cord,visual,22,9,75,0.111,0.293
a012708,nonliving,plug,plug,92,electric,58,current,visual,4,2,5,0.500,0.800
a012694,nonliving,plug,plug,92,electric,58,electric,haptic,30,17,215,0.059,0.140
a012703,nonliving,plug,plug,92,electric,58,long,visual,6,128,1235,0.008,0.005
a012695,nonliving,plug,plug,92,electric,58,metal,visual,25,100,2252,0.010,0.011
a012701,nonliving,plug,plug,92,electric,58,outlet,visual,12,2,13,0.500,0.923
a012698,nonliving,plug,plug,92,electric,58,plastic,visual,15,52,306,0.019,0.049
a012704,nonliving,plug,plug,92,electric,58,plug,visual,5,2,6,0.500,0.833
a012696,nonliving,plug,plug,92,electric,58,power,visual,23,35,110,0.029,0.209
a012693,nonliving,plug,plug,92,electric,58,prong,visual,45,6,74,0.167,0.608
a012702,nonliving,plug,plug,92,electric,58,rubber,haptic,9,15,97,0.067,0.093
a012707,nonliving,plug,plug,92,electric,58,shock,interoceptive,4,1,4,1.000,1.000
a012699,nonliving,plug,plug,92,electric,58,small,visual,14,180,1681,0.006,0.008
a012711,nonliving,plug,plug,92,electric,58,socket,visual,3,3,6,0.333,0.500
a012710,nonliving,plug,plug,92,electric,58,useful,visual,3,164,392,0.006,0.008
a012700,nonliving,plug,plug,92,electric,58,wire,visual,13,19,80,0.053,0.163
a012764,nonliving,pocketbook,purse,82,accessory,53,bag,visual,7,4,14,0.250,0.500
a012769,nonliving,pocketbook,purse,82,accessory,53,brown,visual,5,93,455,0.011,0.011
a012760,nonliving,pocketbook,purse,82,accessory,53,buckle,visual,12,6,76,0.167,0.158
a012765,nonliving,pocketbook,purse,82,accessory,53,carry,haptic,6,14,43,0.071,0.140
a012758,nonliving,pocketbook,purse,82,accessory,53,clasp,visual,13,13,47,0.077,0.277
a012784,nonliving,pocketbook,purse,82,accessory,53,close,visual,3,31,83,0.032,0.036
a012783,nonliving,pocketbook,purse,82,accessory,53,cloth,visual,3,30,165,0.033,0.018
a012763,nonliving,pocketbook,purse,82,accessory,53,container,visual,7,27,91,0.037,0.077
a012782,nonliving,pocketbook,purse,82,accessory,53,expensive,visual,3,37,114,0.027,0.026
a012774,nonliving,pocketbook,purse,82,accessory,53,fabric,haptic,4,27,168,0.037,0.024
a012773,nonliving,pocketbook,purse,82,accessory,53,fashion,visual,4,21,81,0.048,0.049
a012768,nonliving,pocketbook,purse,82,accessory,53,female,visual,5,11,61,0.091,0.082
a012767,nonliving,pocketbook,purse,82,accessory,53,flap,visual,5,4,18,0.250,0.278
a012772,nonliving,pocketbook,purse,82,accessory,53,handle,haptic,4,65,1126,0.015,0.004
a012781,nonliving,pocketbook,purse,82,accessory,53,heavy,haptic,3,109,772,0.009,0.004
a012780,nonliving,pocketbook,purse,82,accessory,53,hold,haptic,3,56,176,0.018,0.017
a012779,nonliving,pocketbook,purse,82,accessory,53,hollow,visual,3,48,161,0.021,0.019
a012757,nonliving,pocketbook,purse,82,accessory,53,leather,visual,30,27,336,0.037,0.089
a012778,nonliving,pocketbook,purse,82,accessory,53,light,visual,3,114,518,0.009,0.006
a012777,nonliving,pocketbook,purse,82,accessory,53,pocket,visual,3,8,142,0.125,0.021
a012776,nonliving,pocketbook,purse,82,accessory,53,portable,visual,3,18,26,0.056,0.115
a012775,nonliving,pocketbook,purse,82,accessory,53,shoulder,visual,3,2,5,0.500,0.600
a012762,nonliving,pocketbook,purse,82,accessory,53,small,visual,11,180,1681,0.006,0.007
a012759,nonliving,pocketbook,purse,82,accessory,53,storage,visual,12,22,122,0.045,0.098
a012756,nonliving,pocketbook,purse,82,accessory,53,strap,visual,48,12,139,0.083,0.345
a012771,nonliving,pocketbook,purse,82,accessory,53,style,visual,4,27,95,0.037,0.042
a012770,nonliving,pocketbook,purse,82,accessory,53,useful,visual,4,164,392,0.006,0.010
a012766,nonliving,pocketbook,purse,82,accessory,53,wallet,visual,5,1,5,1.000,1.000
a012761,nonliving,pocketbook,purse,82,accessory,53,woman,visual,11,9,56,0.111,0.196
a012852,nonliving,pot,pot,71,cookware,25,boil,visual,16,7,37,0.143,0.432
a012850,nonliving,pot,pot,71,cookware,25,cook,olfactory,23,17,123,0.059,0.187
a012853,nonliving,pot,pot,71,cookware,25,deep,visual,15,19,74,0.053,0.203
a012857,nonliving,pot,pot,71,cookware,25,food,gustatory,8,57,212,0.018,0.038
a012849,nonliving,pot,pot,71,cookware,25,handle,haptic,41,65,1126,0.015,0.036
a012862,nonliving,pot,pot,71,cookware,25,hard,haptic,3,139,560,0.007,0.005
a012855,nonliving,pot,pot,71,cookware,25,heat,haptic,9,14,103,0.071,0.087
a012856,nonliving,pot,pot,71,cookware,25,heavy,haptic,8,109,772,0.009,0.010
a012859,nonliving,pot,pot,71,cookware,25,hollow,visual,6,48,161,0.021,0.037
a012851,nonliving,pot,pot,71,cookware,25,hot,haptic,17,28,319,0.036,0.053
a012848,nonliving,pot,pot,71,cookware,25,metal,visual,52,100,2252,0.010,0.023
a012854,nonliving,pot,pot,71,cookware,25,round,visual,14,120,1208,0.008,0.012
a012861,nonliving,pot,pot,71,cookware,25,smooth,haptic,3,166,381,0.006,0.008
a012858,nonliving,pot,pot,71,cookware,25,stove,visual,7,5,14,0.200,0.500
a012860,nonliving,pot,pot,71,cookware,25,useful,visual,4,164,392,0.006,0.010
a012936,living,potato,potato,96,vegetable,51,bake,olfactory,8,9,47,0.111,0.170
a012947,living,potato,potato,96,vegetable,51,bland,gustatory,4,3,6,0.333,0.667
a012924,living,potato,potato,96,vegetable,51,brown,visual,46,93,455,0.011,0.101
a012952,living,potato,potato,96,vegetable,51,bump,haptic,3,20,36,0.050,0.083
a012951,living,potato,potato,96,vegetable,51,butter,gustatory,3,8,42,0.125,0.071
a012946,living,potato,potato,96,vegetable,51,carb,NA,4,3,14,0.333,0.286
a012930,living,potato,potato,96,vegetable,51,dirt,visual,10,35,117,0.029,0.085
a012935,living,potato,potato,96,vegetable,51,edible,gustatory,8,33,109,0.030,0.073
a012934,living,potato,potato,96,vegetable,51,eye,visual,8,51,201,0.020,0.040
a012937,living,potato,potato,96,vegetable,51,food,gustatory,7,57,212,0.018,0.033
a012929,living,potato,potato,96,vegetable,51,fry,visual,10,9,34,0.111,0.294
a012945,living,potato,potato,96,vegetable,51,ground,visual,4,18,29,0.056,0.138
a012933,living,potato,potato,96,vegetable,51,hard,haptic,9,139,560,0.007,0.016
a012944,living,potato,potato,96,vegetable,51,health,interoceptive,4,33,155,0.030,0.026
a012932,living,potato,potato,96,vegetable,51,mash,visual,9,1,9,1.000,1.000
a012943,living,potato,potato,96,vegetable,51,oblong,visual,4,6,16,0.167,0.250
a012940,living,potato,potato,96,vegetable,51,oval,visual,6,29,62,0.034,0.097
a012942,living,potato,potato,96,vegetable,51,peel,visual,4,11,82,0.091,0.049
a012931,living,potato,potato,96,vegetable,51,root,visual,9,7,49,0.143,0.184
a012928,living,potato,potato,96,vegetable,51,round,visual,10,120,1208,0.008,0.008
a012926,living,potato,potato,96,vegetable,51,skin,haptic,19,37,242,0.027,0.079
a012939,living,potato,potato,96,vegetable,51,small,visual,6,180,1681,0.006,0.004
a012950,living,potato,potato,96,vegetable,51,spot,visual,3,12,129,0.083,0.023
a012949,living,potato,potato,96,vegetable,51,spud,gustatory,3,1,3,1.000,1.000
a012925,living,potato,potato,96,vegetable,51,starch,visual,24,5,30,0.200,0.800
a012927,living,potato,potato,96,vegetable,51,taste,gustatory,13,43,319,0.023,0.041
a012948,living,potato,potato,96,vegetable,51,tuber,NA,3,1,3,1.000,1.000
a012938,living,potato,potato,96,vegetable,51,vegetable,gustatory,6,19,57,0.053,0.105
a012941,living,potato,potato,96,vegetable,51,white,visual,5,74,534,0.014,0.009
a013006,living,pumpkin,pumpkin,100,vegetable,49,big,visual,5,116,414,0.009,0.012
a013008,living,pumpkin,pumpkin,100,vegetable,49,bump,haptic,4,20,36,0.050,0.111
a013004,living,pumpkin,pumpkin,100,vegetable,49,carve,visual,6,6,16,0.167,0.375
a013012,living,pumpkin,pumpkin,100,vegetable,49,edible,gustatory,3,33,109,0.030,0.028
a012997,living,pumpkin,pumpkin,100,vegetable,49,halloween,visual,22,2,23,0.500,0.957
a013011,living,pumpkin,pumpkin,100,vegetable,49,hard,haptic,3,139,560,0.007,0.005
a013010,living,pumpkin,pumpkin,100,vegetable,49,health,interoceptive,3,33,155,0.030,0.019
a013000,living,pumpkin,pumpkin,100,vegetable,49,heavy,haptic,12,109,772,0.009,0.016
a013009,living,pumpkin,pumpkin,100,vegetable,49,hollow,visual,3,48,161,0.021,0.019
a013005,living,pumpkin,pumpkin,100,vegetable,49,large,visual,5,122,864,0.008,0.006
a013001,living,pumpkin,pumpkin,100,vegetable,49,pie,gustatory,9,5,20,0.200,0.450
a012996,living,pumpkin,pumpkin,100,vegetable,49,round,visual,35,120,1208,0.008,0.029
a012998,living,pumpkin,pumpkin,100,vegetable,49,seed,visual,21,16,188,0.063,0.112
a013007,living,pumpkin,pumpkin,100,vegetable,49,squash,gustatory,4,2,5,0.500,0.800
a012999,living,pumpkin,pumpkin,100,vegetable,49,stem,visual,17,31,270,0.032,0.063
a013003,living,pumpkin,pumpkin,100,vegetable,49,sweet,gustatory,6,31,568,0.032,0.011
a013002,living,pumpkin,pumpkin,100,vegetable,49,taste,gustatory,6,43,319,0.023,0.019
a013077,living,rabbit,rabbit,89,animal,89,bunny,visual,6,1,6,1.000,1.000
a013082,living,rabbit,rabbit,89,animal,89,cuddle,haptic,3,6,11,0.167,0.273
a013070,living,rabbit,rabbit,89,animal,89,cute,visual,14,39,140,0.026,0.100
a013063,living,rabbit,rabbit,89,animal,89,ear,visual,43,28,168,0.036,0.256
a013076,living,rabbit,rabbit,89,animal,89,easter,visual,6,1,6,1.000,1.000
a013071,living,rabbit,rabbit,89,animal,89,fast,visual,12,86,614,0.012,0.020
a013073,living,rabbit,rabbit,89,animal,89,fluffy,haptic,8,17,84,0.059,0.095
a013081,living,rabbit,rabbit,89,animal,89,foot,visual,3,58,241,0.017,0.012
a013064,living,rabbit,rabbit,89,animal,89,fur,visual,40,40,580,0.025,0.069
a013075,living,rabbit,rabbit,89,animal,89,fuzzy,haptic,6,31,129,0.032,0.047
a013066,living,rabbit,rabbit,89,animal,89,hop,visual,21,5,77,0.200,0.273
a013074,living,rabbit,rabbit,89,animal,89,jump,visual,7,15,118,0.067,0.059
a013080,living,rabbit,rabbit,89,animal,89,pet,visual,3,26,52,0.038,0.058
a013079,living,rabbit,rabbit,89,animal,89,quick,visual,4,32,56,0.031,0.071
a013078,living,rabbit,rabbit,89,animal,89,quiet,auditory,5,14,20,0.071,0.250
a013065,living,rabbit,rabbit,89,animal,89,small,visual,23,180,1681,0.006,0.014
a013067,living,rabbit,rabbit,89,animal,89,soft,haptic,18,112,774,0.009,0.023
a013069,living,rabbit,rabbit,89,animal,89,tail,visual,16,41,643,0.024,0.025
a013072,living,rabbit,rabbit,89,animal,89,whisker,visual,9,13,147,0.077,0.061
a013068,living,rabbit,rabbit,89,animal,89,white,visual,17,74,534,0.014,0.032
a013131,living,raccoon,raccoon,96,animal,90,bandit,visual,5,1,5,1.000,1.000
a013137,living,raccoon,raccoon,96,animal,90,black,visual,4,58,247,0.017,0.016
a013136,living,raccoon,raccoon,96,animal,90,claw,visual,4,20,142,0.050,0.028
a013122,living,raccoon,raccoon,96,animal,90,cute,visual,8,39,140,0.026,0.057
a013141,living,raccoon,raccoon,96,animal,90,danger,interoceptive,3,53,274,0.019,0.011
a013130,living,raccoon,raccoon,96,animal,90,ear,visual,5,28,168,0.036,0.030
a013127,living,raccoon,raccoon,96,animal,90,eye,visual,6,51,201,0.020,0.030
a013126,living,raccoon,raccoon,96,animal,90,fast,visual,6,86,614,0.012,0.010
a013114,living,raccoon,raccoon,96,animal,90,fur,visual,31,40,580,0.025,0.053
a013135,living,raccoon,raccoon,96,animal,90,fuzzy,haptic,4,31,129,0.032,0.031
a013134,living,raccoon,raccoon,96,animal,90,garbage,visual,4,5,23,0.200,0.174
a013125,living,raccoon,raccoon,96,animal,90,gray,visual,6,39,149,0.026,0.040
a013140,living,raccoon,raccoon,96,animal,90,makeup,visual,3,27,105,0.037,0.029
a013116,living,raccoon,raccoon,96,animal,90,mask,visual,21,3,23,0.333,0.913
a013129,living,raccoon,raccoon,96,animal,90,night,visual,5,8,52,0.125,0.096
a013119,living,raccoon,raccoon,96,animal,90,nocturnal,visual,11,5,43,0.200,0.256
a013123,living,raccoon,raccoon,96,animal,90,paw,visual,7,12,39,0.083,0.179
a013133,living,raccoon,raccoon,96,animal,90,pest,visual,4,11,25,0.091,0.160
a013132,living,raccoon,raccoon,96,animal,90,ring,visual,4,19,85,0.053,0.047
a013139,living,raccoon,raccoon,96,animal,90,scavenger,visual,3,2,4,0.500,0.750
a013117,living,raccoon,raccoon,96,animal,90,small,visual,13,180,1681,0.006,0.008
a013138,living,raccoon,raccoon,96,animal,90,smart,auditory,3,33,78,0.030,0.038
a013120,living,raccoon,raccoon,96,animal,90,sneak,visual,10,9,35,0.111,0.286
a013118,living,raccoon,raccoon,96,animal,90,stripe,visual,13,16,271,0.063,0.048
a013115,living,raccoon,raccoon,96,animal,90,tail,visual,28,41,643,0.024,0.044
a013124,living,raccoon,raccoon,96,animal,90,thief,visual,6,5,11,0.200,0.545
a013128,living,raccoon,raccoon,96,animal,90,trash,visual,5,5,22,0.200,0.227
a013121,living,raccoon,raccoon,96,animal,90,whisker,visual,8,13,147,0.077,0.054
a013210,nonliving,record_player,player,26,music,26,arm,haptic,7,17,49,0.059,0.143
a013220,nonliving,record_player,player,26,music,26,classic,visual,3,32,66,0.031,0.045
a013216,nonliving,record_player,player,26,music,26,dance,visual,4,8,12,0.125,0.333
a013209,nonliving,record_player,player,26,music,26,electric,haptic,7,17,215,0.059,0.033
a013215,nonliving,record_player,player,26,music,26,heavy,haptic,4,109,772,0.009,0.005
a013214,nonliving,record_player,player,26,music,26,lid,visual,4,10,88,0.100,0.045
a013202,nonliving,record_player,player,26,music,26,loud,auditory,13,62,595,0.016,0.022
a013219,nonliving,record_player,player,26,music,26,mechanic,visual,3,22,45,0.045,0.067
a013197,nonliving,record_player,player,26,music,26,music,auditory,32,15,301,0.067,0.106
a013198,nonliving,record_player,player,26,music,26,needle,visual,31,7,57,0.143,0.544
a013200,nonliving,record_player,player,26,music,26,old,visual,18,65,179,0.015,0.101
a013208,nonliving,record_player,player,26,music,26,play,visual,7,34,138,0.029,0.051
a013199,nonliving,record_player,player,26,music,26,record,auditory,25,1,25,1.000,1.000
a013205,nonliving,record_player,player,26,music,26,round,visual,8,120,1208,0.008,0.007
a013218,nonliving,record_player,player,26,music,26,smooth,haptic,3,166,381,0.006,0.008
a013211,nonliving,record_player,player,26,music,26,song,auditory,5,13,31,0.077,0.161
a013204,nonliving,record_player,player,26,music,26,sound,auditory,8,20,154,0.050,0.052
a013217,nonliving,record_player,player,26,music,26,speed,interoceptive,3,12,20,0.083,0.150
a013201,nonliving,record_player,player,26,music,26,spin,visual,17,14,132,0.071,0.129
a013203,nonliving,record_player,player,26,music,26,square,visual,11,29,127,0.034,0.087
a013213,nonliving,record_player,player,26,music,26,turn,visual,4,16,87,0.063,0.046
a013207,nonliving,record_player,player,26,music,26,turntable,visual,7,1,7,1.000,1.000
a013206,nonliving,record_player,player,26,music,26,vinyl,visual,7,4,10,0.250,0.700
a013212,nonliving,record_player,player,26,music,26,wooden,visual,4,53,810,0.019,0.005
a013290,nonliving,refrigerator,fridge,100,appliance,77,big,visual,7,116,414,0.009,0.017
a013278,nonliving,refrigerator,fridge,100,appliance,77,cold,haptic,72,50,240,0.020,0.300
a013289,nonliving,refrigerator,fridge,100,appliance,77,cool,haptic,7,19,28,0.053,0.250
a013281,nonliving,refrigerator,fridge,100,appliance,77,door,visual,17,13,135,0.077,0.126
a013287,nonliving,refrigerator,fridge,100,appliance,77,electric,haptic,10,17,215,0.059,0.047
a013279,nonliving,refrigerator,fridge,100,appliance,77,food,gustatory,22,57,212,0.018,0.104
a013280,nonliving,refrigerator,fridge,100,appliance,77,freeze,haptic,20,3,24,0.333,0.833
a013295,nonliving,refrigerator,fridge,100,appliance,77,fresh,gustatory,3,28,51,0.036,0.059
a013284,nonliving,refrigerator,fridge,100,appliance,77,handle,haptic,12,65,1126,0.015,0.011
a013283,nonliving,refrigerator,fridge,100,appliance,77,heavy,haptic,15,109,772,0.009,0.019
a013282,nonliving,refrigerator,fridge,100,appliance,77,large,visual,15,122,864,0.008,0.017
a013294,nonliving,refrigerator,fridge,100,appliance,77,light,visual,3,114,518,0.009,0.006
a013286,nonliving,refrigerator,fridge,100,appliance,77,metal,visual,10,100,2252,0.010,0.004
a013292,nonliving,refrigerator,fridge,100,appliance,77,rectangle,visual,6,46,215,0.022,0.028
a013293,nonliving,refrigerator,fridge,100,appliance,77,shelf,visual,5,2,6,0.500,0.833
a013285,nonliving,refrigerator,fridge,100,appliance,77,storage,visual,11,22,122,0.045,0.090
a013291,nonliving,refrigerator,fridge,100,appliance,77,tall,visual,6,52,402,0.019,0.015
a013288,nonliving,refrigerator,fridge,100,appliance,77,white,visual,8,74,534,0.014,0.015
a013346,living,rhinoceros,rhino,100,animal,89,africa,NA,9,10,41,0.111,0.220
a013360,living,rhinoceros,rhino,100,animal,89,aggressive,interoceptive,3,25,42,0.040,0.071
a013354,living,rhinoceros,rhino,100,animal,89,armor,visual,5,5,12,0.200,0.417
a013344,living,rhinoceros,rhino,100,animal,89,big,visual,13,116,414,0.009,0.031
a013347,living,rhinoceros,rhino,100,animal,89,danger,interoceptive,8,53,274,0.019,0.029
a013351,living,rhinoceros,rhino,100,animal,89,endanger,visual,6,7,12,0.143,0.500
a013359,living,rhinoceros,rhino,100,animal,89,foot,visual,3,58,241,0.017,0.012
a013342,living,rhinoceros,rhino,100,animal,89,gray,visual,24,39,149,0.026,0.161
a013358,living,rhinoceros,rhino,100,animal,89,hard,haptic,3,139,560,0.007,0.005
a013343,living,rhinoceros,rhino,100,animal,89,heavy,haptic,21,109,772,0.009,0.027
a013340,living,rhinoceros,rhino,100,animal,89,horn,auditory,74,15,207,0.067,0.357
a013353,living,rhinoceros,rhino,100,animal,89,huge,visual,5,18,53,0.056,0.094
a013341,living,rhinoceros,rhino,100,animal,89,large,visual,34,122,864,0.008,0.039
a013355,living,rhinoceros,rhino,100,animal,89,leather,visual,4,27,336,0.037,0.012
a013348,living,rhinoceros,rhino,100,animal,89,leg,visual,7,65,662,0.015,0.011
a013350,living,rhinoceros,rhino,100,animal,89,rough,haptic,6,33,83,0.030,0.072
a013357,living,rhinoceros,rhino,100,animal,89,skin,haptic,3,37,242,0.027,0.012
a013352,living,rhinoceros,rhino,100,animal,89,strong,visual,5,72,310,0.014,0.016
a013345,living,rhinoceros,rhino,100,animal,89,tail,visual,11,41,643,0.024,0.017
a013349,living,rhinoceros,rhino,100,animal,89,tough,haptic,6,26,47,0.038,0.128
a013356,living,rhinoceros,rhino,100,animal,89,wrinkle,visual,3,14,30,0.071,0.100
a013423,nonliving,ring,ring,100,jewelry,75,accessory,visual,3,22,30,0.045,0.100
a013419,nonliving,ring,ring,100,jewelry,75,band,auditory,4,15,78,0.067,0.051
a013422,nonliving,ring,ring,100,jewelry,75,circle,visual,3,39,64,0.026,0.047
a013411,nonliving,ring,ring,100,jewelry,75,circular,visual,7,29,57,0.034,0.123
a013406,nonliving,ring,ring,100,jewelry,75,diamond,visual,12,4,20,0.250,0.600
a013414,nonliving,ring,ring,100,jewelry,75,engage,visual,6,1,6,1.000,1.000
a013403,nonliving,ring,ring,100,jewelry,75,expensive,visual,16,37,114,0.027,0.140
a013418,nonliving,ring,ring,100,jewelry,75,fancy,visual,4,27,60,0.037,0.067
a013404,nonliving,ring,ring,100,jewelry,75,finger,haptic,13,15,163,0.067,0.080
a013413,nonliving,ring,ring,100,jewelry,75,gem,visual,6,3,16,0.333,0.375
a013421,nonliving,ring,ring,100,jewelry,75,gift,visual,3,4,10,0.250,0.300
a013402,nonliving,ring,ring,100,jewelry,75,gold,visual,22,20,111,0.050,0.198
a013407,nonliving,ring,ring,100,jewelry,75,jewel,visual,11,6,68,0.167,0.162
a013410,nonliving,ring,ring,100,jewelry,75,marriage,visual,7,2,8,0.500,0.875
a013400,nonliving,ring,ring,100,jewelry,75,metal,visual,31,100,2252,0.010,0.014
a013408,nonliving,ring,ring,100,jewelry,75,pearl,visual,10,2,52,0.500,0.192
a013416,nonliving,ring,ring,100,jewelry,75,precious,visual,5,3,9,0.333,0.556
a013399,nonliving,ring,ring,100,jewelry,75,round,visual,38,120,1208,0.008,0.031
a013405,nonliving,ring,ring,100,jewelry,75,shine,visual,12,65,197,0.015,0.061
a013401,nonliving,ring,ring,100,jewelry,75,small,visual,23,180,1681,0.006,0.014
a013409,nonliving,ring,ring,100,jewelry,75,stone,visual,7,6,36,0.167,0.194
a013417,nonliving,ring,ring,100,jewelry,75,symbol,visual,4,8,35,0.125,0.114
a013415,nonliving,ring,ring,100,jewelry,75,valuable,visual,5,9,20,0.111,0.250
a013420,nonliving,ring,ring,100,jewelry,75,wear,haptic,3,32,145,0.031,0.021
a013412,nonliving,ring,ring,100,jewelry,75,wedding,visual,6,3,8,0.333,0.750
a013461,nonliving,rocking_chair,chair,81,furniture,88,arm,haptic,9,17,49,0.059,0.184
a013471,nonliving,rocking_chair,chair,81,furniture,88,armrest,haptic,4,2,10,0.500,0.400
a013470,nonliving,rocking_chair,chair,81,furniture,88,baby,visual,4,7,48,0.143,0.083
a013463,nonliving,rocking_chair,chair,81,furniture,88,back,visual,8,8,39,0.125,0.205
a013467,nonliving,rocking_chair,chair,81,furniture,88,brown,visual,5,93,455,0.011,0.011
a013460,nonliving,rocking_chair,chair,81,furniture,88,comfort,interoceptive,9,29,169,0.034,0.053
a013477,nonliving,rocking_chair,chair,81,furniture,88,comfy,haptic,3,11,31,0.091,0.097
a013476,nonliving,rocking_chair,chair,81,furniture,88,curve,visual,3,28,72,0.036,0.042
a013475,nonliving,rocking_chair,chair,81,furniture,88,fun,interoceptive,3,52,219,0.019,0.014
a013474,nonliving,rocking_chair,chair,81,furniture,88,grandma,visual,3,2,4,0.500,0.750
a013469,nonliving,rocking_chair,chair,81,furniture,88,hard,haptic,4,139,560,0.007,0.007
a013466,nonliving,rocking_chair,chair,81,furniture,88,leg,visual,5,65,662,0.015,0.008
a013462,nonliving,rocking_chair,chair,81,furniture,88,move,visual,8,54,121,0.019,0.066
a013459,nonliving,rocking_chair,chair,81,furniture,88,old,visual,9,65,179,0.015,0.050
a013458,nonliving,rocking_chair,chair,81,furniture,88,relax,interoceptive,9,20,41,0.050,0.220
a013454,nonliving,rocking_chair,chair,81,furniture,88,rock,visual,55,6,78,0.167,0.705
a013465,nonliving,rocking_chair,chair,81,furniture,88,rocker,visual,7,1,7,1.000,1.000
a013457,nonliving,rocking_chair,chair,81,furniture,88,seat,haptic,18,15,187,0.067,0.096
a013464,nonliving,rocking_chair,chair,81,furniture,88,sit,visual,7,13,74,0.077,0.095
a013468,nonliving,rocking_chair,chair,81,furniture,88,soothe,interoceptive,4,3,6,0.333,0.667
a013473,nonliving,rocking_chair,chair,81,furniture,88,sturdy,visual,3,84,242,0.012,0.012
a013472,nonliving,rocking_chair,chair,81,furniture,88,sway,visual,3,3,6,0.333,0.500
a013456,nonliving,rocking_chair,chair,81,furniture,88,wood,visual,28,68,807,0.015,0.035
a013455,nonliving,rocking_chair,chair,81,furniture,88,wooden,visual,38,53,810,0.019,0.047
a013531,nonliving,roller_skate,skate,65,toy,43,danger,interoceptive,6,53,274,0.019,0.022
a013528,nonliving,roller_skate,skate,65,toy,43,fast,visual,16,86,614,0.012,0.026
a013530,nonliving,roller_skate,skate,65,toy,43,foot,visual,6,58,241,0.017,0.025
a013541,nonliving,roller_skate,skate,65,toy,43,footwear,visual,3,4,9,0.250,0.333
a013529,nonliving,roller_skate,skate,65,toy,43,fun,interoceptive,15,52,219,0.019,0.068
a013535,nonliving,roller_skate,skate,65,toy,43,hard,haptic,5,139,560,0.007,0.009
a013540,nonliving,roller_skate,skate,65,toy,43,key,visual,3,10,161,0.100,0.019
a013537,nonliving,roller_skate,skate,65,toy,43,kid,visual,4,16,44,0.063,0.091
a013539,nonliving,roller_skate,skate,65,toy,43,leather,visual,3,27,336,0.037,0.009
a013526,nonliving,roller_skate,skate,65,toy,43,metal,visual,20,100,2252,0.010,0.009
a013534,nonliving,roller_skate,skate,65,toy,43,old,visual,5,65,179,0.015,0.028
a013533,nonliving,roller_skate,skate,65,toy,43,rink,visual,5,1,5,1.000,1.000
a013527,nonliving,roller_skate,skate,65,toy,43,roll,visual,17,13,102,0.077,0.167
a013532,nonliving,roller_skate,skate,65,toy,43,shoe,visual,5,8,33,0.125,0.152
a013538,nonliving,roller_skate,skate,65,toy,43,skate,visual,3,2,5,0.500,0.600
a013536,nonliving,roller_skate,skate,65,toy,43,small,visual,4,180,1681,0.006,0.002
a013525,nonliving,roller_skate,skate,65,toy,43,strap,visual,39,12,139,0.083,0.281
a013524,nonliving,roller_skate,skate,65,toy,43,wheel,visual,68,17,485,0.059,0.140
a013616,nonliving,rolling_pin,pin,95,kitchen,27,bake,olfactory,9,9,47,0.111,0.191
a013622,nonliving,rolling_pin,pin,95,kitchen,27,bread,gustatory,3,6,85,0.167,0.035
a013619,nonliving,rolling_pin,pin,95,kitchen,27,cook,olfactory,4,17,123,0.059,0.033
a013612,nonliving,rolling_pin,pin,95,kitchen,27,cylinder,visual,16,34,97,0.029,0.165
a013613,nonliving,rolling_pin,pin,95,kitchen,27,dough,haptic,15,2,19,0.500,0.789
a013608,nonliving,rolling_pin,pin,95,kitchen,27,flat,visual,20,67,308,0.015,0.065
a013621,nonliving,rolling_pin,pin,95,kitchen,27,food,gustatory,3,57,212,0.018,0.014
a013605,nonliving,rolling_pin,pin,95,kitchen,27,handle,haptic,36,65,1126,0.015,0.032
a013617,nonliving,rolling_pin,pin,95,kitchen,27,hard,haptic,6,139,560,0.007,0.011
a013611,nonliving,rolling_pin,pin,95,kitchen,27,heavy,haptic,16,109,772,0.009,0.021
a013615,nonliving,rolling_pin,pin,95,kitchen,27,long,visual,11,128,1235,0.008,0.009
a013606,nonliving,rolling_pin,pin,95,kitchen,27,roll,visual,33,13,102,0.077,0.324
a013620,nonliving,rolling_pin,pin,95,kitchen,27,roller,visual,3,4,7,0.250,0.429
a013610,nonliving,rolling_pin,pin,95,kitchen,27,round,visual,18,120,1208,0.008,0.015
a013614,nonliving,rolling_pin,pin,95,kitchen,27,smooth,haptic,11,166,381,0.006,0.029
a013618,nonliving,rolling_pin,pin,95,kitchen,27,useful,visual,4,164,392,0.006,0.010
a013609,nonliving,rolling_pin,pin,95,kitchen,27,wood,visual,19,68,807,0.015,0.024
a013607,nonliving,rolling_pin,pin,95,kitchen,27,wooden,visual,31,53,810,0.019,0.038
a013659,living,rooster,rooster,71,animal,50,beak,visual,24,13,244,0.077,0.098
a013671,living,rooster,rooster,71,animal,50,bird,visual,6,12,55,0.083,0.109
a013670,living,rooster,rooster,71,animal,50,chicken,gustatory,6,4,11,0.250,0.545
a013675,living,rooster,rooster,71,animal,50,claw,visual,4,20,142,0.050,0.028
a013681,living,rooster,rooster,71,animal,50,cluck,auditory,3,2,15,0.500,0.200
a013680,living,rooster,rooster,71,animal,50,cocky,auditory,3,1,3,1.000,1.000
a013679,living,rooster,rooster,71,animal,50,color,visual,3,73,478,0.014,0.006
a013665,living,rooster,rooster,71,animal,50,comb,haptic,8,5,26,0.200,0.308
a013661,living,rooster,rooster,71,animal,50,crow,visual,13,2,14,0.500,0.929
a013664,living,rooster,rooster,71,animal,50,egg,gustatory,9,13,49,0.077,0.184
a013667,living,rooster,rooster,71,animal,50,farm,visual,7,14,82,0.071,0.085
a013678,living,rooster,rooster,71,animal,50,fast,visual,3,86,614,0.012,0.005
a013658,living,rooster,rooster,71,animal,50,feather,visual,49,11,452,0.091,0.108
a013674,living,rooster,rooster,71,animal,50,food,gustatory,4,57,212,0.018,0.019
a013669,living,rooster,rooster,71,animal,50,foot,visual,6,58,241,0.017,0.025
a013677,living,rooster,rooster,71,animal,50,hen,visual,3,1,3,1.000,1.000
a013673,living,rooster,rooster,71,animal,50,leg,visual,5,65,662,0.015,0.008
a013660,living,rooster,rooster,71,animal,50,loud,auditory,23,62,595,0.016,0.039
a013663,living,rooster,rooster,71,animal,50,male,visual,10,10,28,0.100,0.357
a013672,living,rooster,rooster,71,animal,50,morning,visual,5,5,9,0.200,0.556
a013666,living,rooster,rooster,71,animal,50,noise,auditory,7,53,121,0.019,0.058
a013676,living,rooster,rooster,71,animal,50,proud,interoceptive,3,6,13,0.167,0.231
a013668,living,rooster,rooster,71,animal,50,red,visual,6,43,709,0.023,0.008
a013662,living,rooster,rooster,71,animal,50,wing,visual,11,20,403,0.050,0.027
a013761,nonliving,ruler,ruler,98,tool,52,accurate,visual,4,5,9,0.200,0.444
a013756,nonliving,ruler,ruler,98,tool,52,centimeter,visual,6,1,6,1.000,1.000
a013760,nonliving,ruler,ruler,98,tool,52,flat,visual,5,67,308,0.015,0.016
a013759,nonliving,ruler,ruler,98,tool,52,foot,visual,5,58,241,0.017,0.021
a013763,nonliving,ruler,ruler,98,tool,52,hard,haptic,3,139,560,0.007,0.005
a013749,nonliving,ruler,ruler,98,tool,52,inch,visual,22,1,22,1.000,1.000
a013755,nonliving,ruler,ruler,98,tool,52,length,visual,6,12,25,0.083,0.240
a013754,nonliving,ruler,ruler,98,tool,52,line,visual,7,18,32,0.056,0.219
a013747,nonliving,ruler,ruler,98,tool,52,long,visual,28,128,1235,0.008,0.023
a013762,nonliving,ruler,ruler,98,tool,52,mark,visual,3,5,9,0.200,0.333
a013745,nonliving,ruler,ruler,98,tool,52,measure,visual,44,4,47,0.250,0.936
a013746,nonliving,ruler,ruler,98,tool,52,number,visual,42,5,112,0.200,0.375
a013758,nonliving,ruler,ruler,98,tool,52,plastic,visual,5,52,306,0.019,0.016
a013753,nonliving,ruler,ruler,98,tool,52,rectangle,visual,7,46,215,0.022,0.033
a013757,nonliving,ruler,ruler,98,tool,52,school,visual,5,6,17,0.167,0.294
a013751,nonliving,ruler,ruler,98,tool,52,straight,visual,13,21,47,0.048,0.277
a013752,nonliving,ruler,ruler,98,tool,52,thin,visual,7,71,281,0.014,0.025
a013750,nonliving,ruler,ruler,98,tool,52,wood,visual,14,68,807,0.015,0.017
a013748,nonliving,ruler,ruler,98,tool,52,wooden,visual,24,53,810,0.019,0.030
a013832,nonliving,sailboat,boat,89,transport,39,aquatic,visual,3,11,43,0.091,0.070
a013831,nonliving,sailboat,boat,89,transport,39,big,visual,3,116,414,0.009,0.007
a013820,nonliving,sailboat,boat,89,transport,39,buoyant,visual,7,4,12,0.250,0.583
a013826,nonliving,sailboat,boat,89,transport,39,cloth,visual,4,30,165,0.033,0.024
a013818,nonliving,sailboat,boat,89,transport,39,fast,visual,8,86,614,0.012,0.013
a013812,nonliving,sailboat,boat,89,transport,39,float,visual,17,9,76,0.111,0.224
a013825,nonliving,sailboat,boat,89,transport,39,fun,interoceptive,4,52,219,0.019,0.018
a013824,nonliving,sailboat,boat,89,transport,39,keel,visual,4,1,4,1.000,1.000
a013816,nonliving,sailboat,boat,89,transport,39,large,visual,12,122,864,0.008,0.014
a013830,nonliving,sailboat,boat,89,transport,39,light,visual,3,114,518,0.009,0.006
a013821,nonliving,sailboat,boat,89,transport,39,long,visual,6,128,1235,0.008,0.005
a013815,nonliving,sailboat,boat,89,transport,39,mast,visual,12,1,12,1.000,1.000
a013829,nonliving,sailboat,boat,89,transport,39,move,visual,3,54,121,0.019,0.025
a013822,nonliving,sailboat,boat,89,transport,39,ocean,visual,5,6,38,0.167,0.132
a013839,nonliving,sailboat,boat,89,transport,39,rudder,visual,3,3,5,0.333,0.600
a013810,nonliving,sailboat,boat,89,transport,39,sail,visual,60,3,65,0.333,0.923
a013817,nonliving,sailboat,boat,89,transport,39,sea,visual,10,12,42,0.083,0.238
a013823,nonliving,sailboat,boat,89,transport,39,slow,visual,4,36,200,0.028,0.020
a013828,nonliving,sailboat,boat,89,transport,39,small,visual,3,180,1681,0.006,0.002
a013827,nonliving,sailboat,boat,89,transport,39,transport,visual,3,21,69,0.048,0.043
a013813,nonliving,sailboat,boat,89,transport,39,water,visual,14,45,322,0.022,0.043
a013811,nonliving,sailboat,boat,89,transport,39,wind,haptic,17,17,99,0.059,0.172
a013819,nonliving,sailboat,boat,89,transport,39,wood,visual,7,68,807,0.015,0.009
a013814,nonliving,sailboat,boat,89,transport,39,wooden,visual,12,53,810,0.019,0.015
a013913,nonliving,saltshaker,shaker,74,utensil,16,clear,visual,5,23,133,0.043,0.038
a013921,nonliving,saltshaker,shaker,74,utensil,16,condiment,gustatory,3,2,4,0.500,0.750
a013907,nonliving,saltshaker,shaker,74,utensil,16,container,visual,7,27,91,0.037,0.077
a013914,nonliving,saltshaker,shaker,74,utensil,16,empty,visual,4,18,37,0.056,0.108
a013920,nonliving,saltshaker,shaker,74,utensil,16,fill,visual,3,14,26,0.071,0.115
a013912,nonliving,saltshaker,shaker,74,utensil,16,food,gustatory,5,57,212,0.018,0.024
a013898,nonliving,saltshaker,shaker,74,utensil,16,glass,visual,43,22,473,0.045,0.091
a013919,nonliving,saltshaker,shaker,74,utensil,16,hold,haptic,3,56,176,0.018,0.017
a013902,nonliving,saltshaker,shaker,74,utensil,16,hole,visual,19,29,163,0.034,0.117
a013911,nonliving,saltshaker,shaker,74,utensil,16,hollow,visual,5,48,161,0.021,0.031
a013906,nonliving,saltshaker,shaker,74,utensil,16,lid,visual,7,10,88,0.100,0.080
a013918,nonliving,saltshaker,shaker,74,utensil,16,light,visual,3,114,518,0.009,0.006
a013904,nonliving,saltshaker,shaker,74,utensil,16,metal,visual,9,100,2252,0.010,0.004
a013917,nonliving,saltshaker,shaker,74,utensil,16,open,visual,3,55,181,0.018,0.017
a013900,nonliving,saltshaker,shaker,74,utensil,16,pepper,gustatory,25,1,25,1.000,1.000
a013910,nonliving,saltshaker,shaker,74,utensil,16,round,visual,5,120,1208,0.008,0.004
a013899,nonliving,saltshaker,shaker,74,utensil,16,salt,gustatory,34,11,67,0.091,0.507
a013905,nonliving,saltshaker,shaker,74,utensil,16,seasoning,gustatory,7,2,8,0.500,0.875
a013909,nonliving,saltshaker,shaker,74,utensil,16,shake,interoceptive,6,7,14,0.143,0.429
a013908,nonliving,saltshaker,shaker,74,utensil,16,shaker,visual,6,1,6,1.000,1.000
a013901,nonliving,saltshaker,shaker,74,utensil,16,small,visual,19,180,1681,0.006,0.011
a013916,nonliving,saltshaker,shaker,74,utensil,16,sprinkle,visual,3,2,9,0.500,0.333
a013915,nonliving,saltshaker,shaker,74,utensil,16,transparent,visual,3,8,44,0.125,0.068
a013903,nonliving,saltshaker,shaker,74,utensil,16,white,visual,10,74,534,0.014,0.019
a013974,nonliving,sandwich,sandwich,99,food,99,bread,gustatory,58,6,85,0.167,0.682
a013992,nonliving,sandwich,sandwich,99,food,99,cheese,gustatory,4,6,17,0.167,0.235
a013991,nonliving,sandwich,sandwich,99,food,99,cut,haptic,4,16,154,0.063,0.026
a013988,nonliving,sandwich,sandwich,99,food,99,delicious,gustatory,5,24,54,0.042,0.093
a013998,nonliving,sandwich,sandwich,99,food,99,easy,interoceptive,3,7,9,0.143,0.333
a013987,nonliving,sandwich,sandwich,99,food,99,eat,gustatory,5,41,122,0.024,0.041
a013986,nonliving,sandwich,sandwich,99,food,99,edible,gustatory,5,33,109,0.030,0.046
a013979,nonliving,sandwich,sandwich,99,food,99,fill,visual,8,14,26,0.071,0.308
a013997,nonliving,sandwich,sandwich,99,food,99,flat,visual,3,67,308,0.015,0.010
a013996,nonliving,sandwich,sandwich,99,food,99,good,visual,3,19,22,0.053,0.136
a013985,nonliving,sandwich,sandwich,99,food,99,ham,gustatory,5,2,6,0.500,0.833
a013984,nonliving,sandwich,sandwich,99,food,99,health,interoceptive,5,33,155,0.030,0.032
a013995,nonliving,sandwich,sandwich,99,food,99,layer,visual,3,10,55,0.100,0.055
a013975,nonliving,sandwich,sandwich,99,food,99,lettuce,gustatory,31,1,31,1.000,1.000
a013983,nonliving,sandwich,sandwich,99,food,99,lunch,gustatory,5,1,5,1.000,1.000
a013977,nonliving,sandwich,sandwich,99,food,99,meat,gustatory,24,15,52,0.067,0.462
a013990,nonliving,sandwich,sandwich,99,food,99,nutrition,gustatory,4,12,15,0.083,0.267
a013981,nonliving,sandwich,sandwich,99,food,99,nutritious,gustatory,6,19,51,0.053,0.118
a013978,nonliving,sandwich,sandwich,99,food,99,slice,visual,9,14,60,0.071,0.150
a013982,nonliving,sandwich,sandwich,99,food,99,soft,haptic,5,112,774,0.009,0.006
a013989,nonliving,sandwich,sandwich,99,food,99,square,visual,4,29,127,0.034,0.031
a013976,nonliving,sandwich,sandwich,99,food,99,taste,gustatory,28,43,319,0.023,0.088
a013980,nonliving,sandwich,sandwich,99,food,99,tomato,gustatory,6,1,6,1.000,1.000
a013994,nonliving,sandwich,sandwich,99,food,99,vegetable,gustatory,3,19,57,0.053,0.053
a013993,nonliving,sandwich,sandwich,99,food,99,yummy,gustatory,3,9,14,0.111,0.214
a014054,nonliving,saw,saw,100,tool,96,blade,visual,13,11,129,0.091,0.101
a014052,nonliving,saw,saw,100,tool,96,cut,haptic,22,16,154,0.063,0.143
a014058,nonliving,saw,saw,100,tool,96,danger,interoceptive,5,53,274,0.019,0.018
a014050,nonliving,saw,saw,100,tool,96,handle,haptic,31,65,1126,0.015,0.028
a014057,nonliving,saw,saw,100,tool,96,jagged,visual,7,5,17,0.200,0.412
a014056,nonliving,saw,saw,100,tool,96,long,visual,7,128,1235,0.008,0.006
a014049,nonliving,saw,saw,100,tool,96,metal,visual,41,100,2252,0.010,0.018
a014055,nonliving,saw,saw,100,tool,96,serrated,visual,9,5,14,0.200,0.643
a014048,nonliving,saw,saw,100,tool,96,sharp,haptic,67,50,599,0.020,0.112
a014051,nonliving,saw,saw,100,tool,96,tooth,haptic,24,25,179,0.040,0.134
a014061,nonliving,saw,saw,100,tool,96,tree,visual,3,21,68,0.048,0.044
a014060,nonliving,saw,saw,100,tool,96,useful,visual,3,164,392,0.006,0.008
a014053,nonliving,saw,saw,100,tool,96,wood,visual,18,68,807,0.015,0.022
a014059,nonliving,saw,saw,100,tool,96,work,visual,4,32,64,0.031,0.063
a014104,nonliving,scissors,scissors,100,tool,65,blade,visual,17,11,129,0.091,0.132
a014114,nonliving,scissors,scissors,100,tool,65,craft,visual,3,9,21,0.111,0.143
a014101,nonliving,scissors,scissors,100,tool,65,cut,haptic,50,16,154,0.063,0.325
a014112,nonliving,scissors,scissors,100,tool,65,danger,interoceptive,4,53,274,0.019,0.015
a014103,nonliving,scissors,scissors,100,tool,65,handle,haptic,25,65,1126,0.015,0.022
a014111,nonliving,scissors,scissors,100,tool,65,hard,haptic,4,139,560,0.007,0.007
a014102,nonliving,scissors,scissors,100,tool,65,metal,visual,43,100,2252,0.010,0.019
a014105,nonliving,scissors,scissors,100,tool,65,paper,visual,7,22,155,0.045,0.045
a014108,nonliving,scissors,scissors,100,tool,65,point,visual,5,38,307,0.026,0.016
a014107,nonliving,scissors,scissors,100,tool,65,pointy,haptic,5,44,210,0.023,0.024
a014113,nonliving,scissors,scissors,100,tool,65,sew,visual,3,12,88,0.083,0.034
a014100,nonliving,scissors,scissors,100,tool,65,sharp,haptic,69,50,599,0.020,0.115
a014110,nonliving,scissors,scissors,100,tool,65,silver,visual,4,38,128,0.026,0.031
a014106,nonliving,scissors,scissors,100,tool,65,small,visual,5,180,1681,0.006,0.003
a014109,nonliving,scissors,scissors,100,tool,65,useful,visual,4,164,392,0.006,0.010
a014189,nonliving,screw,screw,94,tool,59,attach,visual,3,19,29,0.053,0.103
a014188,nonliving,screw,screw,94,tool,59,cylinder,visual,3,34,97,0.029,0.031
a014173,nonliving,screw,screw,94,tool,59,drill,visual,6,2,7,0.500,0.857
a014172,nonliving,screw,screw,94,tool,59,fasten,visual,7,14,44,0.071,0.159
a014187,nonliving,screw,screw,94,tool,59,flat,visual,3,67,308,0.015,0.010
a014186,nonliving,screw,screw,94,tool,59,groove,visual,3,8,22,0.125,0.136
a014176,nonliving,screw,screw,94,tool,59,hard,haptic,5,139,560,0.007,0.009
a014170,nonliving,screw,screw,94,tool,59,head,visual,7,43,166,0.023,0.042
a014185,nonliving,screw,screw,94,tool,59,hold,haptic,3,56,176,0.018,0.017
a014175,nonliving,screw,screw,94,tool,59,long,visual,5,128,1235,0.008,0.004
a014162,nonliving,screw,screw,94,tool,59,metal,visual,50,100,2252,0.010,0.022
a014166,nonliving,screw,screw,94,tool,59,point,visual,13,38,307,0.026,0.042
a014167,nonliving,screw,screw,94,tool,59,pointy,haptic,11,44,210,0.023,0.052
a014171,nonliving,screw,screw,94,tool,59,ridge,visual,6,12,25,0.083,0.240
a014179,nonliving,screw,screw,94,tool,59,screwdriver,visual,4,1,4,1.000,1.000
a014163,nonliving,screw,screw,94,tool,59,sharp,haptic,26,50,599,0.020,0.043
a014178,nonliving,screw,screw,94,tool,59,silver,visual,4,38,128,0.026,0.031
a014177,nonliving,screw,screw,94,tool,59,slot,visual,4,6,21,0.167,0.190
a014164,nonliving,screw,screw,94,tool,59,small,visual,23,180,1681,0.006,0.014
a014184,nonliving,screw,screw,94,tool,59,spin,visual,3,14,132,0.071,0.023
a014169,nonliving,screw,screw,94,tool,59,spiral,visual,7,3,13,0.333,0.538
a014165,nonliving,screw,screw,94,tool,59,thread,haptic,19,14,112,0.071,0.170
a014183,nonliving,screw,screw,94,tool,59,tight,haptic,3,29,100,0.034,0.030
a014174,nonliving,screw,screw,94,tool,59,turn,visual,5,16,87,0.063,0.057
a014168,nonliving,screw,screw,94,tool,59,twist,visual,7,10,39,0.100,0.179
a014182,nonliving,screw,screw,94,tool,59,useful,visual,3,164,392,0.006,0.008
a014181,nonliving,screw,screw,94,tool,59,wall,visual,3,11,18,0.091,0.167
a014180,nonliving,screw,screw,94,tool,59,wood,visual,3,68,807,0.015,0.004
a014261,nonliving,screwdriver,screwdriver,96,tool,97,blade,visual,3,11,129,0.091,0.023
a014260,nonliving,screwdriver,screwdriver,96,tool,97,fasten,visual,3,14,44,0.071,0.068
a014242,nonliving,screwdriver,screwdriver,96,tool,97,flat,visual,22,67,308,0.015,0.071
a014241,nonliving,screwdriver,screwdriver,96,tool,97,handle,haptic,36,65,1126,0.015,0.032
a014252,nonliving,screwdriver,screwdriver,96,tool,97,handy,visual,5,25,37,0.040,0.135
a014256,nonliving,screwdriver,screwdriver,96,tool,97,hard,haptic,4,139,560,0.007,0.007
a014255,nonliving,screwdriver,screwdriver,96,tool,97,head,visual,4,43,166,0.023,0.024
a014259,nonliving,screwdriver,screwdriver,96,tool,97,light,visual,3,114,518,0.009,0.006
a014243,nonliving,screwdriver,screwdriver,96,tool,97,long,visual,21,128,1235,0.008,0.017
a014240,nonliving,screwdriver,screwdriver,96,tool,97,metal,visual,46,100,2252,0.010,0.020
a014254,nonliving,screwdriver,screwdriver,96,tool,97,plastic,visual,4,52,306,0.019,0.013
a014251,nonliving,screwdriver,screwdriver,96,tool,97,pointy,haptic,5,44,210,0.023,0.024
a014244,nonliving,screwdriver,screwdriver,96,tool,97,screw,visual,19,17,101,0.059,0.188
a014258,nonliving,screwdriver,screwdriver,96,tool,97,shaft,visual,3,7,11,0.143,0.273
a014246,nonliving,screwdriver,screwdriver,96,tool,97,sharp,haptic,8,50,599,0.020,0.013
a014253,nonliving,screwdriver,screwdriver,96,tool,97,skinny,visual,4,28,48,0.036,0.083
a014248,nonliving,screwdriver,screwdriver,96,tool,97,small,visual,7,180,1681,0.006,0.004
a014249,nonliving,screwdriver,screwdriver,96,tool,97,thin,visual,6,71,281,0.014,0.021
a014247,nonliving,screwdriver,screwdriver,96,tool,97,tight,haptic,7,29,100,0.034,0.070
a014245,nonliving,screwdriver,screwdriver,96,tool,97,turn,visual,8,16,87,0.063,0.092
a014257,nonliving,screwdriver,screwdriver,96,tool,97,twist,visual,3,10,39,0.100,0.077
a014250,nonliving,screwdriver,screwdriver,96,tool,97,useful,visual,5,164,392,0.006,0.013
a014324,living,sea_horse,seahorse,96,animal,58,aquatic,visual,10,11,43,0.091,0.233
a014350,living,sea_horse,seahorse,96,animal,58,color,visual,3,73,478,0.014,0.006
a014328,living,sea_horse,seahorse,96,animal,58,curl,visual,6,3,12,0.333,0.500
a014338,living,sea_horse,seahorse,96,animal,58,cute,visual,4,39,140,0.026,0.029
a014332,living,sea_horse,seahorse,96,animal,58,fast,visual,5,86,614,0.012,0.008
a014322,living,sea_horse,seahorse,96,animal,58,fin,visual,13,5,70,0.200,0.186
a014349,living,sea_horse,seahorse,96,animal,58,fish,visual,3,8,18,0.125,0.167
a014348,living,sea_horse,seahorse,96,animal,58,float,visual,3,9,76,0.111,0.039
a014337,living,sea_horse,seahorse,96,animal,58,gill,visual,4,3,39,0.333,0.103
a014347,living,sea_horse,seahorse,96,animal,58,hard,haptic,3,139,560,0.007,0.005
a014336,living,sea_horse,seahorse,96,animal,58,horse,visual,4,5,23,0.200,0.174
a014346,living,sea_horse,seahorse,96,animal,58,male,visual,3,10,28,0.100,0.107
a014345,living,sea_horse,seahorse,96,animal,58,marine,visual,3,6,9,0.167,0.333
a014344,living,sea_horse,seahorse,96,animal,58,mouth,visual,3,18,37,0.056,0.081
a014335,living,sea_horse,seahorse,96,animal,58,nose,visual,4,18,55,0.056,0.073
a014326,living,sea_horse,seahorse,96,animal,58,ocean,visual,8,6,38,0.167,0.211
a014343,living,sea_horse,seahorse,96,animal,58,pretty,visual,3,39,130,0.026,0.023
a014342,living,sea_horse,seahorse,96,animal,58,quick,visual,3,32,56,0.031,0.054
a014321,living,sea_horse,seahorse,96,animal,58,scale,visual,15,14,134,0.071,0.112
a014325,living,sea_horse,seahorse,96,animal,58,sea,visual,8,12,42,0.083,0.190
a014318,living,sea_horse,seahorse,96,animal,58,small,visual,35,180,1681,0.006,0.021
a014327,living,sea_horse,seahorse,96,animal,58,snout,visual,6,13,43,0.077,0.140
a014334,living,sea_horse,seahorse,96,animal,58,spine,visual,4,9,44,0.111,0.091
a014341,living,sea_horse,seahorse,96,animal,58,strange,interoceptive,3,11,13,0.091,0.231
a014319,living,sea_horse,seahorse,96,animal,58,swim,haptic,23,11,114,0.091,0.202
a014331,living,sea_horse,seahorse,96,animal,58,swimmer,visual,5,6,15,0.167,0.333
a014320,living,sea_horse,seahorse,96,animal,58,tail,visual,22,41,643,0.024,0.034
a014330,living,sea_horse,seahorse,96,animal,58,tiny,visual,5,24,71,0.042,0.070
a014333,living,sea_horse,seahorse,96,animal,58,underwater,visual,4,5,9,0.200,0.444
a014340,living,sea_horse,seahorse,96,animal,58,unique,visual,3,22,28,0.045,0.107
a014323,living,sea_horse,seahorse,96,animal,58,water,visual,10,45,322,0.022,0.031
a014339,living,sea_horse,seahorse,96,animal,58,weird,interoceptive,3,6,12,0.167,0.250
a014329,living,sea_horse,seahorse,96,animal,58,wet,haptic,5,33,97,0.030,0.052
a014414,living,seal,seal,82,animal,77,aquatic,visual,8,11,43,0.091,0.186
a014419,living,seal,seal,82,animal,77,bark,auditory,5,4,39,0.250,0.128
a014413,living,seal,seal,82,animal,77,big,visual,8,116,414,0.009,0.019
a014418,living,seal,seal,82,animal,77,black,visual,5,58,247,0.017,0.020
a014416,living,seal,seal,82,animal,77,blubber,visual,7,2,8,0.500,0.875
a014425,living,seal,seal,82,animal,77,cold,haptic,4,50,240,0.020,0.017
a014424,living,seal,seal,82,animal,77,cute,visual,4,39,140,0.026,0.029
a014405,living,seal,seal,82,animal,77,fat,visual,13,17,67,0.059,0.194
a014407,living,seal,seal,82,animal,77,fin,visual,11,5,70,0.200,0.157
a014423,living,seal,seal,82,animal,77,fish,visual,4,8,18,0.125,0.222
a014403,living,seal,seal,82,animal,77,flipper,visual,24,5,32,0.200,0.750
a014431,living,seal,seal,82,animal,77,friend,visual,3,28,71,0.036,0.042
a014430,living,seal,seal,82,animal,77,funny,auditory,3,17,58,0.059,0.052
a014422,living,seal,seal,82,animal,77,fur,visual,4,40,580,0.025,0.007
a014406,living,seal,seal,82,animal,77,gray,visual,12,39,149,0.026,0.081
a014412,living,seal,seal,82,animal,77,heavy,haptic,8,109,772,0.009,0.010
a014411,living,seal,seal,82,animal,77,large,visual,8,122,864,0.008,0.009
a014429,living,seal,seal,82,animal,77,loud,auditory,3,62,595,0.016,0.005
a014421,living,seal,seal,82,animal,77,makeup,visual,4,27,105,0.037,0.038
a014410,living,seal,seal,82,animal,77,ocean,visual,8,6,38,0.167,0.211
a014417,living,seal,seal,82,animal,77,sea,visual,5,12,42,0.083,0.119
a014428,living,seal,seal,82,animal,77,skin,haptic,3,37,242,0.027,0.012
a014409,living,seal,seal,82,animal,77,smooth,haptic,9,166,381,0.006,0.024
a014427,living,seal,seal,82,animal,77,soft,haptic,3,112,774,0.009,0.004
a014404,living,seal,seal,82,animal,77,swim,haptic,13,11,114,0.091,0.114
a014426,living,seal,seal,82,animal,77,swimmer,visual,3,6,15,0.167,0.200
a014420,living,seal,seal,82,animal,77,tusk,visual,4,3,41,0.333,0.098
a014408,living,seal,seal,82,animal,77,water,visual,9,45,322,0.022,0.028
a014415,living,seal,seal,82,animal,77,wet,haptic,7,33,97,0.030,0.072
a014402,living,seal,seal,82,animal,77,whisker,visual,34,13,147,0.077,0.231
a014508,living,sheep,sheep,79,animal,86,barn,visual,3,11,19,0.091,0.158
a014507,living,sheep,sheep,79,animal,86,cotton,haptic,3,23,117,0.043,0.026
a014499,living,sheep,sheep,79,animal,86,ear,visual,5,28,168,0.036,0.030
a014496,living,sheep,sheep,79,animal,86,farm,visual,8,14,82,0.071,0.098
a014492,living,sheep,sheep,79,animal,86,fluffy,haptic,14,17,84,0.059,0.167
a014494,living,sheep,sheep,79,animal,86,fur,visual,9,40,580,0.025,0.016
a014495,living,sheep,sheep,79,animal,86,fuzzy,haptic,8,31,129,0.032,0.062
a014506,living,sheep,sheep,79,animal,86,gentle,haptic,3,16,25,0.063,0.120
a014500,living,sheep,sheep,79,animal,86,heavy,haptic,4,109,772,0.009,0.005
a014491,living,sheep,sheep,79,animal,86,hoof,visual,15,10,175,0.100,0.086
a014505,living,sheep,sheep,79,animal,86,lamb,visual,3,1,3,1.000,1.000
a014493,living,sheep,sheep,79,animal,86,leg,visual,11,65,662,0.015,0.017
a014504,living,sheep,sheep,79,animal,86,loud,auditory,3,62,595,0.016,0.005
a014503,living,sheep,sheep,79,animal,86,milk,gustatory,3,11,81,0.091,0.037
a014502,living,sheep,sheep,79,animal,86,mutton,gustatory,3,1,3,1.000,1.000
a014498,living,sheep,sheep,79,animal,86,shear,visual,5,2,7,0.500,0.714
a014501,living,sheep,sheep,79,animal,86,slow,visual,3,36,200,0.028,0.015
a014490,living,sheep,sheep,79,animal,86,soft,haptic,24,112,774,0.009,0.031
a014497,living,sheep,sheep,79,animal,86,warm,haptic,6,53,600,0.019,0.010
a014489,living,sheep,sheep,79,animal,86,white,visual,27,74,534,0.014,0.051
a014488,living,sheep,sheep,79,animal,86,wool,haptic,64,17,142,0.059,0.451
a014571,nonliving,shirt,shirt,99,clothing,100,button,haptic,47,21,296,0.048,0.159
a014597,nonliving,shirt,shirt,99,clothing,100,casual,visual,3,4,9,0.250,0.333
a014586,nonliving,shirt,shirt,99,clothing,100,cloth,visual,5,30,165,0.033,0.030
a014574,nonliving,shirt,shirt,99,clothing,100,collar,visual,27,9,97,0.111,0.278
a014596,nonliving,shirt,shirt,99,clothing,100,color,visual,3,73,478,0.014,0.006
a014584,nonliving,shirt,shirt,99,clothing,100,comfort,interoceptive,6,29,169,0.034,0.036
a014582,nonliving,shirt,shirt,99,clothing,100,cotton,haptic,7,23,117,0.043,0.060
a014595,nonliving,shirt,shirt,99,clothing,100,cover,visual,3,37,138,0.027,0.022
a014578,nonliving,shirt,shirt,99,clothing,100,cuff,visual,8,5,20,0.200,0.400
a014581,nonliving,shirt,shirt,99,clothing,100,dress,visual,7,20,71,0.050,0.099
a014587,nonliving,shirt,shirt,99,clothing,100,fabric,haptic,4,27,168,0.037,0.024
a014585,nonliving,shirt,shirt,99,clothing,100,formal,visual,5,16,53,0.063,0.094
a014594,nonliving,shirt,shirt,99,clothing,100,light,visual,3,114,518,0.009,0.006
a014577,nonliving,shirt,shirt,99,clothing,100,long,visual,8,128,1235,0.008,0.006
a014576,nonliving,shirt,shirt,99,clothing,100,longsleeve,NA,9,5,32,0.200,0.281
a014593,nonliving,shirt,shirt,99,clothing,100,man,visual,3,16,43,0.063,0.070
a014572,nonliving,shirt,shirt,99,clothing,100,pocket,visual,31,8,142,0.125,0.218
a014592,nonliving,shirt,shirt,99,clothing,100,professional,visual,3,9,13,0.111,0.231
a014591,nonliving,shirt,shirt,99,clothing,100,silk,haptic,3,17,64,0.059,0.047
a014573,nonliving,shirt,shirt,99,clothing,100,sleeve,visual,28,7,122,0.143,0.230
a014575,nonliving,shirt,shirt,99,clothing,100,soft,haptic,13,112,774,0.009,0.017
a014590,nonliving,shirt,shirt,99,clothing,100,style,visual,3,27,95,0.037,0.032
a014589,nonliving,shirt,shirt,99,clothing,100,thin,visual,3,71,281,0.014,0.011
a014588,nonliving,shirt,shirt,99,clothing,100,top,visual,3,22,57,0.045,0.053
a014580,nonliving,shirt,shirt,99,clothing,100,warm,haptic,7,53,600,0.019,0.012
a014579,nonliving,shirt,shirt,99,clothing,100,wear,haptic,7,32,145,0.031,0.048
a014583,nonliving,shirt,shirt,99,clothing,100,white,visual,6,74,534,0.014,0.011
a014653,nonliving,shoe,shoe,98,clothing,68,brown,visual,4,93,455,0.011,0.009
a014644,nonliving,shoe,shoe,98,clothing,68,comfort,interoceptive,9,29,169,0.034,0.053
a014659,nonliving,shoe,shoe,98,clothing,68,cover,visual,3,37,138,0.027,0.022
a014658,nonliving,shoe,shoe,98,clothing,68,dress,visual,3,20,71,0.050,0.042
a014652,nonliving,shoe,shoe,98,clothing,68,fancy,visual,4,27,60,0.037,0.067
a014643,nonliving,shoe,shoe,98,clothing,68,foot,visual,12,58,241,0.017,0.050
a014657,nonliving,shoe,shoe,98,clothing,68,formal,visual,3,16,53,0.063,0.057
a014640,nonliving,shoe,shoe,98,clothing,68,heel,visual,24,6,69,0.167,0.348
a014638,nonliving,shoe,shoe,98,clothing,68,lace,visual,52,9,71,0.111,0.732
a014639,nonliving,shoe,shoe,98,clothing,68,leather,visual,40,27,336,0.037,0.119
a014656,nonliving,shoe,shoe,98,clothing,68,man,visual,3,16,43,0.063,0.070
a014642,nonliving,shoe,shoe,98,clothing,68,protect,visual,12,39,284,0.026,0.042
a014651,nonliving,shoe,shoe,98,clothing,68,shoelace,visual,4,1,4,1.000,1.000
a014655,nonliving,shoe,shoe,98,clothing,68,small,visual,3,180,1681,0.006,0.002
a014641,nonliving,shoe,shoe,98,clothing,68,sole,visual,19,4,30,0.250,0.633
a014649,nonliving,shoe,shoe,98,clothing,68,string,visual,6,23,406,0.043,0.015
a014654,nonliving,shoe,shoe,98,clothing,68,style,visual,3,27,95,0.037,0.032
a014650,nonliving,shoe,shoe,98,clothing,68,tie,visual,5,11,59,0.091,0.085
a014645,nonliving,shoe,shoe,98,clothing,68,tongue,visual,8,8,42,0.125,0.190
a014648,nonliving,shoe,shoe,98,clothing,68,walk,visual,6,20,62,0.050,0.097
a014647,nonliving,shoe,shoe,98,clothing,68,warm,haptic,6,53,600,0.019,0.010
a014646,nonliving,shoe,shoe,98,clothing,68,wear,haptic,6,32,145,0.031,0.041
a014718,nonliving,skirt,skirt,74,clothing,95,cloth,visual,17,30,165,0.033,0.103
a014732,nonliving,skirt,skirt,74,clothing,95,color,visual,5,73,478,0.014,0.010
a014735,nonliving,skirt,skirt,74,clothing,95,comfort,interoceptive,4,29,169,0.034,0.024
a014742,nonliving,skirt,skirt,74,clothing,95,cook,olfactory,3,17,123,0.059,0.024
a014731,nonliving,skirt,skirt,74,clothing,95,cotton,haptic,5,23,117,0.043,0.043
a014741,nonliving,skirt,skirt,74,clothing,95,cover,visual,3,37,138,0.027,0.022
a014740,nonliving,skirt,skirt,74,clothing,95,cute,visual,3,39,140,0.026,0.021
a014721,nonliving,skirt,skirt,74,clothing,95,dress,visual,8,20,71,0.050,0.113
a014717,nonliving,skirt,skirt,74,clothing,95,fabric,haptic,19,27,168,0.037,0.113
a014727,nonliving,skirt,skirt,74,clothing,95,fashion,visual,6,21,81,0.048,0.074
a014725,nonliving,skirt,skirt,74,clothing,95,female,visual,7,11,61,0.091,0.115
a014739,nonliving,skirt,skirt,74,clothing,95,flow,visual,3,5,12,0.200,0.250
a014738,nonliving,skirt,skirt,74,clothing,95,length,visual,3,12,25,0.083,0.120
a014716,nonliving,skirt,skirt,74,clothing,95,long,visual,51,128,1235,0.008,0.041
a014730,nonliving,skirt,skirt,74,clothing,95,material,haptic,5,14,28,0.071,0.179
a014734,nonliving,skirt,skirt,74,clothing,95,modest,visual,4,4,13,0.250,0.308
a014729,nonliving,skirt,skirt,74,clothing,95,protect,visual,5,39,284,0.026,0.018
a014726,nonliving,skirt,skirt,74,clothing,95,short,visual,6,55,132,0.018,0.045
a014733,nonliving,skirt,skirt,74,clothing,95,silk,haptic,4,17,64,0.059,0.063
a014737,nonliving,skirt,skirt,74,clothing,95,smooth,haptic,3,166,381,0.006,0.008
a014720,nonliving,skirt,skirt,74,clothing,95,soft,haptic,14,112,774,0.009,0.018
a014724,nonliving,skirt,skirt,74,clothing,95,waist,visual,7,4,22,0.250,0.318
a014723,nonliving,skirt,skirt,74,clothing,95,waistband,visual,7,3,14,0.333,0.500
a014736,nonliving,skirt,skirt,74,clothing,95,warm,haptic,3,53,600,0.019,0.005
a014728,nonliving,skirt,skirt,74,clothing,95,wear,haptic,5,32,145,0.031,0.034
a014722,nonliving,skirt,skirt,74,clothing,95,white,visual,7,74,534,0.014,0.013
a014719,nonliving,skirt,skirt,74,clothing,95,woman,visual,14,9,56,0.111,0.250
a014814,living,skunk,skunk,99,animal,88,black,visual,33,58,247,0.017,0.134
a014824,living,skunk,skunk,99,animal,88,danger,interoceptive,4,53,274,0.019,0.015
a014815,living,skunk,skunk,99,animal,88,fur,visual,26,40,580,0.025,0.045
a014826,living,skunk,skunk,99,animal,88,makeup,visual,3,27,105,0.037,0.029
a014822,living,skunk,skunk,99,animal,88,odor,olfactory,5,6,12,0.167,0.417
a014825,living,skunk,skunk,99,animal,88,scare,interoceptive,3,25,84,0.040,0.036
a014819,living,skunk,skunk,99,animal,88,small,visual,13,180,1681,0.006,0.008
a014812,living,skunk,skunk,99,animal,88,smell,olfactory,43,44,248,0.023,0.173
a014820,living,skunk,skunk,99,animal,88,spray,visual,10,3,12,0.333,0.833
a014813,living,skunk,skunk,99,animal,88,stink,olfactory,36,17,83,0.059,0.434
a014816,living,skunk,skunk,99,animal,88,stripe,visual,24,16,271,0.063,0.089
a014818,living,skunk,skunk,99,animal,88,tail,visual,15,41,643,0.024,0.023
a014823,living,skunk,skunk,99,animal,88,whisker,visual,4,13,147,0.077,0.027
a014817,living,skunk,skunk,99,animal,88,white,visual,15,74,534,0.014,0.028
a014821,living,skunk,skunk,99,animal,88,wild,visual,5,23,67,0.043,0.075
a014881,nonliving,sled,sled,89,toy,37,blade,visual,9,11,129,0.091,0.070
a014887,nonliving,sled,sled,89,toy,37,danger,interoceptive,4,53,274,0.019,0.015
a014875,nonliving,sled,sled,89,toy,37,fast,visual,27,86,614,0.012,0.044
a014884,nonliving,sled,sled,89,toy,37,flat,visual,5,67,308,0.015,0.016
a014876,nonliving,sled,sled,89,toy,37,fun,interoceptive,21,52,219,0.019,0.096
a014896,nonliving,sled,sled,89,toy,37,glide,visual,3,6,9,0.167,0.333
a014895,nonliving,sled,sled,89,toy,37,handle,haptic,3,65,1126,0.015,0.003
a014894,nonliving,sled,sled,89,toy,37,heavy,haptic,3,109,772,0.009,0.004
a014883,nonliving,sled,sled,89,toy,37,hill,visual,5,3,8,0.333,0.625
a014893,nonliving,sled,sled,89,toy,37,long,visual,3,128,1235,0.008,0.002
a014878,nonliving,sled,sled,89,toy,37,metal,visual,18,100,2252,0.010,0.008
a014886,nonliving,sled,sled,89,toy,37,play,visual,4,34,138,0.029,0.029
a014880,nonliving,sled,sled,89,toy,37,rail,visual,9,3,17,0.333,0.529
a014892,nonliving,sled,sled,89,toy,37,red,visual,3,43,709,0.023,0.004
a014891,nonliving,sled,sled,89,toy,37,runner,visual,3,1,3,1.000,1.000
a014890,nonliving,sled,sled,89,toy,37,seat,haptic,3,15,187,0.067,0.016
a014889,nonliving,sled,sled,89,toy,37,sharp,haptic,3,50,599,0.020,0.005
a014885,nonliving,sled,sled,89,toy,37,slat,visual,4,4,13,0.250,0.308
a014879,nonliving,sled,sled,89,toy,37,slide,visual,16,4,21,0.250,0.762
a014873,nonliving,sled,sled,89,toy,37,snow,visual,33,8,108,0.125,0.306
a014888,nonliving,sled,sled,89,toy,37,steer,visual,3,5,7,0.200,0.429
a014882,nonliving,sled,sled,89,toy,37,winter,visual,8,14,54,0.071,0.148
a014874,nonliving,sled,sled,89,toy,37,wood,visual,28,68,807,0.015,0.035
a014877,nonliving,sled,sled,89,toy,37,wooden,visual,20,53,810,0.019,0.025
a014952,living,snail,snail,97,animal,55,antenna,visual,11,12,130,0.083,0.085
a014955,living,snail,snail,97,animal,55,crawl,visual,6,10,45,0.100,0.133
a014960,living,snail,snail,97,animal,55,eye,visual,3,51,201,0.020,0.015
a014958,living,snail,snail,97,animal,55,gross,visual,4,20,35,0.050,0.114
a014957,living,snail,snail,97,animal,55,hard,haptic,4,139,560,0.007,0.007
a014959,living,snail,snail,97,animal,55,salt,gustatory,3,11,67,0.091,0.045
a014949,living,snail,snail,97,animal,55,shell,visual,53,11,201,0.091,0.264
a014948,living,snail,snail,97,animal,55,slime,haptic,71,14,124,0.071,0.573
a014950,living,snail,snail,97,animal,55,slow,visual,51,36,200,0.028,0.255
a014953,living,snail,snail,97,animal,55,slug,visual,7,1,7,1.000,1.000
a014951,living,snail,snail,97,animal,55,small,visual,18,180,1681,0.006,0.011
a014956,living,snail,snail,97,animal,55,soft,haptic,5,112,774,0.009,0.006
a014954,living,snail,snail,97,animal,55,sticky,haptic,6,4,16,0.250,0.375
a015022,living,snake,snake,97,animal,50,bite,visual,6,14,33,0.071,0.182
a015034,living,snake,snake,97,animal,50,cold,haptic,3,50,240,0.020,0.013
a015016,living,snake,snake,97,animal,50,danger,interoceptive,14,53,274,0.019,0.051
a015033,living,snake,snake,97,animal,50,eye,visual,3,51,201,0.020,0.015
a015019,living,snake,snake,97,animal,50,fang,visual,9,10,30,0.100,0.300
a015020,living,snake,snake,97,animal,50,fast,visual,7,86,614,0.012,0.011
a015017,living,snake,snake,97,animal,50,hiss,auditory,13,2,14,0.500,0.929
a015028,living,snake,snake,97,animal,50,legless,visual,4,3,6,0.333,0.667
a015011,living,snake,snake,97,animal,50,long,visual,38,128,1235,0.008,0.031
a015025,living,snake,snake,97,animal,50,pattern,visual,5,10,20,0.100,0.250
a015015,living,snake,snake,97,animal,50,poison,interoceptive,18,5,48,0.200,0.375
a015027,living,snake,snake,97,animal,50,rattle,auditory,4,1,4,1.000,1.000
a015024,living,snake,snake,97,animal,50,reptile,visual,5,4,19,0.250,0.263
a015013,living,snake,snake,97,animal,50,scale,visual,21,14,134,0.071,0.157
a015018,living,snake,snake,97,animal,50,scare,interoceptive,9,25,84,0.040,0.107
a015032,living,snake,snake,97,animal,50,skinny,visual,3,28,48,0.036,0.063
a015031,living,snake,snake,97,animal,50,slime,haptic,3,14,124,0.071,0.024
a015030,living,snake,snake,97,animal,50,slip,visual,3,11,20,0.091,0.150
a015012,living,snake,snake,97,animal,50,slither,visual,32,1,32,1.000,1.000
a015023,living,snake,snake,97,animal,50,smooth,haptic,5,166,381,0.006,0.013
a015026,living,snake,snake,97,animal,50,tail,visual,4,41,643,0.024,0.006
a015029,living,snake,snake,97,animal,50,thin,visual,3,71,281,0.014,0.011
a015014,living,snake,snake,97,animal,50,tongue,visual,20,8,42,0.125,0.476
a015021,living,snake,snake,97,animal,50,venom,interoceptive,7,2,12,0.500,0.583
a015099,nonliving,snowman,snowman,97,winter,20,branch,visual,5,4,28,0.250,0.179
a015094,nonliving,snowman,snowman,97,winter,20,button,haptic,7,21,296,0.048,0.024
a015089,nonliving,snowman,snowman,97,winter,20,carrot,gustatory,19,2,20,0.500,0.950
a015093,nonliving,snowman,snowman,97,winter,20,coal,visual,12,1,12,1.000,1.000
a015086,nonliving,snowman,snowman,97,winter,20,cold,haptic,45,50,240,0.020,0.188
a015101,nonliving,snowman,snowman,97,winter,20,face,visual,4,13,57,0.077,0.070
a015106,nonliving,snowman,snowman,97,winter,20,freeze,haptic,3,3,24,0.333,0.125
a015092,nonliving,snowman,snowman,97,winter,20,fun,interoceptive,12,52,219,0.019,0.055
a015105,nonliving,snowman,snowman,97,winter,20,happy,interoceptive,3,8,23,0.125,0.130
a015090,nonliving,snowman,snowman,97,winter,20,hat,visual,17,4,35,0.250,0.486
a015097,nonliving,snowman,snowman,97,winter,20,ice,visual,6,9,17,0.111,0.353
a015096,nonliving,snowman,snowman,97,winter,20,melt,visual,6,2,20,0.500,0.300
a015104,nonliving,snowman,snowman,97,winter,20,nose,visual,3,18,55,0.056,0.055
a015103,nonliving,snowman,snowman,97,winter,20,play,visual,3,34,138,0.029,0.022
a015091,nonliving,snowman,snowman,97,winter,20,round,visual,14,120,1208,0.008,0.012
a015087,nonliving,snowman,snowman,97,winter,20,snow,visual,37,8,108,0.125,0.343
a015095,nonliving,snowman,snowman,97,winter,20,stick,visual,6,14,28,0.071,0.214
a015100,nonliving,snowman,snowman,97,winter,20,tall,visual,4,52,402,0.019,0.010
a015102,nonliving,snowman,snowman,97,winter,20,wet,haptic,3,33,97,0.030,0.031
a015088,nonliving,snowman,snowman,97,winter,20,white,visual,21,74,534,0.014,0.039
a015098,nonliving,snowman,snowman,97,winter,20,winter,visual,5,14,54,0.071,0.093
a015181,nonliving,sock,sock,100,clothing,95,angle,visual,3,9,16,0.111,0.188
a015174,nonliving,sock,sock,100,clothing,95,cloth,visual,4,30,165,0.033,0.024
a015164,nonliving,sock,sock,100,clothing,95,comfort,interoceptive,9,29,169,0.034,0.053
a015159,nonliving,sock,sock,100,clothing,95,cotton,haptic,25,23,117,0.043,0.214
a015173,nonliving,sock,sock,100,clothing,95,cover,visual,4,37,138,0.027,0.029
a015172,nonliving,sock,sock,100,clothing,95,elastic,visual,4,5,8,0.200,0.500
a015180,nonliving,sock,sock,100,clothing,95,fabric,haptic,3,27,168,0.037,0.018
a015179,nonliving,sock,sock,100,clothing,95,fit,visual,3,29,50,0.034,0.060
a015160,nonliving,sock,sock,100,clothing,95,foot,visual,23,58,241,0.017,0.095
a015178,nonliving,sock,sock,100,clothing,95,footwear,visual,3,4,9,0.250,0.333
a015171,nonliving,sock,sock,100,clothing,95,heel,visual,4,6,69,0.167,0.058
a015177,nonliving,sock,sock,100,clothing,95,knit,visual,3,5,24,0.200,0.125
a015166,nonliving,sock,sock,100,clothing,95,long,visual,6,128,1235,0.008,0.005
a015163,nonliving,sock,sock,100,clothing,95,protect,visual,9,39,284,0.026,0.032
a015169,nonliving,sock,sock,100,clothing,95,shoe,visual,5,8,33,0.125,0.152
a015165,nonliving,sock,sock,100,clothing,95,small,visual,6,180,1681,0.006,0.004
a015176,nonliving,sock,sock,100,clothing,95,smell,olfactory,3,44,248,0.023,0.012
a015158,nonliving,sock,sock,100,clothing,95,soft,haptic,36,112,774,0.009,0.047
a015175,nonliving,sock,sock,100,clothing,95,stink,olfactory,3,17,83,0.059,0.036
a015168,nonliving,sock,sock,100,clothing,95,stretch,interoceptive,5,8,17,0.125,0.294
a015170,nonliving,sock,sock,100,clothing,95,toe,visual,4,8,82,0.125,0.049
a015157,nonliving,sock,sock,100,clothing,95,warm,haptic,57,53,600,0.019,0.095
a015167,nonliving,sock,sock,100,clothing,95,wear,haptic,5,32,145,0.031,0.034
a015161,nonliving,sock,sock,100,clothing,95,white,visual,14,74,534,0.014,0.026
a015162,nonliving,sock,sock,100,clothing,95,wool,haptic,12,17,142,0.059,0.085
a015231,living,spider,spider,100,insect,59,bite,visual,7,14,33,0.071,0.212
a015230,living,spider,spider,100,insect,59,black,visual,9,58,247,0.017,0.036
a015233,living,spider,spider,100,insect,59,body,visual,5,26,47,0.038,0.106
a015229,living,spider,spider,100,insect,59,crawl,visual,9,10,45,0.100,0.200
a015225,living,spider,spider,100,insect,59,creepy,visual,14,9,39,0.111,0.359
a015241,living,spider,spider,100,insect,59,danger,interoceptive,3,53,274,0.019,0.011
a015240,living,spider,spider,100,insect,59,eight,visual,3,2,5,0.500,0.600
a015226,living,spider,spider,100,insect,59,eye,visual,11,51,201,0.020,0.055
a015228,living,spider,spider,100,insect,59,fang,visual,10,10,30,0.100,0.333
a015235,living,spider,spider,100,insect,59,fast,visual,4,86,614,0.012,0.007
a015239,living,spider,spider,100,insect,59,gross,visual,3,20,35,0.050,0.086
a015234,living,spider,spider,100,insect,59,hair,visual,4,44,238,0.023,0.017
a015238,living,spider,spider,100,insect,59,invertebrate,visual,3,7,10,0.143,0.300
a015221,living,spider,spider,100,insect,59,leg,visual,61,65,662,0.015,0.092
a015227,living,spider,spider,100,insect,59,poison,interoceptive,10,5,48,0.200,0.208
a015224,living,spider,spider,100,insect,59,scare,interoceptive,21,25,84,0.040,0.250
a015237,living,spider,spider,100,insect,59,segment,visual,3,13,28,0.077,0.107
a015236,living,spider,spider,100,insect,59,silk,haptic,3,17,64,0.059,0.047
a015223,living,spider,spider,100,insect,59,small,visual,21,180,1681,0.006,0.012
a015232,living,spider,spider,100,insect,59,venom,interoceptive,5,2,12,0.500,0.417
a015222,living,spider,spider,100,insect,59,web,visual,31,5,38,0.200,0.816
a015307,nonliving,spinning_wheel,spinningwheel,20,tool,29,cloth,visual,5,30,165,0.033,0.030
a015298,nonliving,spinning_wheel,spinningwheel,20,tool,29,clothe,visual,11,27,143,0.037,0.077
a015316,nonliving,spinning_wheel,spinningwheel,20,tool,29,cotton,haptic,3,23,117,0.043,0.026
a015304,nonliving,spinning_wheel,spinningwheel,20,tool,29,craft,visual,6,9,21,0.111,0.286
a015315,nonliving,spinning_wheel,spinningwheel,20,tool,29,fabric,haptic,3,27,168,0.037,0.018
a015314,nonliving,spinning_wheel,spinningwheel,20,tool,29,hard,haptic,3,139,560,0.007,0.005
a015306,nonliving,spinning_wheel,spinningwheel,20,tool,29,large,visual,5,122,864,0.008,0.006
a015310,nonliving,spinning_wheel,spinningwheel,20,tool,29,needle,visual,4,7,57,0.143,0.070
a015297,nonliving,spinning_wheel,spinningwheel,20,tool,29,old,visual,13,65,179,0.015,0.073
a015313,nonliving,spinning_wheel,spinningwheel,20,tool,29,pedal,visual,3,5,46,0.200,0.065
a015303,nonliving,spinning_wheel,spinningwheel,20,tool,29,round,visual,8,120,1208,0.008,0.007
a015305,nonliving,spinning_wheel,spinningwheel,20,tool,29,sew,visual,5,12,88,0.083,0.057
a015295,nonliving,spinning_wheel,spinningwheel,20,tool,29,spin,visual,15,14,132,0.071,0.114
a015301,nonliving,spinning_wheel,spinningwheel,20,tool,29,string,visual,10,23,406,0.043,0.025
a015312,nonliving,spinning_wheel,spinningwheel,20,tool,29,sturdy,visual,3,84,242,0.012,0.012
a015293,nonliving,spinning_wheel,spinningwheel,20,tool,29,thread,haptic,26,14,112,0.071,0.232
a015309,nonliving,spinning_wheel,spinningwheel,20,tool,29,turn,visual,4,16,87,0.063,0.046
a015300,nonliving,spinning_wheel,spinningwheel,20,tool,29,useful,visual,10,164,392,0.006,0.026
a015308,nonliving,spinning_wheel,spinningwheel,20,tool,29,weave,visual,4,4,45,0.250,0.089
a015292,nonliving,spinning_wheel,spinningwheel,20,tool,29,wheel,visual,26,17,485,0.059,0.054
a015296,nonliving,spinning_wheel,spinningwheel,20,tool,29,wood,visual,13,68,807,0.015,0.016
a015294,nonliving,spinning_wheel,spinningwheel,20,tool,29,wooden,visual,19,53,810,0.019,0.023
a015302,nonliving,spinning_wheel,spinningwheel,20,tool,29,wool,haptic,8,17,142,0.059,0.056
a015311,nonliving,spinning_wheel,spinningwheel,20,tool,29,work,visual,3,32,64,0.031,0.047
a015299,nonliving,spinning_wheel,spinningwheel,20,tool,29,yarn,visual,10,2,11,0.500,0.909
a015401,nonliving,spool_of_thread,thread,66,sewing,40,attach,visual,4,19,29,0.053,0.138
a015390,nonliving,spool_of_thread,thread,66,sewing,40,clothe,visual,9,27,143,0.037,0.063
a015386,nonliving,spool_of_thread,thread,66,sewing,40,color,visual,13,73,478,0.014,0.027
a015394,nonliving,spool_of_thread,thread,66,sewing,40,cotton,haptic,6,23,117,0.043,0.051
a015400,nonliving,spool_of_thread,thread,66,sewing,40,craft,visual,4,9,21,0.111,0.190
a015408,nonliving,spool_of_thread,thread,66,sewing,40,cylinder,visual,3,34,97,0.029,0.031
a015407,nonliving,spool_of_thread,thread,66,sewing,40,fine,interoceptive,3,7,11,0.143,0.273
a015399,nonliving,spool_of_thread,thread,66,sewing,40,light,visual,4,114,518,0.009,0.008
a015382,nonliving,spool_of_thread,thread,66,sewing,40,long,visual,26,128,1235,0.008,0.021
a015398,nonliving,spool_of_thread,thread,66,sewing,40,material,haptic,4,14,28,0.071,0.143
a015406,nonliving,spool_of_thread,thread,66,sewing,40,mend,visual,3,3,5,0.333,0.600
a015387,nonliving,spool_of_thread,thread,66,sewing,40,needle,visual,10,7,57,0.143,0.175
a015405,nonliving,spool_of_thread,thread,66,sewing,40,repair,visual,3,5,9,0.200,0.333
a015389,nonliving,spool_of_thread,thread,66,sewing,40,round,visual,9,120,1208,0.008,0.007
a015383,nonliving,spool_of_thread,thread,66,sewing,40,sew,visual,22,12,88,0.083,0.250
a015388,nonliving,spool_of_thread,thread,66,sewing,40,small,visual,9,180,1681,0.006,0.005
a015395,nonliving,spool_of_thread,thread,66,sewing,40,soft,haptic,5,112,774,0.009,0.006
a015404,nonliving,spool_of_thread,thread,66,sewing,40,spindle,visual,3,6,9,0.167,0.333
a015384,nonliving,spool_of_thread,thread,66,sewing,40,spool,visual,18,2,19,0.500,0.947
a015393,nonliving,spool_of_thread,thread,66,sewing,40,stitch,visual,6,9,24,0.111,0.250
a015385,nonliving,spool_of_thread,thread,66,sewing,40,string,visual,16,23,406,0.043,0.039
a015397,nonliving,spool_of_thread,thread,66,sewing,40,strong,visual,4,72,310,0.014,0.013
a015381,nonliving,spool_of_thread,thread,66,sewing,40,thin,visual,31,71,281,0.014,0.110
a015403,nonliving,spool_of_thread,thread,66,sewing,40,thing,visual,3,4,6,0.250,0.500
a015391,nonliving,spool_of_thread,thread,66,sewing,40,thread,haptic,8,14,112,0.071,0.071
a015402,nonliving,spool_of_thread,thread,66,sewing,40,wind,haptic,3,17,99,0.059,0.030
a015392,nonliving,spool_of_thread,thread,66,sewing,40,wooden,visual,6,53,810,0.019,0.007
a015396,nonliving,spool_of_thread,thread,66,sewing,40,wrap,visual,4,9,14,0.111,0.286
a015477,nonliving,spoon,spoon,100,utensil,46,circle,visual,3,39,64,0.026,0.047
a015470,nonliving,spoon,spoon,100,utensil,46,curve,visual,6,28,72,0.036,0.083
a015465,nonliving,spoon,spoon,100,utensil,46,eat,gustatory,16,41,122,0.024,0.131
a015473,nonliving,spoon,spoon,100,utensil,46,food,gustatory,4,57,212,0.018,0.019
a015460,nonliving,spoon,spoon,100,utensil,46,handle,haptic,22,65,1126,0.015,0.020
a015476,nonliving,spoon,spoon,100,utensil,46,light,visual,3,114,518,0.009,0.006
a015463,nonliving,spoon,spoon,100,utensil,46,long,visual,17,128,1235,0.008,0.014
a015459,nonliving,spoon,spoon,100,utensil,46,metal,visual,61,100,2252,0.010,0.027
a015475,nonliving,spoon,spoon,100,utensil,46,oval,visual,3,29,62,0.034,0.048
a015466,nonliving,spoon,spoon,100,utensil,46,round,visual,14,120,1208,0.008,0.012
a015462,nonliving,spoon,spoon,100,utensil,46,scoop,visual,17,3,19,0.333,0.895
a015472,nonliving,spoon,spoon,100,utensil,46,shine,visual,5,65,197,0.015,0.025
a015461,nonliving,spoon,spoon,100,utensil,46,silver,visual,18,38,128,0.026,0.141
a015464,nonliving,spoon,spoon,100,utensil,46,small,visual,16,180,1681,0.006,0.010
a015468,nonliving,spoon,spoon,100,utensil,46,smooth,haptic,11,166,381,0.006,0.029
a015467,nonliving,spoon,spoon,100,utensil,46,soup,gustatory,11,10,35,0.100,0.314
a015471,nonliving,spoon,spoon,100,utensil,46,stir,visual,5,1,5,1.000,1.000
a015469,nonliving,spoon,spoon,100,utensil,46,useful,visual,6,164,392,0.006,0.015
a015474,nonliving,spoon,spoon,100,utensil,46,utensil,haptic,3,5,10,0.200,0.300
a015535,living,squirrel,squirrel,99,animal,86,acorn,visual,6,2,7,0.500,0.857
a015529,living,squirrel,squirrel,99,animal,86,brown,visual,10,93,455,0.011,0.022
a015534,living,squirrel,squirrel,99,animal,86,bush,visual,6,5,13,0.200,0.462
a015532,living,squirrel,squirrel,99,animal,86,climb,visual,8,13,68,0.077,0.118
a015528,living,squirrel,squirrel,99,animal,86,cute,visual,11,39,140,0.026,0.079
a015539,living,squirrel,squirrel,99,animal,86,ear,visual,4,28,168,0.036,0.024
a015538,living,squirrel,squirrel,99,animal,86,eye,visual,4,51,201,0.020,0.020
a015527,living,squirrel,squirrel,99,animal,86,fast,visual,24,86,614,0.012,0.039
a015536,living,squirrel,squirrel,99,animal,86,foot,visual,5,58,241,0.017,0.021
a015523,living,squirrel,squirrel,99,animal,86,fur,visual,36,40,580,0.025,0.062
a015537,living,squirrel,squirrel,99,animal,86,fuzzy,haptic,4,31,129,0.032,0.031
a015531,living,squirrel,squirrel,99,animal,86,gray,visual,8,39,149,0.026,0.054
a015545,living,squirrel,squirrel,99,animal,86,jump,visual,3,15,118,0.067,0.025
a015526,living,squirrel,squirrel,99,animal,86,nut,gustatory,24,6,45,0.167,0.533
a015544,living,squirrel,squirrel,99,animal,86,pet,visual,3,26,52,0.038,0.058
a015533,living,squirrel,squirrel,99,animal,86,quick,visual,6,32,56,0.031,0.107
a015543,living,squirrel,squirrel,99,animal,86,rodent,visual,3,4,14,0.250,0.214
a015542,living,squirrel,squirrel,99,animal,86,run,visual,3,19,39,0.053,0.077
a015541,living,squirrel,squirrel,99,animal,86,scurry,visual,3,4,6,0.250,0.500
a015525,living,squirrel,squirrel,99,animal,86,small,visual,30,180,1681,0.006,0.018
a015524,living,squirrel,squirrel,99,animal,86,tail,visual,35,41,643,0.024,0.054
a015540,living,squirrel,squirrel,99,animal,86,tooth,haptic,3,25,179,0.040,0.017
a015530,living,squirrel,squirrel,99,animal,86,tree,visual,9,21,68,0.048,0.132
a015602,living,star,star,100,shape,52,angle,visual,5,9,16,0.111,0.313
a015592,living,star,star,100,shape,52,bright,visual,29,31,268,0.032,0.108
a015613,living,star,star,100,shape,52,draw,visual,3,7,17,0.143,0.176
a015612,living,star,star,100,shape,52,edge,visual,3,12,19,0.083,0.158
a015596,living,star,star,100,shape,52,five,visual,9,2,10,0.500,0.900
a015608,living,star,star,100,shape,52,hot,haptic,4,28,319,0.036,0.013
a015607,living,star,star,100,shape,52,light,visual,4,114,518,0.009,0.008
a015606,living,star,star,100,shape,52,line,visual,4,18,32,0.056,0.125
a015605,living,star,star,100,shape,52,night,visual,4,8,52,0.125,0.077
a015591,living,star,star,100,shape,52,point,visual,45,38,307,0.026,0.147
a015594,living,star,star,100,shape,52,pointy,haptic,23,44,210,0.023,0.110
a015611,living,star,star,100,shape,52,pretty,visual,3,39,130,0.026,0.023
a015610,living,star,star,100,shape,52,shape,visual,3,43,69,0.023,0.043
a015600,living,star,star,100,shape,52,sharp,haptic,6,50,599,0.020,0.010
a015595,living,star,star,100,shape,52,shine,visual,14,65,197,0.015,0.071
a015604,living,star,star,100,shape,52,side,visual,4,8,12,0.125,0.333
a015603,living,star,star,100,shape,52,simple,visual,4,24,33,0.042,0.121
a015598,living,star,star,100,shape,52,sky,visual,8,10,53,0.100,0.151
a015599,living,star,star,100,shape,52,small,visual,7,180,1681,0.006,0.004
a015609,living,star,star,100,shape,52,space,visual,3,10,23,0.100,0.130
a015601,living,star,star,100,shape,52,symbol,visual,5,8,35,0.125,0.143
a015597,living,star,star,100,shape,52,symmetric,visual,8,11,25,0.091,0.320
a015593,living,star,star,100,shape,52,yellow,visual,23,42,475,0.024,0.048
a015697,nonliving,stool,stool,93,furniture,81,brown,visual,4,93,455,0.011,0.009
a015696,nonliving,stool,stool,93,furniture,81,chair,visual,4,6,10,0.167,0.400
a015691,nonliving,stool,stool,93,furniture,81,flat,visual,10,67,308,0.015,0.032
a015695,nonliving,stool,stool,93,furniture,81,hard,haptic,4,139,560,0.007,0.007
a015683,nonliving,stool,stool,93,furniture,81,leg,visual,48,65,662,0.015,0.073
a015701,nonliving,stool,stool,93,furniture,81,low,visual,3,12,15,0.083,0.200
a015690,nonliving,stool,stool,93,furniture,81,round,visual,10,120,1208,0.008,0.008
a015686,nonliving,stool,stool,93,furniture,81,seat,haptic,32,15,187,0.067,0.171
a015688,nonliving,stool,stool,93,furniture,81,short,visual,13,55,132,0.018,0.098
a015687,nonliving,stool,stool,93,furniture,81,sit,visual,17,13,74,0.077,0.230
a015689,nonliving,stool,stool,93,furniture,81,small,visual,11,180,1681,0.006,0.007
a015694,nonliving,stool,stool,93,furniture,81,stable,visual,4,18,31,0.056,0.129
a015700,nonliving,stool,stool,93,furniture,81,stand,visual,3,22,39,0.045,0.077
a015693,nonliving,stool,stool,93,furniture,81,step,visual,6,4,35,0.250,0.171
a015692,nonliving,stool,stool,93,furniture,81,sturdy,visual,8,84,242,0.012,0.033
a015699,nonliving,stool,stool,93,furniture,81,table,visual,3,9,20,0.111,0.150
a015698,nonliving,stool,stool,93,furniture,81,useful,visual,3,164,392,0.006,0.008
a015685,nonliving,stool,stool,93,furniture,81,wood,visual,33,68,807,0.015,0.041
a015684,nonliving,stool,stool,93,furniture,81,wooden,visual,37,53,810,0.019,0.046
a015751,nonliving,stove,stove,68,appliance,77,bake,olfactory,12,9,47,0.111,0.255
a015766,nonliving,stove,stove,68,appliance,77,big,visual,3,116,414,0.009,0.007
a015748,nonliving,stove,stove,68,appliance,77,burn,visual,21,12,68,0.083,0.309
a015758,nonliving,stove,stove,68,appliance,77,coke,gustatory,6,1,6,1.000,1.000
a015745,nonliving,stove,stove,68,appliance,77,cook,olfactory,33,17,123,0.059,0.268
a015763,nonliving,stove,stove,68,appliance,77,dial,haptic,4,6,72,0.167,0.056
a015757,nonliving,stove,stove,68,appliance,77,door,visual,6,13,135,0.077,0.044
a015753,nonliving,stove,stove,68,appliance,77,electric,haptic,11,17,215,0.059,0.051
a015762,nonliving,stove,stove,68,appliance,77,fire,visual,4,11,43,0.091,0.093
a015765,nonliving,stove,stove,68,appliance,77,food,gustatory,3,57,212,0.018,0.014
a015761,nonliving,stove,stove,68,appliance,77,gas,olfactory,4,11,24,0.091,0.167
a015747,nonliving,stove,stove,68,appliance,77,heat,haptic,22,14,103,0.071,0.214
a015750,nonliving,stove,stove,68,appliance,77,heavy,haptic,13,109,772,0.009,0.017
a015744,nonliving,stove,stove,68,appliance,77,hot,haptic,36,28,319,0.036,0.113
a015759,nonliving,stove,stove,68,appliance,77,kitchen,visual,5,17,31,0.059,0.161
a015754,nonliving,stove,stove,68,appliance,77,knob,haptic,8,11,64,0.091,0.125
a015752,nonliving,stove,stove,68,appliance,77,large,visual,11,122,864,0.008,0.013
a015749,nonliving,stove,stove,68,appliance,77,metal,visual,16,100,2252,0.010,0.007
a015746,nonliving,stove,stove,68,appliance,77,oven,visual,23,3,25,0.333,0.920
a015764,nonliving,stove,stove,68,appliance,77,rectangle,visual,3,46,215,0.022,0.014
a015756,nonliving,stove,stove,68,appliance,77,square,visual,6,29,127,0.034,0.047
a015760,nonliving,stove,stove,68,appliance,77,useful,visual,4,164,392,0.006,0.010
a015755,nonliving,stove,stove,68,appliance,77,warm,haptic,6,53,600,0.019,0.010
a015812,living,strawberry,strawberry,99,fruit,91,berry,gustatory,5,3,7,0.333,0.714
a015816,living,strawberry,strawberry,99,fruit,91,fruit,gustatory,4,15,51,0.067,0.078
a015815,living,strawberry,strawberry,99,fruit,91,health,interoceptive,4,33,155,0.030,0.026
a015806,living,strawberry,strawberry,99,fruit,91,juicy,gustatory,35,21,370,0.048,0.095
a015817,living,strawberry,strawberry,99,fruit,91,plump,visual,3,12,27,0.083,0.111
a015804,living,strawberry,strawberry,99,fruit,91,red,visual,89,43,709,0.023,0.126
a015811,living,strawberry,strawberry,99,fruit,91,round,visual,6,120,1208,0.008,0.005
a015807,living,strawberry,strawberry,99,fruit,91,seed,visual,26,16,188,0.063,0.138
a015808,living,strawberry,strawberry,99,fruit,91,small,visual,17,180,1681,0.006,0.010
a015814,living,strawberry,strawberry,99,fruit,91,sour,gustatory,4,13,103,0.077,0.039
a015810,living,strawberry,strawberry,99,fruit,91,stem,visual,7,31,270,0.032,0.026
a015805,living,strawberry,strawberry,99,fruit,91,sweet,gustatory,57,31,568,0.032,0.100
a015813,living,strawberry,strawberry,99,fruit,91,tart,gustatory,4,12,52,0.083,0.077
a015809,living,strawberry,strawberry,99,fruit,91,taste,gustatory,7,43,319,0.023,0.022
a015871,nonliving,suitcase,suitcase,57,luggage,29,big,visual,3,116,414,0.009,0.007
a015852,nonliving,suitcase,suitcase,57,luggage,29,brown,visual,11,93,455,0.011,0.024
a015849,nonliving,suitcase,suitcase,57,luggage,29,buckle,visual,14,6,76,0.167,0.184
a015861,nonliving,suitcase,suitcase,57,luggage,29,business,visual,6,4,21,0.250,0.286
a015855,nonliving,suitcase,suitcase,57,luggage,29,carry,haptic,8,14,43,0.071,0.186
a015860,nonliving,suitcase,suitcase,57,luggage,29,clothe,visual,6,27,143,0.037,0.042
a015847,nonliving,suitcase,suitcase,57,luggage,29,handle,haptic,27,65,1126,0.015,0.024
a015858,nonliving,suitcase,suitcase,57,luggage,29,heavy,haptic,7,109,772,0.009,0.009
a015870,nonliving,suitcase,suitcase,57,luggage,29,latch,visual,3,8,15,0.125,0.200
a015846,nonliving,suitcase,suitcase,57,luggage,29,leather,visual,34,27,336,0.037,0.101
a015863,nonliving,suitcase,suitcase,57,luggage,29,light,visual,5,114,518,0.009,0.010
a015854,nonliving,suitcase,suitcase,57,luggage,29,lock,visual,8,13,94,0.077,0.085
a015869,nonliving,suitcase,suitcase,57,luggage,29,luggage,visual,3,3,6,0.333,0.500
a015859,nonliving,suitcase,suitcase,57,luggage,29,pack,visual,6,4,9,0.250,0.667
a015868,nonliving,suitcase,suitcase,57,luggage,29,paper,visual,3,22,155,0.045,0.019
a015867,nonliving,suitcase,suitcase,57,luggage,29,portable,visual,3,18,26,0.056,0.115
a015851,nonliving,suitcase,suitcase,57,luggage,29,rectangle,visual,11,46,215,0.022,0.051
a015866,nonliving,suitcase,suitcase,57,luggage,29,secure,visual,3,23,60,0.043,0.050
a015865,nonliving,suitcase,suitcase,57,luggage,29,spacious,visual,3,13,22,0.077,0.136
a015862,nonliving,suitcase,suitcase,57,luggage,29,square,visual,5,29,127,0.034,0.039
a015857,nonliving,suitcase,suitcase,57,luggage,29,storage,visual,7,22,122,0.045,0.057
a015853,nonliving,suitcase,suitcase,57,luggage,29,strap,visual,9,12,139,0.083,0.065
a015856,nonliving,suitcase,suitcase,57,luggage,29,sturdy,visual,7,84,242,0.012,0.029
a015850,nonliving,suitcase,suitcase,57,luggage,29,travel,visual,12,18,60,0.056,0.200
a015864,nonliving,suitcase,suitcase,57,luggage,29,work,visual,3,32,64,0.031,0.047
a015848,nonliving,suitcase,suitcase,57,luggage,29,zipper,visual,19,5,66,0.200,0.288
a015950,living,sun,sun,100,star,26,big,visual,4,116,414,0.009,0.010
a015934,living,sun,sun,100,star,26,bright,visual,66,31,268,0.032,0.246
a015952,living,sun,sun,100,star,26,day,visual,3,1,3,1.000,1.000
a015949,living,sun,sun,100,star,26,energy,interoceptive,4,7,21,0.143,0.190
a015941,living,sun,sun,100,star,26,heat,haptic,9,14,103,0.071,0.087
a015935,living,sun,sun,100,star,26,hot,haptic,48,28,319,0.036,0.150
a015945,living,sun,sun,100,star,26,huge,visual,5,18,53,0.056,0.094
a015944,living,sun,sun,100,star,26,large,visual,5,122,864,0.008,0.006
a015940,living,sun,sun,100,star,26,life,visual,9,19,35,0.053,0.257
a015937,living,sun,sun,100,star,26,light,visual,15,114,518,0.009,0.029
a015948,living,sun,sun,100,star,26,ray,visual,4,1,4,1.000,1.000
a015942,living,sun,sun,100,star,26,round,visual,6,120,1208,0.008,0.005
a015939,living,sun,sun,100,star,26,shine,visual,9,65,197,0.015,0.046
a015943,living,sun,sun,100,star,26,sky,visual,5,10,53,0.100,0.094
a015947,living,sun,sun,100,star,26,solar,visual,4,1,4,1.000,1.000
a015946,living,sun,sun,100,star,26,space,visual,4,10,23,0.100,0.174
a015951,living,sun,sun,100,star,26,star,visual,3,4,16,0.250,0.188
a015938,living,sun,sun,100,star,26,warm,haptic,13,53,600,0.019,0.022
a015936,living,sun,sun,100,star,26,yellow,visual,34,42,475,0.024,0.072
a016010,living,swan,swan,88,bird,60,aggressive,interoceptive,4,25,42,0.040,0.095
a015999,living,swan,swan,88,bird,60,beak,visual,21,13,244,0.077,0.086
a016002,living,swan,swan,88,bird,60,beautiful,visual,12,54,131,0.019,0.092
a016015,living,swan,swan,88,bird,60,black,visual,3,58,247,0.017,0.012
a016014,living,swan,swan,88,bird,60,elegant,visual,3,22,32,0.045,0.094
a015998,living,swan,swan,88,bird,60,feather,visual,55,11,452,0.091,0.122
a016006,living,swan,swan,88,bird,60,float,visual,8,9,76,0.111,0.105
a016003,living,swan,swan,88,bird,60,fly,visual,11,26,355,0.038,0.031
a016005,living,swan,swan,88,bird,60,grace,visual,9,5,14,0.200,0.643
a016009,living,swan,swan,88,bird,60,lake,visual,4,3,6,0.333,0.667
a016013,living,swan,swan,88,bird,60,large,visual,3,122,864,0.008,0.003
a016008,living,swan,swan,88,bird,60,majestic,visual,4,17,50,0.059,0.080
a016001,living,swan,swan,88,bird,60,neck,visual,15,14,109,0.071,0.138
a016012,living,swan,swan,88,bird,60,pretty,visual,3,39,130,0.026,0.023
a016011,living,swan,swan,88,bird,60,soft,haptic,3,112,774,0.009,0.004
a016000,living,swan,swan,88,bird,60,swim,haptic,18,11,114,0.091,0.158
a016007,living,swan,swan,88,bird,60,water,visual,6,45,322,0.022,0.019
a015997,living,swan,swan,88,bird,60,white,visual,57,74,534,0.014,0.107
a016004,living,swan,swan,88,bird,60,wing,visual,9,20,403,0.050,0.022
a016080,nonliving,sweater,sweater,79,clothing,97,cloth,visual,3,30,165,0.033,0.018
a016072,nonliving,sweater,sweater,79,clothing,97,collar,visual,4,9,97,0.111,0.041
a016068,nonliving,sweater,sweater,79,clothing,97,comfort,interoceptive,7,29,169,0.034,0.041
a016066,nonliving,sweater,sweater,79,clothing,97,cotton,haptic,9,23,117,0.043,0.077
a016071,nonliving,sweater,sweater,79,clothing,97,cuff,visual,5,5,20,0.200,0.250
a016079,nonliving,sweater,sweater,79,clothing,97,fabric,haptic,3,27,168,0.037,0.018
a016078,nonliving,sweater,sweater,79,clothing,97,fit,visual,3,29,50,0.034,0.060
a016069,nonliving,sweater,sweater,79,clothing,97,fuzzy,haptic,6,31,129,0.032,0.047
a016070,nonliving,sweater,sweater,79,clothing,97,heavy,haptic,5,109,772,0.009,0.006
a016077,nonliving,sweater,sweater,79,clothing,97,itchy,interoceptive,3,7,9,0.143,0.333
a016062,nonliving,sweater,sweater,79,clothing,97,knit,visual,11,5,24,0.200,0.458
a016076,nonliving,sweater,sweater,79,clothing,97,long,visual,3,128,1235,0.008,0.002
a016067,nonliving,sweater,sweater,79,clothing,97,longsleeve,NA,8,5,32,0.200,0.250
a016075,nonliving,sweater,sweater,79,clothing,97,pullover,visual,3,1,3,1.000,1.000
a016074,nonliving,sweater,sweater,79,clothing,97,scratch,haptic,3,7,10,0.143,0.300
a016060,nonliving,sweater,sweater,79,clothing,97,sleeve,visual,20,7,122,0.143,0.164
a016059,nonliving,sweater,sweater,79,clothing,97,soft,haptic,27,112,774,0.009,0.035
a016073,nonliving,sweater,sweater,79,clothing,97,style,visual,3,27,95,0.037,0.032
a016065,nonliving,sweater,sweater,79,clothing,97,thick,haptic,9,28,63,0.036,0.143
a016058,nonliving,sweater,sweater,79,clothing,97,warm,haptic,77,53,600,0.019,0.128
a016063,nonliving,sweater,sweater,79,clothing,97,wear,haptic,10,32,145,0.031,0.069
a016064,nonliving,sweater,sweater,79,clothing,97,winter,visual,9,14,54,0.071,0.167
a016061,nonliving,sweater,sweater,79,clothing,97,wool,haptic,19,17,142,0.059,0.134
a016125,nonliving,swing,swing,99,toy,45,chain,visual,30,6,48,0.167,0.625
a016137,nonliving,swing,swing,99,toy,45,child,visual,5,17,47,0.059,0.106
a016140,nonliving,swing,swing,99,toy,45,fast,visual,4,86,614,0.012,0.007
a016139,nonliving,swing,swing,99,toy,45,flat,visual,4,67,308,0.015,0.013
a016124,nonliving,swing,swing,99,toy,45,fun,interoceptive,33,52,219,0.019,0.151
a016135,nonliving,swing,swing,99,toy,45,hang,visual,6,10,46,0.100,0.130
a016144,nonliving,swing,swing,99,toy,45,hard,haptic,3,139,560,0.007,0.005
a016143,nonliving,swing,swing,99,toy,45,high,visual,3,20,59,0.050,0.051
a016130,nonliving,swing,swing,99,toy,45,kid,visual,11,16,44,0.063,0.250
a016133,nonliving,swing,swing,99,toy,45,long,visual,7,128,1235,0.008,0.006
a016134,nonliving,swing,swing,99,toy,45,metal,visual,6,100,2252,0.010,0.003
a016131,nonliving,swing,swing,99,toy,45,move,visual,10,54,121,0.019,0.083
a016138,nonliving,swing,swing,99,toy,45,park,visual,4,6,9,0.167,0.444
a016127,nonliving,swing,swing,99,toy,45,play,visual,14,34,138,0.029,0.101
a016142,nonliving,swing,swing,99,toy,45,push,haptic,3,8,28,0.125,0.107
a016126,nonliving,swing,swing,99,toy,45,rope,visual,16,6,39,0.167,0.410
a016123,nonliving,swing,swing,99,toy,45,seat,haptic,33,15,187,0.067,0.176
a016141,nonliving,swing,swing,99,toy,45,simple,visual,3,24,33,0.042,0.091
a016132,nonliving,swing,swing,99,toy,45,swing,visual,8,9,38,0.111,0.211
a016136,nonliving,swing,swing,99,toy,45,tree,visual,5,21,68,0.048,0.074
a016128,nonliving,swing,swing,99,toy,45,wood,visual,13,68,807,0.015,0.016
a016129,nonliving,swing,swing,99,toy,45,wooden,visual,12,53,810,0.019,0.015
a016214,nonliving,table,table,99,furniture,91,brown,visual,4,93,455,0.011,0.009
a016213,nonliving,table,table,99,furniture,91,dinner,gustatory,4,15,22,0.067,0.182
a016209,nonliving,table,table,99,furniture,91,eat,gustatory,5,41,122,0.024,0.041
a016201,nonliving,table,table,99,furniture,91,flat,visual,27,67,308,0.015,0.088
a016206,nonliving,table,table,99,furniture,91,hard,haptic,6,139,560,0.007,0.011
a016208,nonliving,table,table,99,furniture,91,heavy,haptic,5,109,772,0.009,0.006
a016212,nonliving,table,table,99,furniture,91,hold,haptic,4,56,176,0.018,0.023
a016211,nonliving,table,table,99,furniture,91,kitchen,visual,4,17,31,0.059,0.129
a016205,nonliving,table,table,99,furniture,91,large,visual,6,122,864,0.008,0.007
a016198,nonliving,table,table,99,furniture,91,leg,visual,45,65,662,0.015,0.068
a016218,nonliving,table,table,99,furniture,91,long,visual,3,128,1235,0.008,0.002
a016203,nonliving,table,table,99,furniture,91,rectangle,visual,15,46,215,0.022,0.070
a016217,nonliving,table,table,99,furniture,91,sit,visual,3,13,74,0.077,0.041
a016216,nonliving,table,table,99,furniture,91,stable,visual,3,18,31,0.056,0.097
a016210,nonliving,table,table,99,furniture,91,stand,visual,4,22,39,0.045,0.103
a016202,nonliving,table,table,99,furniture,91,sturdy,visual,17,84,242,0.012,0.070
a016207,nonliving,table,table,99,furniture,91,tall,visual,5,52,402,0.019,0.012
a016204,nonliving,table,table,99,furniture,91,top,visual,10,22,57,0.045,0.175
a016200,nonliving,table,table,99,furniture,91,wood,visual,30,68,807,0.015,0.037
a016199,nonliving,table,table,99,furniture,91,wooden,visual,34,53,810,0.019,0.042
a016215,nonliving,table,table,99,furniture,91,work,visual,3,32,64,0.031,0.047
a016276,nonliving,telephone,phone,100,communication,33,call,auditory,11,1,11,1.000,1.000
a016275,nonliving,telephone,phone,100,communication,33,communicate,auditory,11,13,29,0.077,0.379
a016269,nonliving,telephone,phone,100,communication,33,cord,visual,38,9,75,0.111,0.507
a016268,nonliving,telephone,phone,100,communication,33,dial,haptic,45,6,72,0.167,0.625
a016289,nonliving,telephone,phone,100,communication,33,earpiece,visual,3,2,5,0.500,0.600
a016288,nonliving,telephone,phone,100,communication,33,electric,haptic,3,17,215,0.059,0.014
a016287,nonliving,telephone,phone,100,communication,33,handset,visual,3,1,3,1.000,1.000
a016283,nonliving,telephone,phone,100,communication,33,hard,haptic,4,139,560,0.007,0.007
a016278,nonliving,telephone,phone,100,communication,33,loud,auditory,8,62,595,0.016,0.013
a016286,nonliving,telephone,phone,100,communication,33,metal,visual,3,100,2252,0.010,0.001
a016279,nonliving,telephone,phone,100,communication,33,number,visual,6,5,112,0.200,0.054
a016273,nonliving,telephone,phone,100,communication,33,old,visual,12,65,179,0.015,0.067
a016272,nonliving,telephone,phone,100,communication,33,plastic,visual,12,52,306,0.019,0.039
a016271,nonliving,telephone,phone,100,communication,33,receiver,visual,14,1,14,1.000,1.000
a016270,nonliving,telephone,phone,100,communication,33,ring,visual,20,19,85,0.053,0.235
a016277,nonliving,telephone,phone,100,communication,33,rotate,visual,9,12,29,0.083,0.310
a016280,nonliving,telephone,phone,100,communication,33,small,visual,5,180,1681,0.006,0.003
a016285,nonliving,telephone,phone,100,communication,33,speak,auditory,3,3,8,0.333,0.375
a016282,nonliving,telephone,phone,100,communication,33,speaker,auditory,4,3,6,0.333,0.667
a016274,nonliving,telephone,phone,100,communication,33,talk,auditory,11,4,22,0.250,0.500
a016284,nonliving,telephone,phone,100,communication,33,useful,visual,3,164,392,0.006,0.008
a016281,nonliving,telephone,phone,100,communication,33,wire,visual,4,19,80,0.053,0.050
a016345,nonliving,television,television,80,electronic,33,antenna,visual,18,12,130,0.083,0.138
a016367,nonliving,television,television,80,electronic,33,box,visual,4,15,23,0.067,0.174
a016366,nonliving,television,television,80,electronic,33,bright,visual,4,31,268,0.032,0.015
a016371,nonliving,television,television,80,electronic,33,bulk,visual,3,16,19,0.063,0.158
a016360,nonliving,television,television,80,electronic,33,button,haptic,6,21,296,0.048,0.020
a016355,nonliving,television,television,80,electronic,33,channel,visual,9,1,9,1.000,1.000
a016365,nonliving,television,television,80,electronic,33,color,visual,4,73,478,0.014,0.008
a016353,nonliving,television,television,80,electronic,33,dial,haptic,10,6,72,0.167,0.139
a016346,nonliving,television,television,80,electronic,33,electric,haptic,17,17,215,0.059,0.079
a016348,nonliving,television,television,80,electronic,33,entertain,auditory,15,13,35,0.077,0.429
a016370,nonliving,television,television,80,electronic,33,fun,interoceptive,3,52,219,0.019,0.014
a016352,nonliving,television,television,80,electronic,33,glass,visual,10,22,473,0.045,0.021
a016349,nonliving,television,television,80,electronic,33,heavy,haptic,14,109,772,0.009,0.018
a016347,nonliving,television,television,80,electronic,33,knob,haptic,16,11,64,0.091,0.250
a016364,nonliving,television,television,80,electronic,33,large,visual,4,122,864,0.008,0.005
a016363,nonliving,television,television,80,electronic,33,light,visual,4,114,518,0.009,0.008
a016362,nonliving,television,television,80,electronic,33,loud,auditory,4,62,595,0.016,0.007
a016359,nonliving,television,television,80,electronic,33,movie,visual,6,2,7,0.500,0.857
a016369,nonliving,television,television,80,electronic,33,news,visual,3,1,3,1.000,1.000
a016358,nonliving,television,television,80,electronic,33,old,visual,6,65,179,0.015,0.034
a016361,nonliving,television,television,80,electronic,33,picture,visual,4,6,10,0.167,0.400
a016357,nonliving,television,television,80,electronic,33,rectangle,visual,6,46,215,0.022,0.028
a016344,nonliving,television,television,80,electronic,33,screen,visual,29,3,31,0.333,0.935
a016354,nonliving,television,television,80,electronic,33,show,visual,9,3,15,0.333,0.600
a016368,nonliving,television,television,80,electronic,33,sound,auditory,3,20,154,0.050,0.019
a016350,nonliving,television,television,80,electronic,33,square,visual,11,29,127,0.034,0.087
a016356,nonliving,television,television,80,electronic,33,tube,visual,6,10,19,0.100,0.316
a016351,nonliving,television,television,80,electronic,33,watch,visual,10,1,10,1.000,1.000
a016432,nonliving,tennis_racket,racket,97,sport,59,ball,visual,12,8,43,0.125,0.279
a016448,nonliving,tennis_racket,racket,97,sport,59,flat,visual,4,67,308,0.015,0.013
a016441,nonliving,tennis_racket,racket,97,sport,59,fun,interoceptive,7,52,219,0.019,0.032
a016431,nonliving,tennis_racket,racket,97,sport,59,grip,haptic,12,19,80,0.053,0.150
a016426,nonliving,tennis_racket,racket,97,sport,59,handle,haptic,36,65,1126,0.015,0.032
a016447,nonliving,tennis_racket,racket,97,sport,59,hard,haptic,4,139,560,0.007,0.007
a016446,nonliving,tennis_racket,racket,97,sport,59,head,visual,4,43,166,0.023,0.024
a016436,nonliving,tennis_racket,racket,97,sport,59,hit,visual,9,8,44,0.125,0.205
a016430,nonliving,tennis_racket,racket,97,sport,59,light,visual,13,114,518,0.009,0.025
a016452,nonliving,tennis_racket,racket,97,sport,59,lightweight,haptic,3,64,94,0.016,0.032
a016438,nonliving,tennis_racket,racket,97,sport,59,long,visual,8,128,1235,0.008,0.006
a016429,nonliving,tennis_racket,racket,97,sport,59,net,visual,16,3,18,0.333,0.889
a016445,nonliving,tennis_racket,racket,97,sport,59,oval,visual,5,29,62,0.034,0.081
a016451,nonliving,tennis_racket,racket,97,sport,59,plastic,visual,3,52,306,0.019,0.010
a016444,nonliving,tennis_racket,racket,97,sport,59,play,visual,5,34,138,0.029,0.036
a016443,nonliving,tennis_racket,racket,97,sport,59,round,visual,5,120,1208,0.008,0.004
a016433,nonliving,tennis_racket,racket,97,sport,59,sport,visual,10,17,45,0.059,0.222
a016428,nonliving,tennis_racket,racket,97,sport,59,string,visual,21,23,406,0.043,0.052
a016450,nonliving,tennis_racket,racket,97,sport,59,strung,visual,3,1,3,1.000,1.000
a016440,nonliving,tennis_racket,racket,97,sport,59,sturdy,visual,7,84,242,0.012,0.029
a016437,nonliving,tennis_racket,racket,97,sport,59,swing,visual,8,9,38,0.111,0.211
a016427,nonliving,tennis_racket,racket,97,sport,59,tennis,visual,22,1,22,1.000,1.000
a016449,nonliving,tennis_racket,racket,97,sport,59,weave,visual,3,4,45,0.250,0.067
a016435,nonliving,tennis_racket,racket,97,sport,59,webbed,visual,9,8,49,0.125,0.184
a016442,nonliving,tennis_racket,racket,97,sport,59,wire,visual,6,19,80,0.053,0.075
a016439,nonliving,tennis_racket,racket,97,sport,59,wood,visual,7,68,807,0.015,0.009
a016434,nonliving,tennis_racket,racket,97,sport,59,wooden,visual,9,53,810,0.019,0.011
a016516,nonliving,thimble,thimble,81,sewing,36,bump,haptic,3,20,36,0.050,0.083
a016515,nonliving,thimble,thimble,81,sewing,36,cylinder,visual,3,34,97,0.029,0.031
a016505,nonliving,thimble,thimble,81,sewing,36,drink,gustatory,6,17,102,0.059,0.059
a016501,nonliving,thimble,thimble,81,sewing,36,finger,haptic,12,15,163,0.067,0.074
a016509,nonliving,thimble,thimble,81,sewing,36,hard,haptic,4,139,560,0.007,0.007
a016504,nonliving,thimble,thimble,81,sewing,36,hole,visual,6,29,163,0.034,0.037
a016508,nonliving,thimble,thimble,81,sewing,36,hollow,visual,4,48,161,0.021,0.025
a016496,nonliving,thimble,thimble,81,sewing,36,metal,visual,57,100,2252,0.010,0.025
a016502,nonliving,thimble,thimble,81,sewing,36,needle,visual,9,7,57,0.143,0.158
a016507,nonliving,thimble,thimble,81,sewing,36,poke,haptic,4,10,16,0.100,0.250
a016498,nonliving,thimble,thimble,81,sewing,36,protect,visual,22,39,284,0.026,0.077
a016514,nonliving,thimble,thimble,81,sewing,36,rough,haptic,3,33,83,0.030,0.036
a016500,nonliving,thimble,thimble,81,sewing,36,round,visual,17,120,1208,0.008,0.014
a016513,nonliving,thimble,thimble,81,sewing,36,safe,visual,3,52,129,0.019,0.023
a016499,nonliving,thimble,thimble,81,sewing,36,sew,visual,18,12,88,0.083,0.205
a016512,nonliving,thimble,thimble,81,sewing,36,silver,visual,3,38,128,0.026,0.023
a016497,nonliving,thimble,thimble,81,sewing,36,small,visual,30,180,1681,0.006,0.018
a016511,nonliving,thimble,thimble,81,sewing,36,thread,haptic,3,14,112,0.071,0.027
a016503,nonliving,thimble,thimble,81,sewing,36,thumb,visual,7,9,32,0.111,0.219
a016506,nonliving,thimble,thimble,81,sewing,36,tiny,visual,5,24,71,0.042,0.070
a016510,nonliving,thimble,thimble,81,sewing,36,useful,visual,3,164,392,0.006,0.008
a016584,living,thumb,thumb,94,body,47,bend,visual,18,14,83,0.071,0.217
a016606,living,thumb,thumb,94,body,47,big,visual,3,116,414,0.009,0.007
a016593,living,thumb,thumb,94,body,47,bone,visual,6,12,45,0.083,0.133
a016605,living,thumb,thumb,94,body,47,digit,visual,3,5,11,0.200,0.273
a016588,living,thumb,thumb,94,body,47,finger,haptic,9,15,163,0.067,0.055
a016599,living,thumb,thumb,94,body,47,fingernail,visual,4,4,9,0.250,0.444
a016590,living,thumb,thumb,94,body,47,flesh,haptic,8,32,117,0.031,0.068
a016591,living,thumb,thumb,94,body,47,flex,visual,7,37,89,0.027,0.079
a016585,living,thumb,thumb,94,body,47,hand,visual,14,21,173,0.048,0.081
a016604,living,thumb,thumb,94,body,47,hitchhike,visual,3,1,3,1.000,1.000
a016603,living,thumb,thumb,94,body,47,hold,haptic,3,56,176,0.018,0.017
a016598,living,thumb,thumb,94,body,47,joint,visual,4,9,41,0.111,0.098
a016587,living,thumb,thumb,94,body,47,knuckle,visual,11,5,40,0.200,0.275
a016602,living,thumb,thumb,94,body,47,living,interoceptive,3,70,102,0.014,0.029
a016601,living,thumb,thumb,94,body,47,long,visual,3,128,1235,0.008,0.002
a016581,living,thumb,thumb,94,body,47,nail,haptic,46,14,247,0.071,0.186
a016586,living,thumb,thumb,94,body,47,oppose,auditory,11,1,11,1.000,1.000
a016600,living,thumb,thumb,94,body,47,point,visual,3,38,307,0.026,0.010
a016583,living,thumb,thumb,94,body,47,short,visual,19,55,132,0.018,0.144
a016582,living,thumb,thumb,94,body,47,skin,haptic,20,37,242,0.027,0.083
a016589,living,thumb,thumb,94,body,47,small,visual,8,180,1681,0.006,0.005
a016597,living,thumb,thumb,94,body,47,soft,haptic,4,112,774,0.009,0.005
a016592,living,thumb,thumb,94,body,47,stub,visual,6,5,17,0.200,0.353
a016596,living,thumb,thumb,94,body,47,thick,haptic,5,28,63,0.036,0.079
a016595,living,thumb,thumb,94,body,47,useful,visual,5,164,392,0.006,0.013
a016594,living,thumb,thumb,94,body,47,wrinkle,visual,5,14,30,0.071,0.167
a016670,nonliving,tie,tie,100,clothing,76,business,visual,12,4,21,0.250,0.571
a016672,nonliving,tie,tie,100,clothing,76,cloth,visual,11,30,165,0.033,0.067
a016671,nonliving,tie,tie,100,clothing,76,color,visual,11,73,478,0.014,0.023
a016688,nonliving,tie,tie,100,clothing,76,design,visual,3,15,29,0.067,0.103
a016687,nonliving,tie,tie,100,clothing,76,dress,visual,3,20,71,0.050,0.042
a016669,nonliving,tie,tie,100,clothing,76,fabric,haptic,12,27,168,0.037,0.071
a016682,nonliving,tie,tie,100,clothing,76,fashion,visual,5,21,81,0.048,0.062
a016673,nonliving,tie,tie,100,clothing,76,formal,visual,10,16,53,0.063,0.189
a016667,nonliving,tie,tie,100,clothing,76,knot,visual,21,5,34,0.200,0.618
a016666,nonliving,tie,tie,100,clothing,76,long,visual,27,128,1235,0.008,0.022
a016677,nonliving,tie,tie,100,clothing,76,man,visual,7,16,43,0.063,0.163
a016686,nonliving,tie,tie,100,clothing,76,masculine,visual,3,9,12,0.111,0.250
a016685,nonliving,tie,tie,100,clothing,76,material,haptic,3,14,28,0.071,0.107
a016668,nonliving,tie,tie,100,clothing,76,neck,visual,12,14,109,0.071,0.110
a016681,nonliving,tie,tie,100,clothing,76,shirt,visual,5,6,22,0.167,0.227
a016675,nonliving,tie,tie,100,clothing,76,silk,haptic,9,17,64,0.059,0.141
a016684,nonliving,tie,tie,100,clothing,76,smooth,haptic,3,166,381,0.006,0.008
a016674,nonliving,tie,tie,100,clothing,76,soft,haptic,9,112,774,0.009,0.012
a016665,nonliving,tie,tie,100,clothing,76,stripe,visual,36,16,271,0.063,0.133
a016683,nonliving,tie,tie,100,clothing,76,style,visual,3,27,95,0.037,0.032
a016680,nonliving,tie,tie,100,clothing,76,suit,visual,5,5,16,0.200,0.313
a016676,nonliving,tie,tie,100,clothing,76,tie,visual,7,11,59,0.091,0.119
a016678,nonliving,tie,tie,100,clothing,76,tight,haptic,6,29,100,0.034,0.060
a016679,nonliving,tie,tie,100,clothing,76,wear,haptic,5,32,145,0.031,0.034
a016757,living,tiger,tiger,98,animal,86,big,visual,8,116,414,0.009,0.019
a016773,living,tiger,tiger,98,animal,86,carnivore,visual,3,10,24,0.100,0.125
a016751,living,tiger,tiger,98,animal,86,cat,visual,13,6,47,0.167,0.277
a016756,living,tiger,tiger,98,animal,86,claw,visual,8,20,142,0.050,0.056
a016753,living,tiger,tiger,98,animal,86,danger,interoceptive,11,53,274,0.019,0.040
a016767,living,tiger,tiger,98,animal,86,ear,visual,4,28,168,0.036,0.024
a016750,living,tiger,tiger,98,animal,86,fast,visual,13,86,614,0.012,0.021
a016766,living,tiger,tiger,98,animal,86,feline,visual,4,4,17,0.250,0.235
a016762,living,tiger,tiger,98,animal,86,ferocious,visual,5,4,14,0.250,0.357
a016772,living,tiger,tiger,98,animal,86,fierce,interoceptive,3,7,18,0.143,0.167
a016755,living,tiger,tiger,98,animal,86,fur,visual,9,40,580,0.025,0.016
a016765,living,tiger,tiger,98,animal,86,heavy,haptic,4,109,772,0.009,0.005
a016771,living,tiger,tiger,98,animal,86,hunt,visual,3,13,35,0.077,0.086
a016759,living,tiger,tiger,98,animal,86,jungle,visual,7,6,27,0.167,0.259
a016752,living,tiger,tiger,98,animal,86,large,visual,11,122,864,0.008,0.013
a003343,living,carrot,carrot,100,vegetable,81,orange,visual,90,21,269,0.048,0.335
a016770,living,tiger,tiger,98,animal,86,paw,visual,3,12,39,0.083,0.077
a016761,living,tiger,tiger,98,animal,86,predator,visual,5,9,51,0.111,0.098
a016769,living,tiger,tiger,98,animal,86,scare,interoceptive,3,25,84,0.040,0.036
a016747,living,tiger,tiger,98,animal,86,stripe,visual,73,16,271,0.063,0.269
a016760,living,tiger,tiger,98,animal,86,strong,visual,5,72,310,0.014,0.016
a016754,living,tiger,tiger,98,animal,86,tail,visual,10,41,643,0.024,0.016
a016764,living,tiger,tiger,98,animal,86,tooth,haptic,4,25,179,0.040,0.022
a016763,living,tiger,tiger,98,animal,86,vicious,visual,4,3,8,0.333,0.500
a016748,living,tiger,tiger,98,animal,86,whisker,visual,18,13,147,0.077,0.122
a016758,living,tiger,tiger,98,animal,86,wild,visual,7,23,67,0.043,0.104
a016768,living,tiger,tiger,98,animal,86,zoo,visual,3,10,27,0.100,0.111
a016827,nonliving,toaster,toaster,99,appliance,69,bagel,gustatory,4,1,4,1.000,1.000
a016815,nonliving,toaster,toaster,99,appliance,69,bread,gustatory,19,6,85,0.167,0.224
a016826,nonliving,toaster,toaster,99,appliance,69,breakfast,gustatory,4,5,8,0.200,0.500
a016825,nonliving,toaster,toaster,99,appliance,69,brown,visual,4,93,455,0.011,0.009
a016823,nonliving,toaster,toaster,99,appliance,69,burn,visual,5,12,68,0.083,0.074
a016834,nonliving,toaster,toaster,99,appliance,69,button,haptic,3,21,296,0.048,0.010
a016817,nonliving,toaster,toaster,99,appliance,69,cook,olfactory,8,17,123,0.059,0.065
a016833,nonliving,toaster,toaster,99,appliance,69,dial,haptic,3,6,72,0.167,0.042
a016810,nonliving,toaster,toaster,99,appliance,69,electric,haptic,38,17,215,0.059,0.177
a016818,nonliving,toaster,toaster,99,appliance,69,handle,haptic,7,65,1126,0.015,0.006
a016814,nonliving,toaster,toaster,99,appliance,69,heat,haptic,20,14,103,0.071,0.194
a016812,nonliving,toaster,toaster,99,appliance,69,hot,haptic,27,28,319,0.036,0.085
a016832,nonliving,toaster,toaster,99,appliance,69,knob,haptic,3,11,64,0.091,0.047
a016824,nonliving,toaster,toaster,99,appliance,69,lever,haptic,4,10,14,0.100,0.286
a016811,nonliving,toaster,toaster,99,appliance,69,metal,visual,33,100,2252,0.010,0.015
a016820,nonliving,toaster,toaster,99,appliance,69,pop,auditory,6,3,12,0.333,0.500
a016819,nonliving,toaster,toaster,99,appliance,69,rectangle,visual,6,46,215,0.022,0.028
a016831,nonliving,toaster,toaster,99,appliance,69,set,visual,3,5,7,0.200,0.429
a016816,nonliving,toaster,toaster,99,appliance,69,slot,visual,12,6,21,0.167,0.571
a016822,nonliving,toaster,toaster,99,appliance,69,small,visual,5,180,1681,0.006,0.003
a016830,nonliving,toaster,toaster,99,appliance,69,spring,visual,3,12,33,0.083,0.091
a016821,nonliving,toaster,toaster,99,appliance,69,square,visual,5,29,127,0.034,0.039
a016829,nonliving,toaster,toaster,99,appliance,69,timer,visual,3,5,12,0.200,0.250
a016813,nonliving,toaster,toaster,99,appliance,69,toast,gustatory,24,4,30,0.250,0.800
a016828,nonliving,toaster,toaster,99,appliance,69,warm,haptic,3,53,600,0.019,0.005
a016880,living,toe,toe,95,body,53,balance,visual,9,12,31,0.083,0.290
a016879,living,toe,toe,95,body,53,bend,visual,9,14,83,0.071,0.108
a016877,living,toe,toe,95,body,53,big,visual,20,116,414,0.009,0.048
a016887,living,toe,toe,95,body,53,bone,visual,5,12,45,0.083,0.111
a016899,living,toe,toe,95,body,53,fat,visual,3,17,67,0.059,0.045
a016878,living,toe,toe,95,body,53,flesh,haptic,10,32,117,0.031,0.085
a016898,living,toe,toe,95,body,53,flex,visual,3,37,89,0.027,0.034
a016875,living,toe,toe,95,body,53,foot,visual,24,58,241,0.017,0.100
a016897,living,toe,toe,95,body,53,hair,visual,3,44,238,0.023,0.013
a016896,living,toe,toe,95,body,53,human,visual,3,18,46,0.056,0.065
a016884,living,toe,toe,95,body,53,joint,visual,7,9,41,0.111,0.171
a016891,living,toe,toe,95,body,53,large,visual,4,122,864,0.008,0.005
a016895,living,toe,toe,95,body,53,long,visual,3,128,1235,0.008,0.002
a016890,living,toe,toe,95,body,53,move,visual,4,54,121,0.019,0.033
a016874,living,toe,toe,95,body,53,nail,haptic,54,14,247,0.071,0.219
a016889,living,toe,toe,95,body,53,round,visual,4,120,1208,0.008,0.003
a016894,living,toe,toe,95,body,53,shoe,visual,3,8,33,0.125,0.091
a016883,living,toe,toe,95,body,53,short,visual,7,55,132,0.018,0.053
a016876,living,toe,toe,95,body,53,skin,haptic,22,37,242,0.027,0.091
a016882,living,toe,toe,95,body,53,small,visual,8,180,1681,0.006,0.005
a016893,living,toe,toe,95,body,53,smell,olfactory,3,44,248,0.023,0.012
a016886,living,toe,toe,95,body,53,soft,haptic,5,112,774,0.009,0.006
a016892,living,toe,toe,95,body,53,stink,olfactory,3,17,83,0.059,0.036
a016881,living,toe,toe,95,body,53,stub,visual,8,5,17,0.200,0.471
a016888,living,toe,toe,95,body,53,toenail,visual,4,3,10,0.333,0.400
a016885,living,toe,toe,95,body,53,walk,visual,6,20,62,0.050,0.097
a016971,living,tomato,tomato,100,fruit,54,flesh,haptic,3,32,117,0.031,0.026
a016970,living,tomato,tomato,100,fruit,54,fruit,gustatory,3,15,51,0.067,0.059
a016965,living,tomato,tomato,100,fruit,54,health,interoceptive,5,33,155,0.030,0.032
a016952,living,tomato,tomato,100,fruit,54,juicy,gustatory,47,21,370,0.048,0.127
a016964,living,tomato,tomato,100,fruit,54,ketchup,gustatory,4,2,5,0.500,0.800
a012205,living,pepper,pepper,94,vegetable,72,orange,visual,3,21,269,0.048,0.011
a016959,living,tomato,tomato,100,fruit,54,plump,visual,7,12,27,0.083,0.259
a016951,living,tomato,tomato,100,fruit,54,red,visual,83,43,709,0.023,0.117
a016953,living,tomato,tomato,100,fruit,54,round,visual,28,120,1208,0.008,0.023
a016954,living,tomato,tomato,100,fruit,54,seed,visual,14,16,188,0.063,0.074
a016968,living,tomato,tomato,100,fruit,54,skin,haptic,3,37,242,0.027,0.012
a016963,living,tomato,tomato,100,fruit,54,small,visual,4,180,1681,0.006,0.002
a016961,living,tomato,tomato,100,fruit,54,soft,haptic,5,112,774,0.009,0.006
a016967,living,tomato,tomato,100,fruit,54,sour,gustatory,3,13,103,0.077,0.029
a016960,living,tomato,tomato,100,fruit,54,squish,haptic,6,8,18,0.125,0.333
a016957,living,tomato,tomato,100,fruit,54,stem,visual,9,31,270,0.032,0.033
a016955,living,tomato,tomato,100,fruit,54,sweet,gustatory,10,31,568,0.032,0.018
a016966,living,tomato,tomato,100,fruit,54,tart,gustatory,3,12,52,0.083,0.058
a016956,living,tomato,tomato,100,fruit,54,taste,gustatory,9,43,319,0.023,0.028
a016958,living,tomato,tomato,100,fruit,54,vegetable,gustatory,7,19,57,0.053,0.123
a016962,living,tomato,tomato,100,fruit,54,vine,visual,4,6,19,0.167,0.211
a017007,nonliving,toothbrush,brush,100,hygiene,27,bristle,visual,58,5,217,0.200,0.267
a017012,nonliving,toothbrush,brush,100,hygiene,27,brush,haptic,17,7,53,0.143,0.321
a017008,nonliving,toothbrush,brush,100,hygiene,27,clean,visual,30,53,132,0.019,0.227
a017025,nonliving,toothbrush,brush,100,hygiene,27,cleaner,visual,3,2,4,0.500,0.750
a017009,nonliving,toothbrush,brush,100,hygiene,27,handle,haptic,29,65,1126,0.015,0.026
a017024,nonliving,toothbrush,brush,100,hygiene,27,hard,haptic,3,139,560,0.007,0.005
a017023,nonliving,toothbrush,brush,100,hygiene,27,health,interoceptive,3,33,155,0.030,0.019
a017018,nonliving,toothbrush,brush,100,hygiene,27,hygiene,visual,5,1,5,1.000,1.000
a017022,nonliving,toothbrush,brush,100,hygiene,27,lightweight,haptic,3,64,94,0.016,0.032
a017013,nonliving,toothbrush,brush,100,hygiene,27,long,visual,15,128,1235,0.008,0.012
a017015,nonliving,toothbrush,brush,100,hygiene,27,paste,visual,8,2,9,0.500,0.889
a017010,nonliving,toothbrush,brush,100,hygiene,27,plastic,visual,25,52,306,0.019,0.082
a017021,nonliving,toothbrush,brush,100,hygiene,27,skinny,visual,3,28,48,0.036,0.063
a017016,nonliving,toothbrush,brush,100,hygiene,27,small,visual,7,180,1681,0.006,0.004
a017020,nonliving,toothbrush,brush,100,hygiene,27,soft,haptic,4,112,774,0.009,0.005
a017017,nonliving,toothbrush,brush,100,hygiene,27,thin,visual,6,71,281,0.014,0.021
a017011,nonliving,toothbrush,brush,100,hygiene,27,tooth,haptic,22,25,179,0.040,0.123
a017014,nonliving,toothbrush,brush,100,hygiene,27,toothpaste,gustatory,9,1,9,1.000,1.000
a017019,nonliving,toothbrush,brush,100,hygiene,27,useful,visual,4,164,392,0.006,0.010
a017079,nonliving,top,top,72,toy,90,balance,visual,7,12,31,0.083,0.226
a017090,nonliving,top,top,72,toy,90,child,visual,3,17,47,0.059,0.064
a017076,nonliving,top,top,72,toy,90,color,visual,10,73,478,0.014,0.021
a017070,nonliving,top,top,72,toy,90,fast,visual,15,86,614,0.012,0.024
a017074,nonliving,top,top,72,toy,90,fun,interoceptive,11,52,219,0.019,0.050
a017082,nonliving,top,top,72,toy,90,game,visual,5,13,30,0.077,0.167
a017078,nonliving,top,top,72,toy,90,handle,haptic,7,65,1126,0.015,0.006
a017083,nonliving,top,top,72,toy,90,move,visual,4,54,121,0.019,0.033
a017089,nonliving,top,top,72,toy,90,plastic,visual,3,52,306,0.019,0.010
a017075,nonliving,top,top,72,toy,90,play,visual,10,34,138,0.029,0.072
a017072,nonliving,top,top,72,toy,90,point,visual,13,38,307,0.026,0.042
a017080,nonliving,top,top,72,toy,90,pointy,haptic,6,44,210,0.023,0.029
a017069,nonliving,top,top,72,toy,90,round,visual,19,120,1208,0.008,0.016
a017068,nonliving,top,top,72,toy,90,small,visual,20,180,1681,0.006,0.012
a017081,nonliving,top,top,72,toy,90,smooth,haptic,5,166,381,0.006,0.013
a017067,nonliving,top,top,72,toy,90,spin,visual,64,14,132,0.071,0.485
a017077,nonliving,top,top,72,toy,90,spine,visual,7,9,44,0.111,0.159
a017088,nonliving,top,top,72,toy,90,string,visual,3,23,406,0.043,0.007
a017087,nonliving,top,top,72,toy,90,top,visual,3,22,57,0.045,0.053
a017086,nonliving,top,top,72,toy,90,toy,visual,3,9,14,0.111,0.214
a017085,nonliving,top,top,72,toy,90,twirl,visual,3,2,4,0.500,0.750
a017084,nonliving,top,top,72,toy,90,twist,visual,3,10,39,0.100,0.077
a017073,nonliving,top,top,72,toy,90,wood,visual,11,68,807,0.015,0.014
a017071,nonliving,top,top,72,toy,90,wooden,visual,13,53,810,0.019,0.016
a017141,nonliving,traffic_light,light,44,traffic,30,bright,visual,8,31,268,0.032,0.030
a017144,nonliving,traffic_light,light,44,traffic,30,change,visual,5,5,12,0.200,0.417
a017135,nonliving,traffic_light,light,44,traffic,30,color,visual,25,73,478,0.014,0.052
a017143,nonliving,traffic_light,light,44,traffic,30,direct,auditory,6,3,58,0.333,0.103
a017142,nonliving,traffic_light,light,44,traffic,30,electric,haptic,7,17,215,0.059,0.033
a017140,nonliving,traffic_light,light,44,traffic,30,go,visual,8,5,14,0.200,0.571
a017134,nonliving,traffic_light,light,44,traffic,30,green,visual,38,37,826,0.027,0.046
a017148,nonliving,traffic_light,light,44,traffic,30,hang,visual,4,10,46,0.100,0.087
a017151,nonliving,traffic_light,light,44,traffic,30,heavy,haptic,3,109,772,0.009,0.004
a017138,nonliving,traffic_light,light,44,traffic,30,light,visual,14,114,518,0.009,0.027
a017136,nonliving,traffic_light,light,44,traffic,30,metal,visual,15,100,2252,0.010,0.007
a017147,nonliving,traffic_light,light,44,traffic,30,rectangle,visual,4,46,215,0.022,0.019
a017133,nonliving,traffic_light,light,44,traffic,30,red,visual,38,43,709,0.023,0.054
a017146,nonliving,traffic_light,light,44,traffic,30,safe,visual,4,52,129,0.019,0.031
a017150,nonliving,traffic_light,light,44,traffic,30,shine,visual,3,65,197,0.015,0.015
a017145,nonliving,traffic_light,light,44,traffic,30,sign,visual,4,8,17,0.125,0.235
a017139,nonliving,traffic_light,light,44,traffic,30,stop,visual,10,4,22,0.250,0.455
a017149,nonliving,traffic_light,light,44,traffic,30,street,visual,3,3,7,0.333,0.429
a017137,nonliving,traffic_light,light,44,traffic,30,traffic,visual,14,3,17,0.333,0.824
a017132,nonliving,traffic_light,light,44,traffic,30,yellow,visual,38,42,475,0.024,0.080
a017203,nonliving,train,train,99,transport,53,big,visual,7,116,414,0.009,0.017
a017207,nonliving,train,train,99,transport,53,caboose,visual,6,1,6,1.000,1.000
a017198,nonliving,train,train,99,transport,53,car,visual,16,5,21,0.200,0.762
a017199,nonliving,train,train,99,transport,53,engine,auditory,12,7,69,0.143,0.174
a017192,nonliving,train,train,99,transport,53,fast,visual,32,86,614,0.012,0.052
a017200,nonliving,train,train,99,transport,53,heavy,haptic,10,109,772,0.009,0.013
a017195,nonliving,train,train,99,transport,53,large,visual,21,122,864,0.008,0.024
a017194,nonliving,train,train,99,transport,53,long,visual,21,128,1235,0.008,0.017
a017197,nonliving,train,train,99,transport,53,loud,auditory,18,62,595,0.016,0.030
a017196,nonliving,train,train,99,transport,53,metal,visual,19,100,2252,0.010,0.008
a017215,nonliving,train,train,99,transport,53,move,visual,3,54,121,0.019,0.025
a017214,nonliving,train,train,99,transport,53,noise,auditory,3,53,121,0.019,0.025
a017209,nonliving,train,train,99,transport,53,passenger,visual,5,3,14,0.333,0.357
a017201,nonliving,train,train,99,transport,53,power,visual,8,35,110,0.029,0.073
a017208,nonliving,train,train,99,transport,53,rail,visual,5,3,17,0.333,0.294
a017213,nonliving,train,train,99,transport,53,segment,visual,3,13,28,0.077,0.107
a017212,nonliving,train,train,99,transport,53,speed,interoceptive,3,12,20,0.083,0.150
a017206,nonliving,train,train,99,transport,53,steam,visual,6,6,70,0.167,0.086
a017193,nonliving,train,train,99,transport,53,track,visual,23,2,24,0.500,0.958
a017205,nonliving,train,train,99,transport,53,transport,visual,7,21,69,0.048,0.101
a017204,nonliving,train,train,99,transport,53,travel,visual,6,18,60,0.056,0.100
a017211,nonliving,train,train,99,transport,53,vehicle,visual,3,7,11,0.143,0.273
a017202,nonliving,train,train,99,transport,53,wheel,visual,7,17,485,0.059,0.014
a017210,nonliving,train,train,99,transport,53,window,visual,3,13,117,0.077,0.026
a017282,living,tree,tree,97,plant,59,air,haptic,3,20,67,0.050,0.045
a017272,living,tree,tree,97,plant,59,bark,auditory,9,4,39,0.250,0.231
a017279,living,tree,tree,97,plant,59,big,visual,4,116,414,0.009,0.010
a017266,living,tree,tree,97,plant,59,branch,visual,20,4,28,0.250,0.714
a017274,living,tree,tree,97,plant,59,brown,visual,7,93,455,0.011,0.015
a017263,living,tree,tree,97,plant,59,green,visual,37,37,826,0.027,0.045
a017281,living,tree,tree,97,plant,59,hard,haptic,3,139,560,0.007,0.005
a017267,living,tree,tree,97,plant,59,large,visual,15,122,864,0.008,0.017
a017262,living,tree,tree,97,plant,59,leaf,visual,39,17,173,0.059,0.225
a017271,living,tree,tree,97,plant,59,leafy,visual,11,10,84,0.100,0.131
a017280,living,tree,tree,97,plant,59,life,visual,3,19,35,0.053,0.086
a017276,living,tree,tree,97,plant,59,living,interoceptive,6,70,102,0.014,0.059
a017277,living,tree,tree,97,plant,59,old,visual,5,65,179,0.015,0.028
a017278,living,tree,tree,97,plant,59,oxygen,interoceptive,4,1,4,1.000,1.000
a017270,living,tree,tree,97,plant,59,root,visual,11,7,49,0.143,0.224
a017275,living,tree,tree,97,plant,59,shade,visual,6,10,64,0.100,0.094
a017269,living,tree,tree,97,plant,59,strong,visual,11,72,310,0.014,0.035
a017264,living,tree,tree,97,plant,59,tall,visual,22,52,402,0.019,0.055
a017265,living,tree,tree,97,plant,59,trunk,visual,20,4,62,0.250,0.323
a017268,living,tree,tree,97,plant,59,wood,visual,14,68,807,0.015,0.017
a017273,living,tree,tree,97,plant,59,wooden,visual,7,53,810,0.019,0.009
a017348,nonliving,truck,truck,93,vehicle,55,bed,haptic,3,3,8,0.333,0.375
a017327,nonliving,truck,truck,93,vehicle,55,big,visual,10,116,414,0.009,0.024
a017347,nonliving,truck,truck,93,vehicle,55,box,visual,3,15,23,0.067,0.130
a017325,nonliving,truck,truck,93,vehicle,55,cab,visual,14,2,15,0.500,0.933
a017331,nonliving,truck,truck,93,vehicle,55,cargo,visual,7,2,8,0.500,0.875
a017346,nonliving,truck,truck,93,vehicle,55,deliver,visual,3,2,5,0.500,0.600
a017342,nonliving,truck,truck,93,vehicle,55,drive,visual,4,10,31,0.100,0.129
a017341,nonliving,truck,truck,93,vehicle,55,engine,auditory,4,7,69,0.143,0.058
a017330,nonliving,truck,truck,93,vehicle,55,fast,visual,7,86,614,0.012,0.011
a017340,nonliving,truck,truck,93,vehicle,55,gas,olfactory,4,11,24,0.091,0.167
a017338,nonliving,truck,truck,93,vehicle,55,goods,visual,5,1,5,1.000,1.000
a017337,nonliving,truck,truck,93,vehicle,55,haul,visual,5,4,9,0.250,0.556
a017324,nonliving,truck,truck,93,vehicle,55,heavy,haptic,19,109,772,0.009,0.025
a017322,nonliving,truck,truck,93,vehicle,55,large,visual,32,122,864,0.008,0.037
a017323,nonliving,truck,truck,93,vehicle,55,long,visual,23,128,1235,0.008,0.019
a017329,nonliving,truck,truck,93,vehicle,55,loud,auditory,8,62,595,0.016,0.013
a017333,nonliving,truck,truck,93,vehicle,55,metal,visual,6,100,2252,0.010,0.003
a017345,nonliving,truck,truck,93,vehicle,55,mobile,visual,3,30,44,0.033,0.068
a017336,nonliving,truck,truck,93,vehicle,55,move,visual,5,54,121,0.019,0.041
a017335,nonliving,truck,truck,93,vehicle,55,power,visual,5,35,110,0.029,0.045
a017344,nonliving,truck,truck,93,vehicle,55,rectangle,visual,3,46,215,0.022,0.014
a017339,nonliving,truck,truck,93,vehicle,55,slow,visual,4,36,200,0.028,0.020
a017328,nonliving,truck,truck,93,vehicle,55,storage,visual,9,22,122,0.045,0.074
a017334,nonliving,truck,truck,93,vehicle,55,tire,visual,5,6,21,0.167,0.238
a017326,nonliving,truck,truck,93,vehicle,55,trailer,visual,12,1,12,1.000,1.000
a017332,nonliving,truck,truck,93,vehicle,55,transport,visual,6,21,69,0.048,0.087
a017343,nonliving,truck,truck,93,vehicle,55,travel,visual,3,18,60,0.056,0.050
a017321,nonliving,truck,truck,93,vehicle,55,wheel,visual,41,17,485,0.059,0.085
a017401,nonliving,trumpet,trumpet,88,instrument,88,band,auditory,5,15,78,0.067,0.064
a017394,nonliving,trumpet,trumpet,88,instrument,88,blow,visual,12,6,50,0.167,0.240
a017390,nonliving,trumpet,trumpet,88,instrument,88,brass,visual,37,11,117,0.091,0.316
a017399,nonliving,trumpet,trumpet,88,instrument,88,button,haptic,8,21,296,0.048,0.027
a017406,nonliving,trumpet,trumpet,88,instrument,88,finger,haptic,3,15,163,0.067,0.018
a017398,nonliving,trumpet,trumpet,88,instrument,88,gold,visual,8,20,111,0.050,0.072
a017393,nonliving,trumpet,trumpet,88,instrument,88,horn,auditory,16,15,207,0.067,0.077
a017405,nonliving,trumpet,trumpet,88,instrument,88,jazz,auditory,3,2,4,0.500,0.750
a017400,nonliving,trumpet,trumpet,88,instrument,88,key,visual,7,10,161,0.100,0.043
a017389,nonliving,trumpet,trumpet,88,instrument,88,loud,auditory,50,62,595,0.016,0.084
a017392,nonliving,trumpet,trumpet,88,instrument,88,metal,visual,28,100,2252,0.010,0.012
a017397,nonliving,trumpet,trumpet,88,instrument,88,mouthpiece,visual,9,9,37,0.111,0.243
a017391,nonliving,trumpet,trumpet,88,instrument,88,music,auditory,30,15,301,0.067,0.100
a017403,nonliving,trumpet,trumpet,88,instrument,88,noise,auditory,4,53,121,0.019,0.033
a017402,nonliving,trumpet,trumpet,88,instrument,88,play,visual,4,34,138,0.029,0.029
a017396,nonliving,trumpet,trumpet,88,instrument,88,shine,visual,9,65,197,0.015,0.046
a017395,nonliving,trumpet,trumpet,88,instrument,88,sound,auditory,10,20,154,0.050,0.065
a017404,nonliving,trumpet,trumpet,88,instrument,88,valve,visual,3,3,7,0.333,0.429
a017463,living,turtle,turtle,97,animal,67,armor,visual,4,5,12,0.200,0.333
a017464,living,turtle,turtle,97,animal,67,claw,visual,3,20,142,0.050,0.021
a017462,living,turtle,turtle,97,animal,67,cute,visual,4,39,140,0.026,0.029
a017452,living,turtle,turtle,97,animal,67,green,visual,37,37,826,0.027,0.045
a017453,living,turtle,turtle,97,animal,67,hard,haptic,9,139,560,0.007,0.016
a017458,living,turtle,turtle,97,animal,67,hide,visual,7,6,13,0.167,0.538
a017455,living,turtle,turtle,97,animal,67,leg,visual,8,65,662,0.015,0.012
a017461,living,turtle,turtle,97,animal,67,neck,visual,4,14,109,0.071,0.037
a017454,living,turtle,turtle,97,animal,67,old,visual,8,65,179,0.015,0.045
a017459,living,turtle,turtle,97,animal,67,reptile,visual,5,4,19,0.250,0.263
a017450,living,turtle,turtle,97,animal,67,shell,visual,66,11,201,0.091,0.328
a017451,living,turtle,turtle,97,animal,67,slow,visual,60,36,200,0.028,0.300
a017457,living,turtle,turtle,97,animal,67,small,visual,7,180,1681,0.006,0.004
a017456,living,turtle,turtle,97,animal,67,tail,visual,7,41,643,0.024,0.011
a017460,living,turtle,turtle,97,animal,67,water,visual,4,45,322,0.022,0.012
a017541,nonliving,umbrella,umbrella,100,accessory,38,black,visual,4,58,247,0.017,0.016
a017548,nonliving,umbrella,umbrella,100,accessory,38,canopy,visual,3,2,4,0.500,0.750
a017547,nonliving,umbrella,umbrella,100,accessory,38,color,visual,3,73,478,0.014,0.006
a017533,nonliving,umbrella,umbrella,100,accessory,38,cover,visual,7,37,138,0.027,0.051
a017546,nonliving,umbrella,umbrella,100,accessory,38,dome,visual,3,6,8,0.167,0.375
a017532,nonliving,umbrella,umbrella,100,accessory,38,dry,haptic,7,27,45,0.037,0.156
a017536,nonliving,umbrella,umbrella,100,accessory,38,fabric,haptic,5,27,168,0.037,0.030
a017540,nonliving,umbrella,umbrella,100,accessory,38,fold,visual,4,11,51,0.091,0.078
a017523,nonliving,umbrella,umbrella,100,accessory,38,handle,haptic,46,65,1126,0.015,0.041
a017535,nonliving,umbrella,umbrella,100,accessory,38,large,visual,5,122,864,0.008,0.006
a017531,nonliving,umbrella,umbrella,100,accessory,38,light,visual,7,114,518,0.009,0.014
a017530,nonliving,umbrella,umbrella,100,accessory,38,long,visual,7,128,1235,0.008,0.006
a017526,nonliving,umbrella,umbrella,100,accessory,38,metal,visual,14,100,2252,0.010,0.006
a017529,nonliving,umbrella,umbrella,100,accessory,38,open,visual,8,55,181,0.018,0.044
a017528,nonliving,umbrella,umbrella,100,accessory,38,plastic,visual,11,52,306,0.019,0.036
a017545,nonliving,umbrella,umbrella,100,accessory,38,portable,visual,3,18,26,0.056,0.115
a017525,nonliving,umbrella,umbrella,100,accessory,38,protect,visual,23,39,284,0.026,0.081
a017524,nonliving,umbrella,umbrella,100,accessory,38,rain,visual,25,7,57,0.143,0.439
a017539,nonliving,umbrella,umbrella,100,accessory,38,rib,haptic,4,10,16,0.100,0.250
a017538,nonliving,umbrella,umbrella,100,accessory,38,round,visual,4,120,1208,0.008,0.003
a017544,nonliving,umbrella,umbrella,100,accessory,38,spoke,auditory,3,6,57,0.167,0.053
a017537,nonliving,umbrella,umbrella,100,accessory,38,useful,visual,4,164,392,0.006,0.010
a017543,nonliving,umbrella,umbrella,100,accessory,38,water,visual,3,45,322,0.022,0.009
a017527,nonliving,umbrella,umbrella,100,accessory,38,waterproof,visual,12,12,29,0.083,0.414
a017534,nonliving,umbrella,umbrella,100,accessory,38,wet,haptic,5,33,97,0.030,0.052
a017542,nonliving,umbrella,umbrella,100,accessory,38,wind,haptic,3,17,99,0.059,0.030
a017629,nonliving,vase,vase,95,decor,31,art,visual,4,8,21,0.125,0.190
a017633,nonliving,vase,vase,95,decor,31,big,visual,3,116,414,0.009,0.007
a017619,nonliving,vase,vase,95,decor,31,break,visual,11,25,77,0.040,0.143
a017611,nonliving,vase,vase,95,decor,31,ceramic,visual,26,7,75,0.143,0.347
a017616,nonliving,vase,vase,95,decor,31,color,visual,14,73,478,0.014,0.029
a017613,nonliving,vase,vase,95,decor,31,decor,visual,22,32,92,0.031,0.239
a017621,nonliving,vase,vase,95,decor,31,delicate,haptic,9,39,85,0.026,0.106
a017625,nonliving,vase,vase,95,decor,31,design,visual,7,15,29,0.067,0.241
a017624,nonliving,vase,vase,95,decor,31,expensive,visual,7,37,114,0.027,0.061
a017632,nonliving,vase,vase,95,decor,31,fancy,visual,3,27,60,0.037,0.050
a017614,nonliving,vase,vase,95,decor,31,flower,olfactory,21,8,35,0.125,0.600
a017612,nonliving,vase,vase,95,decor,31,fragile,haptic,24,38,143,0.026,0.168
a017615,nonliving,vase,vase,95,decor,31,glass,visual,14,22,473,0.045,0.030
a017622,nonliving,vase,vase,95,decor,31,heavy,haptic,8,109,772,0.009,0.010
a017627,nonliving,vase,vase,95,decor,31,hold,haptic,5,56,176,0.018,0.028
a017628,nonliving,vase,vase,95,decor,31,hollow,visual,4,48,161,0.021,0.025
a017631,nonliving,vase,vase,95,decor,31,pattern,visual,3,10,20,0.100,0.150
a017618,nonliving,vase,vase,95,decor,31,porcelain,visual,11,6,30,0.167,0.367
a017626,nonliving,vase,vase,95,decor,31,pottery,visual,6,3,8,0.333,0.750
a017623,nonliving,vase,vase,95,decor,31,pretty,visual,7,39,130,0.026,0.054
a017617,nonliving,vase,vase,95,decor,31,round,visual,13,120,1208,0.008,0.011
a017630,nonliving,vase,vase,95,decor,31,smooth,haptic,3,166,381,0.006,0.008
a017620,nonliving,vase,vase,95,decor,31,water,visual,9,45,322,0.022,0.028
a017688,nonliving,vest,vest,95,clothing,99,button,haptic,61,21,296,0.048,0.206
a017704,nonliving,vest,vest,95,clothing,99,classic,visual,5,32,66,0.031,0.076
a017705,nonliving,vest,vest,95,clothing,99,cloth,visual,4,30,165,0.033,0.024
a017703,nonliving,vest,vest,95,clothing,99,cotton,haptic,5,23,117,0.043,0.043
a017702,nonliving,vest,vest,95,clothing,99,dress,visual,5,20,71,0.050,0.070
a017695,nonliving,vest,vest,95,clothing,99,fabric,haptic,8,27,168,0.037,0.048
a017698,nonliving,vest,vest,95,clothing,99,fancy,visual,7,27,60,0.037,0.117
a017694,nonliving,vest,vest,95,clothing,99,fashion,visual,8,21,81,0.048,0.099
a017709,nonliving,vest,vest,95,clothing,99,fit,visual,3,29,50,0.034,0.060
a017691,nonliving,vest,vest,95,clothing,99,formal,visual,12,16,53,0.063,0.226
a017700,nonliving,vest,vest,95,clothing,99,man,visual,6,16,43,0.063,0.140
a017708,nonliving,vest,vest,95,clothing,99,material,haptic,3,14,28,0.071,0.107
a017689,nonliving,vest,vest,95,clothing,99,pocket,visual,30,8,142,0.125,0.211
a017699,nonliving,vest,vest,95,clothing,99,silk,haptic,6,17,64,0.059,0.094
a017690,nonliving,vest,vest,95,clothing,99,sleeveless,visual,29,2,30,0.500,0.967
a017707,nonliving,vest,vest,95,clothing,99,small,visual,3,180,1681,0.006,0.002
a017693,nonliving,vest,vest,95,clothing,99,soft,haptic,9,112,774,0.009,0.012
a017701,nonliving,vest,vest,95,clothing,99,style,visual,5,27,95,0.037,0.053
a017697,nonliving,vest,vest,95,clothing,99,suit,visual,7,5,16,0.200,0.438
a017706,nonliving,vest,vest,95,clothing,99,tight,haptic,3,29,100,0.034,0.030
a017696,nonliving,vest,vest,95,clothing,99,warm,haptic,7,53,600,0.019,0.012
a017692,nonliving,vest,vest,95,clothing,99,wear,haptic,9,32,145,0.031,0.062
a017786,nonliving,violin,violin,78,instrument,86,beautiful,visual,3,54,131,0.019,0.023
a017785,nonliving,violin,violin,78,instrument,86,body,visual,3,26,47,0.038,0.064
a017768,nonliving,violin,violin,78,instrument,86,bow,visual,15,5,25,0.200,0.600
a017784,nonliving,violin,violin,78,instrument,86,brown,visual,3,93,455,0.011,0.007
a017771,nonliving,violin,violin,78,instrument,86,classic,visual,7,32,66,0.031,0.106
a017783,nonliving,violin,violin,78,instrument,86,expensive,visual,3,37,114,0.027,0.026
a017782,nonliving,violin,violin,78,instrument,86,fret,interoceptive,3,2,11,0.500,0.273
a017775,nonliving,violin,violin,78,instrument,86,hollow,visual,4,48,161,0.021,0.025
a017774,nonliving,violin,violin,78,instrument,86,long,visual,5,128,1235,0.008,0.004
a017769,nonliving,violin,violin,78,instrument,86,loud,auditory,9,62,595,0.016,0.015
a017781,nonliving,violin,violin,78,instrument,86,melody,auditory,3,8,20,0.125,0.150
a017765,nonliving,violin,violin,78,instrument,86,music,auditory,28,15,301,0.067,0.093
a017773,nonliving,violin,violin,78,instrument,86,neck,visual,6,14,109,0.071,0.055
a017780,nonliving,violin,violin,78,instrument,86,orchestra,auditory,3,5,10,0.200,0.300
a017779,nonliving,violin,violin,78,instrument,86,play,visual,3,34,138,0.029,0.022
a017778,nonliving,violin,violin,78,instrument,86,pluck,visual,3,4,9,0.250,0.333
a017772,nonliving,violin,violin,78,instrument,86,small,visual,6,180,1681,0.006,0.004
a017777,nonliving,violin,violin,78,instrument,86,song,auditory,3,13,31,0.077,0.097
a017770,nonliving,violin,violin,78,instrument,86,sound,auditory,7,20,154,0.050,0.045
a017764,nonliving,violin,violin,78,instrument,86,string,visual,72,23,406,0.043,0.177
a017776,nonliving,violin,violin,78,instrument,86,tune,auditory,3,4,11,0.250,0.273
a017767,nonliving,violin,violin,78,instrument,86,wood,visual,21,68,807,0.015,0.026
a017766,nonliving,violin,violin,78,instrument,86,wooden,visual,23,53,810,0.019,0.028
a017857,nonliving,wagon,wagon,88,toy,66,axle,visual,3,4,10,0.250,0.300
a017852,nonliving,wagon,wagon,88,toy,66,carry,haptic,4,14,43,0.071,0.093
a017846,nonliving,wagon,wagon,88,toy,66,child,visual,9,17,47,0.059,0.191
a017856,nonliving,wagon,wagon,88,toy,66,fast,visual,3,86,614,0.012,0.005
a017844,nonliving,wagon,wagon,88,toy,66,fun,interoceptive,10,52,219,0.019,0.046
a017840,nonliving,wagon,wagon,88,toy,66,handle,haptic,45,65,1126,0.015,0.040
a017848,nonliving,wagon,wagon,88,toy,66,kid,visual,6,16,44,0.063,0.136
a017842,nonliving,wagon,wagon,88,toy,66,metal,visual,22,100,2252,0.010,0.010
a017851,nonliving,wagon,wagon,88,toy,66,mobile,visual,4,30,44,0.033,0.091
a017855,nonliving,wagon,wagon,88,toy,66,move,visual,3,54,121,0.019,0.025
a017854,nonliving,wagon,wagon,88,toy,66,play,visual,3,34,138,0.029,0.022
a017843,nonliving,wagon,wagon,88,toy,66,pull,haptic,12,13,29,0.077,0.414
a017847,nonliving,wagon,wagon,88,toy,66,rectangle,visual,6,46,215,0.022,0.028
a017841,nonliving,wagon,wagon,88,toy,66,red,visual,34,43,709,0.023,0.048
a017850,nonliving,wagon,wagon,88,toy,66,roll,visual,4,13,102,0.077,0.039
a017849,nonliving,wagon,wagon,88,toy,66,seat,haptic,4,15,187,0.067,0.021
a017845,nonliving,wagon,wagon,88,toy,66,small,visual,9,180,1681,0.006,0.005
a017853,nonliving,wagon,wagon,88,toy,66,toy,visual,3,9,14,0.111,0.214
a017839,nonliving,wagon,wagon,88,toy,66,wheel,visual,63,17,485,0.059,0.130
a017903,nonliving,watch,watch,100,accessory,49,band,auditory,24,15,78,0.067,0.308
a017922,nonliving,watch,watch,100,accessory,49,buckle,visual,3,6,76,0.167,0.039
a017909,nonliving,watch,watch,100,accessory,49,clock,visual,14,1,14,1.000,1.000
a017914,nonliving,watch,watch,100,accessory,49,dial,haptic,5,6,72,0.167,0.069
a017911,nonliving,watch,watch,100,accessory,49,face,visual,11,13,57,0.077,0.193
a017921,nonliving,watch,watch,100,accessory,49,fashion,visual,3,21,81,0.048,0.037
a017920,nonliving,watch,watch,100,accessory,49,glass,visual,3,22,473,0.045,0.006
a017904,nonliving,watch,watch,100,accessory,49,hand,visual,18,21,173,0.048,0.104
a017919,nonliving,watch,watch,100,accessory,49,hole,visual,3,29,163,0.034,0.018
a017908,nonliving,watch,watch,100,accessory,49,leather,visual,14,27,336,0.037,0.042
a017918,nonliving,watch,watch,100,accessory,49,metal,visual,3,100,2252,0.010,0.001
a017906,nonliving,watch,watch,100,accessory,49,number,visual,17,5,112,0.200,0.152
a017917,nonliving,watch,watch,100,accessory,49,round,visual,3,120,1208,0.008,0.002
a017910,nonliving,watch,watch,100,accessory,49,small,visual,12,180,1681,0.006,0.007
a017907,nonliving,watch,watch,100,accessory,49,strap,visual,15,12,139,0.083,0.108
a017916,nonliving,watch,watch,100,accessory,49,style,visual,3,27,95,0.037,0.032
a017915,nonliving,watch,watch,100,accessory,49,tick,visual,4,2,16,0.500,0.250
a017902,nonliving,watch,watch,100,accessory,49,time,interoceptive,42,9,83,0.111,0.506
a017912,nonliving,watch,watch,100,accessory,49,useful,visual,6,164,392,0.006,0.015
a017913,nonliving,watch,watch,100,accessory,49,wear,haptic,5,32,145,0.031,0.034
a017905,nonliving,watch,watch,100,accessory,49,wrist,visual,17,4,31,0.250,0.548
a018005,nonliving,watering_can,can,28,tool,36,container,visual,3,27,91,0.037,0.033
a017994,nonliving,watering_can,can,28,tool,36,flower,olfactory,7,8,35,0.125,0.200
a017991,nonliving,watering_can,can,28,tool,36,garden,visual,8,15,34,0.067,0.235
a017987,nonliving,watering_can,can,28,tool,36,handle,haptic,40,65,1126,0.015,0.036
a018004,nonliving,watering_can,can,28,tool,36,hard,haptic,3,139,560,0.007,0.005
a017993,nonliving,watering_can,can,28,tool,36,heavy,haptic,7,109,772,0.009,0.009
a018003,nonliving,watering_can,can,28,tool,36,hold,haptic,3,56,176,0.018,0.017
a017992,nonliving,watering_can,can,28,tool,36,hole,visual,7,29,163,0.034,0.043
a017997,nonliving,watering_can,can,28,tool,36,hollow,visual,6,48,161,0.021,0.037
a017988,nonliving,watering_can,can,28,tool,36,metal,visual,35,100,2252,0.010,0.016
a017990,nonliving,watering_can,can,28,tool,36,plant,visual,12,23,44,0.043,0.273
a017996,nonliving,watering_can,can,28,tool,36,plastic,visual,6,52,306,0.019,0.020
a017999,nonliving,watering_can,can,28,tool,36,pour,visual,5,7,43,0.143,0.116
a018001,nonliving,watering_can,can,28,tool,36,round,visual,4,120,1208,0.008,0.003
a018002,nonliving,watering_can,can,28,tool,36,smooth,haptic,3,166,381,0.006,0.008
a017989,nonliving,watering_can,can,28,tool,36,spout,visual,29,6,81,0.167,0.358
a017995,nonliving,watering_can,can,28,tool,36,sprinkle,visual,6,2,9,0.500,0.667
a017998,nonliving,watering_can,can,28,tool,36,useful,visual,5,164,392,0.006,0.013
a017986,nonliving,watering_can,can,28,tool,36,water,visual,52,45,322,0.022,0.161
a018000,nonliving,watering_can,can,28,tool,36,wet,haptic,4,33,97,0.030,0.041
a018065,living,watermelon,melon,90,fruit,84,big,visual,3,116,414,0.009,0.007
a018063,living,watermelon,melon,90,fruit,84,delicious,gustatory,4,24,54,0.042,0.074
a018064,living,watermelon,melon,90,fruit,84,edible,gustatory,3,33,109,0.030,0.028
a018062,living,watermelon,melon,90,fruit,84,flesh,haptic,4,32,117,0.031,0.034
a018057,living,watermelon,melon,90,fruit,84,fruit,gustatory,6,15,51,0.067,0.118
a018054,living,watermelon,melon,90,fruit,84,green,visual,13,37,826,0.027,0.016
a018060,living,watermelon,melon,90,fruit,84,heavy,haptic,5,109,772,0.009,0.006
a018051,living,watermelon,melon,90,fruit,84,juicy,gustatory,43,21,370,0.048,0.116
a012995,living,pumpkin,pumpkin,100,vegetable,49,orange,visual,80,21,269,0.048,0.297
a018056,living,watermelon,melon,90,fruit,84,pink,visual,9,23,104,0.043,0.087
a018053,living,watermelon,melon,90,fruit,84,red,visual,42,43,709,0.023,0.059
a018059,living,watermelon,melon,90,fruit,84,rind,visual,5,5,13,0.200,0.385
a018050,living,watermelon,melon,90,fruit,84,seed,visual,51,16,188,0.063,0.271
a018061,living,watermelon,melon,90,fruit,84,summer,visual,4,15,20,0.067,0.200
a018052,living,watermelon,melon,90,fruit,84,sweet,gustatory,42,31,568,0.032,0.074
a018055,living,watermelon,melon,90,fruit,84,taste,gustatory,11,43,319,0.023,0.034
a018058,living,watermelon,melon,90,fruit,84,water,visual,5,45,322,0.022,0.016
a018113,nonliving,well,well,100,structure,15,brick,visual,9,4,26,0.250,0.346
a018107,nonliving,well,well,100,structure,15,bucket,visual,36,4,40,0.250,0.900
a018123,nonliving,well,well,100,structure,15,cold,haptic,3,50,240,0.020,0.013
a018122,nonliving,well,well,100,structure,15,dark,visual,3,18,28,0.056,0.107
a018108,nonliving,well,well,100,structure,15,deep,visual,28,19,74,0.053,0.378
a018120,nonliving,well,well,100,structure,15,drink,gustatory,4,17,102,0.059,0.039
a018115,nonliving,well,well,100,structure,15,handle,haptic,7,65,1126,0.015,0.006
a018119,nonliving,well,well,100,structure,15,large,visual,4,122,864,0.008,0.005
a018117,nonliving,well,well,100,structure,15,old,visual,5,65,179,0.015,0.028
a018112,nonliving,well,well,100,structure,15,pail,visual,10,3,12,0.333,0.833
a018116,nonliving,well,well,100,structure,15,roof,visual,6,5,46,0.200,0.130
a018110,nonliving,well,well,100,structure,15,rope,visual,17,6,39,0.167,0.436
a018118,nonliving,well,well,100,structure,15,round,visual,4,120,1208,0.008,0.003
a018109,nonliving,well,well,100,structure,15,stone,visual,20,6,36,0.167,0.556
a018121,nonliving,well,well,100,structure,15,useful,visual,3,164,392,0.006,0.008
a018106,nonliving,well,well,100,structure,15,water,visual,56,45,322,0.022,0.174
a018111,nonliving,well,well,100,structure,15,wet,haptic,11,33,97,0.030,0.113
a018114,nonliving,well,well,100,structure,15,wish,auditory,7,3,10,0.333,0.700
a018192,nonliving,wheel,wheel,100,transport,33,axle,visual,4,4,10,0.250,0.400
a018187,nonliving,wheel,wheel,100,transport,33,circle,visual,6,39,64,0.026,0.094
a018185,nonliving,wheel,wheel,100,transport,33,circular,visual,7,29,57,0.034,0.123
a018199,nonliving,wheel,wheel,100,transport,33,fast,visual,3,86,614,0.012,0.005
a018198,nonliving,wheel,wheel,100,transport,33,hard,haptic,3,139,560,0.007,0.005
a018188,nonliving,wheel,wheel,100,transport,33,move,visual,5,54,121,0.019,0.041
a018197,nonliving,wheel,wheel,100,transport,33,old,visual,3,65,179,0.015,0.017
a018196,nonliving,wheel,wheel,100,transport,33,rigid,haptic,3,40,47,0.025,0.064
a018184,nonliving,wheel,wheel,100,transport,33,roll,visual,17,13,102,0.077,0.167
a018195,nonliving,wheel,wheel,100,transport,33,rotate,visual,3,12,29,0.083,0.103
a018180,nonliving,wheel,wheel,100,transport,33,round,visual,68,120,1208,0.008,0.056
a018194,nonliving,wheel,wheel,100,transport,33,spin,visual,3,14,132,0.071,0.023
a018181,nonliving,wheel,wheel,100,transport,33,spoke,auditory,46,6,57,0.167,0.807
a018191,nonliving,wheel,wheel,100,transport,33,transport,visual,4,21,69,0.048,0.058
a018190,nonliving,wheel,wheel,100,transport,33,turn,visual,4,16,87,0.063,0.046
a018189,nonliving,wheel,wheel,100,transport,33,useful,visual,4,164,392,0.006,0.010
a018193,nonliving,wheel,wheel,100,transport,33,vehicle,visual,3,7,11,0.143,0.273
a018186,nonliving,wheel,wheel,100,transport,33,wagon,visual,6,1,6,1.000,1.000
a018183,nonliving,wheel,wheel,100,transport,33,wood,visual,23,68,807,0.015,0.029
a018182,nonliving,wheel,wheel,100,transport,33,wooden,visual,39,53,810,0.019,0.048
a018251,nonliving,whistle,whistle,100,tool,27,air,haptic,4,20,67,0.050,0.060
a018262,nonliving,whistle,whistle,100,tool,27,alert,auditory,3,4,8,0.250,0.375
a018261,nonliving,whistle,whistle,100,tool,27,annoy,auditory,3,20,55,0.050,0.055
a018245,nonliving,whistle,whistle,100,tool,27,attention,visual,5,3,7,0.333,0.714
a018244,nonliving,whistle,whistle,100,tool,27,ball,visual,5,8,43,0.125,0.116
a018239,nonliving,whistle,whistle,100,tool,27,blow,visual,16,6,50,0.167,0.320
a018250,nonliving,whistle,whistle,100,tool,27,fun,interoceptive,4,52,219,0.019,0.018
a018260,nonliving,whistle,whistle,100,tool,27,game,visual,3,13,30,0.077,0.100
a018243,nonliving,whistle,whistle,100,tool,27,hole,visual,6,29,163,0.034,0.037
a018259,nonliving,whistle,whistle,100,tool,27,hollow,visual,3,48,161,0.021,0.019
a018235,nonliving,whistle,whistle,100,tool,27,loud,auditory,60,62,595,0.016,0.101
a018236,nonliving,whistle,whistle,100,tool,27,metal,visual,42,100,2252,0.010,0.019
a018258,nonliving,whistle,whistle,100,tool,27,mouth,visual,3,18,37,0.056,0.081
a018249,nonliving,whistle,whistle,100,tool,27,mouthpiece,visual,4,9,37,0.111,0.108
a018241,nonliving,whistle,whistle,100,tool,27,noise,auditory,10,53,121,0.019,0.083
a018248,nonliving,whistle,whistle,100,tool,27,plastic,visual,4,52,306,0.019,0.013
a018247,nonliving,whistle,whistle,100,tool,27,referee,visual,4,1,4,1.000,1.000
a018257,nonliving,whistle,whistle,100,tool,27,round,visual,3,120,1208,0.008,0.002
a018256,nonliving,whistle,whistle,100,tool,27,sharp,haptic,3,50,599,0.020,0.005
a018240,nonliving,whistle,whistle,100,tool,27,shrill,auditory,11,1,11,1.000,1.000
a018242,nonliving,whistle,whistle,100,tool,27,silver,visual,7,38,128,0.026,0.055
a018237,nonliving,whistle,whistle,100,tool,27,small,visual,27,180,1681,0.006,0.016
a018238,nonliving,whistle,whistle,100,tool,27,sound,auditory,17,20,154,0.050,0.110
a018246,nonliving,whistle,whistle,100,tool,27,sport,visual,4,17,45,0.059,0.089
a018255,nonliving,whistle,whistle,100,tool,27,tiny,visual,3,24,71,0.042,0.042
a018254,nonliving,whistle,whistle,100,tool,27,tweet,visual,3,2,8,0.500,0.375
a018253,nonliving,whistle,whistle,100,tool,27,useful,visual,3,164,392,0.006,0.008
a018252,nonliving,whistle,whistle,100,tool,27,wind,haptic,3,17,99,0.059,0.030
a018324,nonliving,windmill,mill,97,building,40,air,haptic,3,20,67,0.050,0.045
a018315,nonliving,windmill,mill,97,building,40,arm,haptic,4,17,49,0.059,0.082
a018307,nonliving,windmill,mill,97,building,40,big,visual,5,116,414,0.009,0.012
a018298,nonliving,windmill,mill,97,building,40,blade,visual,24,11,129,0.091,0.186
a018306,nonliving,windmill,mill,97,building,40,brick,visual,6,4,26,0.250,0.231
a018323,nonliving,windmill,mill,97,building,40,building,visual,3,10,13,0.100,0.231
a018322,nonliving,windmill,mill,97,building,40,dutch,NA,3,1,3,1.000,1.000
a018305,nonliving,windmill,mill,97,building,40,electric,haptic,8,17,215,0.059,0.037
a018301,nonliving,windmill,mill,97,building,40,energy,interoceptive,12,7,21,0.143,0.571
a018314,nonliving,windmill,mill,97,building,40,farm,visual,4,14,82,0.071,0.049
a018321,nonliving,windmill,mill,97,building,40,fast,visual,3,86,614,0.012,0.005
a018313,nonliving,windmill,mill,97,building,40,grain,visual,4,6,14,0.167,0.286
a018320,nonliving,windmill,mill,97,building,40,heavy,haptic,3,109,772,0.009,0.004
a018312,nonliving,windmill,mill,97,building,40,huge,visual,4,18,53,0.056,0.075
a018297,nonliving,windmill,mill,97,building,40,large,visual,25,122,864,0.008,0.029
a018319,nonliving,windmill,mill,97,building,40,mechanic,visual,3,22,45,0.045,0.067
a018311,nonliving,windmill,mill,97,building,40,mill,visual,4,2,5,0.500,0.800
a018318,nonliving,windmill,mill,97,building,40,old,visual,3,65,179,0.015,0.017
a018302,nonliving,windmill,mill,97,building,40,power,visual,10,35,110,0.029,0.091
a018304,nonliving,windmill,mill,97,building,40,rotate,visual,7,12,29,0.083,0.241
a018299,nonliving,windmill,mill,97,building,40,spin,visual,15,14,132,0.071,0.114
a018310,nonliving,windmill,mill,97,building,40,stone,visual,4,6,36,0.167,0.111
a018300,nonliving,windmill,mill,97,building,40,tall,visual,12,52,402,0.019,0.030
a018317,nonliving,windmill,mill,97,building,40,turbine,auditory,3,2,4,0.500,0.750
a018309,nonliving,windmill,mill,97,building,40,turn,visual,4,16,87,0.063,0.046
a018316,nonliving,windmill,mill,97,building,40,useful,visual,3,164,392,0.006,0.008
a018308,nonliving,windmill,mill,97,building,40,water,visual,4,45,322,0.022,0.012
a018296,nonliving,windmill,mill,97,building,40,wind,haptic,32,17,99,0.059,0.323
a018303,nonliving,windmill,mill,97,building,40,wood,visual,7,68,807,0.015,0.009
a018407,nonliving,window,window,98,house,28,break,visual,4,25,77,0.040,0.052
a018411,nonliving,window,window,98,house,28,breeze,haptic,3,4,6,0.250,0.500
a018397,nonliving,window,window,98,house,28,clear,visual,11,23,133,0.043,0.083
a018404,nonliving,window,window,98,house,28,close,visual,5,31,83,0.032,0.060
a018394,nonliving,window,window,98,house,28,frame,visual,16,12,68,0.083,0.235
a018391,nonliving,window,window,98,house,28,glass,visual,75,22,473,0.045,0.159
a018401,nonliving,window,window,98,house,28,handle,haptic,6,65,1126,0.015,0.005
a018406,nonliving,window,window,98,house,28,light,visual,4,114,518,0.009,0.008
a018398,nonliving,window,window,98,house,28,lock,visual,9,13,94,0.077,0.096
a018410,nonliving,window,window,98,house,28,move,visual,3,54,121,0.019,0.025
a018392,nonliving,window,window,98,house,28,open,visual,22,55,181,0.018,0.122
a018393,nonliving,window,window,98,house,28,pane,visual,17,2,18,0.500,0.944
a018403,nonliving,window,window,98,house,28,rectangle,visual,5,46,215,0.022,0.023
a018409,nonliving,window,window,98,house,28,see,visual,3,5,32,0.200,0.094
a018400,nonliving,window,window,98,house,28,sill,visual,7,1,7,1.000,1.000
a018408,nonliving,window,window,98,house,28,slide,visual,3,4,21,0.250,0.143
a018402,nonliving,window,window,98,house,28,square,visual,5,29,127,0.034,0.039
a018396,nonliving,window,window,98,house,28,transparent,visual,11,8,44,0.125,0.250
a018405,nonliving,window,window,98,house,28,view,visual,4,2,5,0.500,0.800
a018395,nonliving,window,window,98,house,28,wood,visual,13,68,807,0.015,0.016
a018399,nonliving,window,window,98,house,28,wooden,visual,8,53,810,0.019,0.010
a018474,nonliving,wineglass,glass,85,glass,26,base,visual,6,24,40,0.042,0.150
a018471,nonliving,wineglass,glass,85,glass,26,break,visual,11,25,77,0.040,0.143
a018466,nonliving,wineglass,glass,85,glass,26,clear,visual,27,23,133,0.043,0.203
a018485,nonliving,wineglass,glass,85,glass,26,container,visual,3,27,91,0.037,0.033
a018473,nonliving,wineglass,glass,85,glass,26,delicate,haptic,6,39,85,0.026,0.071
a018468,nonliving,wineglass,glass,85,glass,26,drink,gustatory,19,17,102,0.059,0.186
a018477,nonliving,wineglass,glass,85,glass,26,fancy,visual,5,27,60,0.037,0.083
a018470,nonliving,wineglass,glass,85,glass,26,fragile,haptic,13,38,143,0.026,0.091
a018464,nonliving,wineglass,glass,85,glass,26,glass,visual,40,22,473,0.045,0.085
a018476,nonliving,wineglass,glass,85,glass,26,hold,haptic,5,56,176,0.018,0.028
a018483,nonliving,wineglass,glass,85,glass,26,hollow,visual,4,48,161,0.021,0.025
a018475,nonliving,wineglass,glass,85,glass,26,light,visual,5,114,518,0.009,0.010
a018472,nonliving,wineglass,glass,85,glass,26,liquid,visual,6,10,54,0.100,0.111
a018484,nonliving,wineglass,glass,85,glass,26,party,visual,3,5,11,0.200,0.273
a018469,nonliving,wineglass,glass,85,glass,26,round,visual,13,120,1208,0.008,0.011
a018482,nonliving,wineglass,glass,85,glass,26,shine,visual,4,65,197,0.015,0.020
a018481,nonliving,wineglass,glass,85,glass,26,small,visual,4,180,1681,0.006,0.002
a018480,nonliving,wineglass,glass,85,glass,26,smooth,haptic,4,166,381,0.006,0.010
a018467,nonliving,wineglass,glass,85,glass,26,stem,visual,25,31,270,0.032,0.093
a018479,nonliving,wineglass,glass,85,glass,26,transparent,visual,4,8,44,0.125,0.091
a018478,nonliving,wineglass,glass,85,glass,26,water,visual,4,45,322,0.022,0.012
a018465,nonliving,wineglass,glass,85,glass,26,wine,gustatory,27,7,60,0.143,0.450
a018543,nonliving,wrench,wrench,98,tool,97,bolt,visual,10,3,23,0.333,0.435
a018549,nonliving,wrench,wrench,98,tool,97,cold,haptic,5,50,240,0.020,0.021
a018552,nonliving,wrench,wrench,98,tool,97,durable,visual,4,28,35,0.036,0.114
a018548,nonliving,wrench,wrench,98,tool,97,flat,visual,5,67,308,0.015,0.016
a018542,nonliving,wrench,wrench,98,tool,97,handle,haptic,10,65,1126,0.015,0.009
a018557,nonliving,wrench,wrench,98,tool,97,handy,visual,3,25,37,0.040,0.081
a018537,nonliving,wrench,wrench,98,tool,97,hard,haptic,15,139,560,0.007,0.027
a018539,nonliving,wrench,wrench,98,tool,97,heavy,haptic,12,109,772,0.009,0.016
a018538,nonliving,wrench,wrench,98,tool,97,long,visual,12,128,1235,0.008,0.010
a018547,nonliving,wrench,wrench,98,tool,97,loose,haptic,5,14,26,0.071,0.192
a018535,nonliving,wrench,wrench,98,tool,97,metal,visual,68,100,2252,0.010,0.030
a018556,nonliving,wrench,wrench,98,tool,97,nut,gustatory,3,6,45,0.167,0.067
a018546,nonliving,wrench,wrench,98,tool,97,open,visual,5,55,181,0.018,0.028
a018555,nonliving,wrench,wrench,98,tool,97,shine,visual,3,65,197,0.015,0.015
a018551,nonliving,wrench,wrench,98,tool,97,silver,visual,4,38,128,0.026,0.031
a018550,nonliving,wrench,wrench,98,tool,97,size,visual,4,10,13,0.100,0.308
a018540,nonliving,wrench,wrench,98,tool,97,small,visual,11,180,1681,0.006,0.007
a018545,nonliving,wrench,wrench,98,tool,97,steel,visual,5,36,72,0.028,0.069
a018554,nonliving,wrench,wrench,98,tool,97,strong,visual,3,72,310,0.014,0.010
a018553,nonliving,wrench,wrench,98,tool,97,thin,visual,3,71,281,0.014,0.011
a018536,nonliving,wrench,wrench,98,tool,97,tight,haptic,20,29,100,0.034,0.200
a018541,nonliving,wrench,wrench,98,tool,97,turn,visual,10,16,87,0.063,0.115
a018544,nonliving,wrench,wrench,98,tool,97,useful,visual,6,164,392,0.006,0.015
a018628,living,zebra,zebra,100,animal,89,africa,NA,7,10,41,0.111,0.171
a018632,living,zebra,zebra,100,animal,89,big,visual,4,116,414,0.009,0.010
a018621,living,zebra,zebra,100,animal,89,black,visual,23,58,247,0.017,0.093
a018635,living,zebra,zebra,100,animal,89,equine,NA,3,3,7,0.333,0.429
a018623,living,zebra,zebra,100,animal,89,fast,visual,15,86,614,0.012,0.024
a018631,living,zebra,zebra,100,animal,89,fur,visual,4,40,580,0.025,0.007
a018634,living,zebra,zebra,100,animal,89,hair,visual,3,44,238,0.023,0.013
a018620,living,zebra,zebra,100,animal,89,hoof,visual,29,10,175,0.100,0.166
a018626,living,zebra,zebra,100,animal,89,horse,visual,11,5,23,0.200,0.478
a018629,living,zebra,zebra,100,animal,89,large,visual,5,122,864,0.008,0.006
a018627,living,zebra,zebra,100,animal,89,leg,visual,7,65,662,0.015,0.011
a018625,living,zebra,zebra,100,animal,89,mane,visual,11,5,101,0.200,0.109
a018619,living,zebra,zebra,100,animal,89,stripe,visual,87,16,271,0.063,0.321
a018624,living,zebra,zebra,100,animal,89,tail,visual,11,41,643,0.024,0.017
a018633,living,zebra,zebra,100,animal,89,tall,visual,3,52,402,0.019,0.007
a018622,living,zebra,zebra,100,animal,89,white,visual,22,74,534,0.014,0.041
a018630,living,zebra,zebra,100,animal,89,wild,visual,4,23,67,0.043,0.060